,labels,time,vleft,vright,vw,vx
0,False,0.0,4.881,5.0725,0.029515,0.17419
1,False,0.005,5.0349,4.8936,-0.021782,0.17375
2,False,0.01,4.9298,4.911,-0.0029004,0.17221
3,False,0.015,4.7634,4.8277,0.0099124,0.16784
4,False,0.02,5.0002,4.9438,-0.0086926,0.17402
5,False,0.025,5.1635,5.1979,0.0052977,0.18132
6,False,0.03,4.8795,5.1939,0.048475,0.17628
7,False,0.035,4.7729,4.9468,0.026807,0.1701
8,False,0.04,4.8732,5.0877,0.033072,0.17432
9,False,0.045,5.0804,4.8761,-0.031494,0.17424
10,False,0.05,4.9147,5.225,0.047842,0.17744
11,True,0.055,5.2269,5.0623,-0.025378,0.18006
12,False,0.06,4.7565,4.8535,0.014952,0.16817
13,False,0.065,5.109,4.8048,-0.046904,0.17349
14,False,0.07,4.9456,5.0329,0.01347,0.17462
15,False,0.075,4.7668,4.8872,0.018566,0.16894
16,False,0.08,4.953,4.7856,-0.025814,0.17043
17,False,0.085,5.1082,4.8292,-0.043007,0.1739
18,False,0.09,5.2107,4.7748,-0.06721,0.17474
19,False,0.095,5.242,5.0904,-0.023369,0.18082
20,False,0.1,5.2417,5.1409,-0.015547,0.1817
21,False,0.105,5.1982,5.1537,-0.0068567,0.18116
22,False,0.11,5.1829,4.8825,-0.046306,0.17614
23,False,0.115,5.1505,5.1979,0.007319,0.1811
24,False,0.12,5.0275,5.054,0.0040865,0.17643
25,False,0.125,4.9594,4.7572,-0.031182,0.17004
26,False,0.13,4.8136,4.922,0.016722,0.17037
27,False,0.135,5.0773,5.0168,-0.0093248,0.17665
28,False,0.14,5.182,5.0639,-0.018209,0.1793
29,False,0.145,4.8873,4.9734,0.013271,0.17256
30,False,0.15,5.1701,5.1556,-0.0022402,0.1807
31,False,0.155,4.7854,4.8224,0.0057105,0.16814
32,False,0.16,4.9394,5.2374,0.04595,0.17809
33,False,0.165,4.8841,5.1669,0.043603,0.17589
34,False,0.17,4.8265,4.9201,0.01443,0.17056
35,False,0.175,5.0655,5.0581,-0.0011379,0.17716
36,False,0.18,4.9082,4.9019,-0.0009728,0.17168
37,False,0.185,5.2296,4.7946,-0.067062,0.17542
38,False,0.19,4.9993,5.0108,0.0017617,0.17518
39,False,0.195,5.1193,5.1626,0.0066826,0.17993
40,False,0.2,4.7564,5.132,0.05791,0.17305
41,False,0.205,5.0527,5.2238,0.026388,0.17984
42,False,0.21,5.0382,4.9168,-0.018726,0.17421
43,False,0.215,5.1537,4.9449,-0.032197,0.17672
44,False,0.22,5.0775,4.8252,-0.038897,0.1733
45,False,0.225,5.1891,4.9169,-0.041979,0.17685
46,False,0.23,5.2012,5.0268,-0.026882,0.17899
47,False,0.235,4.8261,5.0251,0.030688,0.1724
48,False,0.24,4.8463,4.8302,-0.0024792,0.16934
49,False,0.245,5.1455,4.8085,-0.051952,0.1742
50,False,0.25,4.7804,4.9493,0.026045,0.17027
51,False,0.255,4.9449,5.1657,0.034041,0.17694
52,False,0.26,4.9,4.8425,-0.0088629,0.17049
53,False,0.265,5.1171,5.0004,-0.017993,0.17706
54,False,0.27,4.8021,4.8132,0.0017041,0.16827
55,False,0.275,5.1463,5.1823,0.0055547,0.18075
56,False,0.28,5.1414,5.1333,-0.0012399,0.17981
57,False,0.285,5.0162,5.0322,0.0024636,0.17585
58,False,0.29,4.8767,4.9448,0.010501,0.17188
59,False,0.295,4.7855,4.9951,0.032316,0.17116
60,False,0.3,5.0629,5.1935,0.020129,0.17949
61,False,0.305,4.7623,5.2025,0.06787,0.17439
62,False,0.31,4.781,4.9992,0.033639,0.17115
63,False,0.315,4.8148,5.0146,0.030807,0.17201
64,False,0.32,4.9753,5.2049,0.035392,0.17815
65,False,0.325,5.0862,5.0393,-0.0072265,0.1772
66,False,0.33,5.1781,5.1379,-0.0061925,0.18053
67,False,0.335,4.9992,5.0807,0.012562,0.1764
68,False,0.34,4.7744,4.9848,0.032446,0.17079
69,False,0.345,4.9069,4.8599,-0.0072517,0.17092
70,False,0.35,5.0708,5.0513,-0.0030098,0.17714
71,False,0.355,5.1432,4.8421,-0.04642,0.17474
72,False,0.36,4.8946,4.8488,-0.0070648,0.17051
73,False,0.365,4.9989,5.181,0.028071,0.17815
74,False,0.37,5.1592,4.8128,-0.053409,0.17451
75,False,0.375,5.0476,5.0728,0.0038895,0.17711
76,False,0.38,5.0182,4.9687,-0.0076404,0.17477
77,False,0.385,4.9154,5.0563,0.021719,0.17451
78,False,0.39,4.9558,5.1187,0.025116,0.17631
79,False,0.395,5.147,4.9016,-0.037831,0.17585
80,False,0.4,4.9216,4.7715,-0.023146,0.16963
81,False,0.405,4.9813,5.1678,0.028748,0.17761
82,False,0.41,4.9339,4.9347,0.00011444,0.1727
83,False,0.415,5.0898,5.0807,-0.0014055,0.17798
84,False,0.42,5.0339,5.1979,0.025282,0.17906
85,False,0.425,5.0759,4.887,-0.029116,0.17435
86,False,0.43,4.9956,5.2489,0.039069,0.17928
87,False,0.435,4.9492,5.1672,0.033604,0.17704
88,False,0.44,4.9887,5.1457,0.024196,0.17735
89,False,0.445,4.7833,5.0783,0.045487,0.17258
90,False,0.45,4.9555,5.0218,0.010226,0.1746
91,False,0.455,5.2345,4.9433,-0.044899,0.17811
92,False,0.46,5.1404,5.1611,0.0032002,0.18028
93,False,0.465,5.1145,5.0477,-0.010306,0.17784
94,False,0.47,5.1328,5.1408,0.0012328,0.17979
95,False,0.475,5.1283,5.2438,0.017816,0.18151
96,False,0.48,5.1716,5.1441,-0.0042414,0.18053
97,False,0.485,5.1351,5.1765,0.0063805,0.18045
98,False,0.49,5.2393,4.9928,-0.03801,0.17906
99,False,0.495,4.8057,5.1869,0.058775,0.17487
100,False,0.5,4.948,4.9169,-0.0047975,0.17264
101,False,0.505,4.996,4.8527,-0.022106,0.17235
102,False,0.51,4.879,4.9972,0.018214,0.17283
103,False,0.515,4.7685,4.7656,-0.00044384,0.16685
104,False,0.52,5.2372,5.1638,-0.011318,0.18202
105,False,0.525,5.1132,4.8821,-0.03563,0.17492
106,False,0.53,4.824,5.0887,0.040823,0.17347
107,False,0.535,4.8239,5.1469,0.049799,0.17449
108,False,0.54,5.1024,5.0909,-0.0017716,0.17838
109,False,0.545,4.9405,5.0754,0.020797,0.17528
110,False,0.55,4.7882,4.8687,0.012407,0.169
111,False,0.555,4.9554,4.9887,0.0051315,0.17402
112,False,0.56,4.8215,5.2182,0.061167,0.17569
113,False,0.565,5.1495,4.8706,-0.043003,0.17535
114,False,0.57,5.2151,4.8546,-0.055594,0.17622
115,False,0.575,4.7524,4.8862,0.020642,0.16868
116,False,0.58,5.075,5.1379,0.0096965,0.17873
117,False,0.585,5.0893,4.9157,-0.02676,0.17509
118,False,0.59,4.8768,5.0515,0.02694,0.17375
119,False,0.595,5.1716,4.842,-0.050817,0.17524
120,False,0.6,4.897,4.7937,-0.01592,0.16959
121,False,0.605,4.7634,4.9045,0.021744,0.16919
122,False,0.61,4.7967,4.8654,0.010606,0.16909
123,False,0.615,5.1489,5.2046,0.0085806,0.18119
124,False,0.62,5.1057,5.2184,0.017383,0.18067
125,False,0.625,5.1417,4.7659,-0.057937,0.17338
126,False,0.63,5.062,5.0468,-0.002334,0.1769
127,False,0.635,5.1627,4.7719,-0.060255,0.17386
128,False,0.64,4.7675,4.9625,0.030057,0.17027
129,False,0.645,4.9527,5.0108,0.0089509,0.17436
130,False,0.65,4.8748,5.1702,0.045536,0.17579
131,False,0.655,4.9904,5.0625,0.011112,0.17593
132,False,0.66,5.1904,4.8776,-0.048232,0.17619
133,False,0.665,4.8903,5.2023,0.048106,0.17662
134,False,0.67,5.0496,5.1337,0.012964,0.17821
135,False,0.675,4.7631,5.0313,0.041355,0.1714
136,False,0.68,4.8276,5.1986,0.057199,0.17546
137,False,0.685,5.167,4.934,-0.035912,0.17677
138,False,0.69,4.8474,4.9189,0.011012,0.17091
139,False,0.695,5.1649,5.0594,-0.016261,0.17893
140,False,0.7,4.919,4.7934,-0.019364,0.16997
141,False,0.705,5.0856,4.9377,-0.02279,0.17541
142,False,0.71,4.7762,4.8437,0.010409,0.16835
143,False,0.715,5.1172,5.1553,0.0058758,0.17977
144,False,0.72,4.9997,5.1116,0.017251,0.17695
145,False,0.725,5.2216,5.0873,-0.020709,0.18041
146,False,0.73,4.8949,5.207,0.048122,0.17678
147,False,0.735,4.9383,5.1605,0.03426,0.17673
148,True,0.74,4.411,5.0244,0.094567,0.16512
149,False,0.745,5.2324,4.7578,-0.073185,0.17483
150,False,0.75,4.9663,4.7973,-0.026044,0.17086
151,False,0.755,4.7923,5.0074,0.033165,0.17149
152,False,0.76,5.1083,5.2262,0.018179,0.18086
153,False,0.765,5.0034,5.1715,0.025924,0.17806
154,False,0.77,4.914,5.2175,0.046789,0.1773
155,False,0.775,5.1268,5.2367,0.016952,0.18136
156,False,0.78,5.168,4.9363,-0.035731,0.17682
157,False,0.785,4.8769,4.9105,0.0051794,0.17128
158,False,0.79,5.0172,5.1416,0.019182,0.17778
159,False,0.795,4.9676,4.8561,-0.017187,0.17191
160,False,0.8,4.8289,5.2296,0.061786,0.17602
161,False,0.805,5.0502,5.2151,0.025421,0.17964
162,False,0.81,5.2187,4.9329,-0.044075,0.17765
163,False,0.815,4.8039,4.9225,0.018283,0.17021
164,False,0.82,5.2,5.0963,-0.015981,0.18019
165,False,0.825,5.0252,5.1083,0.012808,0.17734
166,False,0.83,4.9637,5.1502,0.028754,0.17699
167,False,0.835,4.8262,5.0468,0.03402,0.17278
168,False,0.84,4.8738,4.7986,-0.011592,0.16927
169,False,0.845,4.9737,5.0298,0.0086452,0.17506
170,False,0.85,5.0164,4.7715,-0.037752,0.17129
171,False,0.855,4.9273,5.1288,0.031067,0.17598
172,False,0.86,5.1366,5.0798,-0.0087475,0.17879
173,False,0.865,5.1908,5.0497,-0.021757,0.17921
174,False,0.87,5.117,4.8635,-0.039093,0.17466
175,False,0.875,4.9532,5.1069,0.023689,0.17605
176,False,0.88,5.0521,5.1123,0.0092761,0.17788
177,False,0.885,5.0706,4.9221,-0.022888,0.17487
178,False,0.89,4.8137,4.7664,-0.0073019,0.16765
179,False,0.895,4.9981,5.1718,0.026784,0.17797
180,False,0.9,4.9052,5.1352,0.03545,0.17571
181,False,0.905,5.0393,5.0048,-0.0053138,0.17577
182,False,0.91,5.2218,5.1035,-0.018244,0.18069
183,False,0.915,4.9635,5.1456,0.02808,0.17691
184,False,0.92,4.7666,4.9153,0.022938,0.16943
185,False,0.925,5.2147,5.2068,-0.0012149,0.18238
186,False,0.93,5.2125,5.0384,-0.02685,0.17939
187,False,0.935,4.9292,4.894,-0.0054271,0.1719
188,False,0.94,4.88,4.8834,0.00053007,0.17086
189,False,0.945,5.1434,5.1951,0.0079651,0.18092
190,False,0.95,5.0058,4.9331,-0.011215,0.17393
191,False,0.955,5.0313,4.825,-0.031802,0.17248
192,False,0.96,5.0924,5.2232,0.020162,0.18052
193,False,0.965,4.7962,5.0754,0.043051,0.17275
194,False,0.97,5.1863,5.2411,0.0084521,0.18248
195,False,0.975,5.2215,4.8469,-0.05775,0.1762
196,False,0.98,4.7983,5.1644,0.056443,0.17435
197,False,0.985,5.1729,4.9969,-0.027143,0.17797
198,False,0.99,5.2047,5.0454,-0.024563,0.17938
199,False,0.995,4.7557,4.7724,0.0025864,0.16674
200,False,1.0,5.0118,5.0322,0.0031435,0.17577
201,False,1.005,5.0752,5.0668,-0.0012952,0.17748
202,False,1.01,4.9426,4.999,0.0087079,0.17398
203,False,1.015,5.0747,4.7798,-0.04546,0.17245
204,False,1.02,5.1314,5.0076,-0.019095,0.17743
205,False,1.025,5.0378,4.7766,-0.04028,0.17175
206,False,1.03,5.066,5.1718,0.016321,0.17916
207,False,1.035,4.8891,5.0473,0.024397,0.17389
208,False,1.04,5.1699,5.0955,-0.011473,0.17964
209,False,1.045,4.9634,5.0736,0.016991,0.17565
210,False,1.05,5.0658,5.0617,-0.00063081,0.17723
211,False,1.055,5.1667,5.2269,0.0092813,0.18189
212,False,1.06,4.8851,4.8385,-0.0071882,0.17016
213,False,1.065,4.9504,4.9875,0.0057129,0.17391
214,False,1.07,5.0271,5.1712,0.022214,0.17847
215,False,1.075,4.9719,4.9985,0.0040935,0.17448
216,False,1.08,4.7952,5.1312,0.051808,0.17371
217,False,1.085,5.1222,4.8399,-0.043519,0.17434
218,False,1.09,4.7663,5.0958,0.050804,0.17259
219,False,1.095,4.9649,5.2072,0.037365,0.17801
220,False,1.1,4.7686,4.8313,0.009667,0.168
221,False,1.105,5.2379,4.964,-0.042224,0.17853
222,False,1.11,5.0112,4.7709,-0.037042,0.17119
223,False,1.115,5.2048,4.8629,-0.052722,0.17618
224,False,1.12,4.9416,5.0831,0.02181,0.17543
225,False,1.125,5.1922,5.1857,-0.0010105,0.18161
226,False,1.13,4.8775,4.9224,0.006916,0.1715
227,False,1.135,5.2045,4.7636,-0.06798,0.17444
228,False,1.14,5.1973,5.2026,0.0008266,0.182
229,False,1.145,4.9493,4.9855,0.0055927,0.17386
230,False,1.15,5.0625,5.2052,0.022006,0.17969
231,False,1.155,5.0338,4.914,-0.018473,0.17409
232,False,1.16,5.1973,5.0956,-0.015681,0.18012
233,False,1.165,4.8571,4.7587,-0.015165,0.16828
234,False,1.17,4.7519,5.0062,0.039201,0.17077
235,False,1.175,5.1903,4.9159,-0.042306,0.17686
236,False,1.18,4.8676,4.9181,0.0077856,0.17125
237,True,1.185,4.8724,8.2654,0.52314,0.22991
238,False,1.19,5.0705,5.1253,0.0084484,0.17842
239,False,1.195,4.9023,4.917,0.0022665,0.17184
240,False,1.2,5.1628,5.0664,-0.014863,0.17901
241,False,1.205,5.1918,4.9578,-0.03609,0.17762
242,False,1.21,5.2227,5.0382,-0.028437,0.17957
243,False,1.215,4.9454,5.2298,0.043843,0.17807
244,False,1.22,5.1507,5.0579,-0.014298,0.17865
245,False,1.225,4.8286,4.8253,-0.00050383,0.16894
246,False,1.23,5.0626,5.1691,0.016429,0.17906
247,False,1.235,5.0995,5.1131,0.0020954,0.17872
248,False,1.24,4.7929,4.8044,0.0017714,0.16795
249,False,1.245,5.0156,4.8307,-0.028511,0.17231
250,False,1.25,5.1943,4.8985,-0.045605,0.17662
251,False,1.255,4.8818,4.9618,0.012328,0.17226
252,False,1.26,4.8674,5.0142,0.022637,0.17293
253,False,1.265,5.1698,4.8875,-0.043523,0.176
254,False,1.27,4.9978,5.164,0.025627,0.17783
255,False,1.275,4.8262,5.1464,0.049371,0.17452
256,False,1.28,4.8654,4.8869,0.0033134,0.17066
257,False,1.285,5.079,5.0578,-0.0032579,0.17739
258,False,1.29,5.0315,4.8008,-0.03557,0.17206
259,False,1.295,4.8959,5.085,0.029151,0.17467
260,False,1.3,5.0612,4.9237,-0.021193,0.17473
261,False,1.305,5.108,5.0847,-0.0035778,0.17837
262,False,1.31,4.8904,4.8977,0.0011233,0.17129
263,False,1.315,4.9561,5.0902,0.020673,0.17581
264,False,1.32,4.9311,4.9469,0.0024336,0.17286
265,False,1.325,5.1407,4.9459,-0.030033,0.17652
266,False,1.33,4.8177,4.8535,0.0055103,0.16925
267,False,1.335,5.201,5.1123,-0.013688,0.18048
268,False,1.34,4.8948,5.1597,0.040834,0.17595
269,False,1.345,4.9998,5.2132,0.032912,0.17873
270,False,1.35,5.1418,5.0071,-0.020774,0.1776
271,False,1.355,5.0885,4.8466,-0.037307,0.17386
272,False,1.36,4.8249,5.0515,0.03493,0.17284
273,False,1.365,5.0983,4.8491,-0.038426,0.17408
274,False,1.37,4.8145,4.9552,0.021692,0.17097
275,False,1.375,5.223,5.1765,-0.0071597,0.18199
276,False,1.38,5.1932,4.9645,-0.035257,0.17776
277,False,1.385,5.0075,5.2128,0.031658,0.17886
278,False,1.39,5.0897,4.9365,-0.023616,0.17546
279,False,1.395,5.2384,5.0991,-0.021474,0.18091
280,False,1.4,4.8127,5.0443,0.035707,0.1725
281,False,1.405,5.1261,4.8004,-0.050216,0.17371
282,False,1.41,5.1635,4.9562,-0.031967,0.1771
283,False,1.415,5.1407,5.2124,0.011046,0.18118
284,False,1.42,4.8454,4.7778,-0.010433,0.16841
285,False,1.425,4.9643,4.942,-0.0034378,0.17336
286,False,1.43,4.7572,4.8703,0.017437,0.16848
287,False,1.435,4.9126,4.8639,-0.0075147,0.17109
288,False,1.44,4.8174,4.9286,0.017147,0.17055
289,False,1.445,4.9753,5.2121,0.03651,0.17828
290,False,1.45,5.0361,5.0012,-0.0053793,0.17565
291,True,1.455,3.6018,5.1516,0.23896,0.15319
292,False,1.46,4.9599,4.9251,-0.0053552,0.17299
293,False,1.465,5.0163,4.9793,-0.0056936,0.17492
294,False,1.47,5.2129,5.2255,0.0019576,0.18267
295,False,1.475,5.1995,4.8165,-0.05906,0.17528
296,False,1.48,5.0224,4.7852,-0.036582,0.17163
297,False,1.485,5.2006,5.103,-0.015036,0.18031
298,False,1.49,4.7759,5.2159,0.067832,0.17486
299,False,1.495,5.1543,4.8045,-0.053942,0.17428
300,False,1.5,4.9175,5.0758,0.024422,0.17488
301,False,1.505,4.8643,4.823,-0.0063695,0.16953
302,False,1.51,5.1612,5.097,-0.0099017,0.17952
303,False,1.515,4.9241,5.0628,0.021384,0.17477
304,False,1.52,4.8327,4.7719,-0.0093858,0.16808
305,False,1.525,4.7641,5.149,0.059345,0.17348
306,False,1.53,5.2277,5.2431,0.0023776,0.18324
307,False,1.535,5.0901,4.9684,-0.018776,0.17602
308,False,1.54,5.1803,4.9224,-0.039765,0.1768
309,False,1.545,5.2195,4.7744,-0.068634,0.17489
310,False,1.55,5.0901,4.8626,-0.035076,0.17417
311,False,1.555,5.2087,5.0405,-0.025935,0.17936
312,False,1.56,4.8783,5.0507,0.026573,0.17376
313,False,1.565,5.1928,4.8763,-0.048807,0.17621
314,False,1.57,5.21,5.0772,-0.020484,0.18003
315,False,1.575,4.9,4.78,-0.0185,0.1694
316,False,1.58,4.7867,5.2203,0.066848,0.17512
317,False,1.585,5.1337,4.7963,-0.052027,0.17377
318,False,1.59,4.7925,4.917,0.019198,0.16992
319,False,1.595,5.1144,5.0755,-0.0059912,0.17832
320,False,1.6,4.9739,5.002,0.0043188,0.17458
321,False,1.605,5.0756,5.0155,-0.009276,0.17659
322,False,1.61,4.8348,4.9396,0.01616,0.17105
323,False,1.615,5.0157,5.1345,0.018306,0.17763
324,False,1.62,5.0669,4.8913,-0.027082,0.17427
325,False,1.625,4.757,5.0746,0.048967,0.17205
326,False,1.63,4.9852,5.2111,0.034831,0.17843
327,False,1.635,5.1932,4.9153,-0.042837,0.1769
328,False,1.64,4.807,5.1567,0.053919,0.17437
329,False,1.645,4.9713,5.1438,0.026604,0.17701
330,False,1.65,5.0798,4.8122,-0.041262,0.17311
331,False,1.655,4.8974,4.8287,-0.010591,0.17021
332,False,1.66,5.2252,4.9575,-0.041273,0.1782
333,False,1.665,5.0971,5.0937,-0.00053606,0.17834
334,False,1.67,4.8534,5.0789,0.034761,0.17381
335,False,1.675,5.0274,5.09,0.0096532,0.17705
336,False,1.68,5.1896,4.7547,-0.067062,0.17403
337,False,1.685,5.0289,4.8143,-0.033092,0.17226
338,False,1.69,5.1262,5.132,0.00089214,0.17952
339,False,1.695,5.1975,5.171,-0.0040848,0.18145
340,False,1.7,5.1709,5.1235,-0.0073157,0.18015
341,False,1.705,4.8154,5.2223,0.062728,0.17566
342,False,1.71,4.8446,5.2099,0.056321,0.17595
343,False,1.715,4.8268,4.8615,0.0053529,0.16955
344,False,1.72,4.7645,5.0049,0.037071,0.17096
345,False,1.725,4.7545,5.1439,0.060028,0.17322
346,False,1.73,5.0482,5.0112,-0.0057048,0.17604
347,False,1.735,5.0545,5.0587,0.00064315,0.17698
348,False,1.74,5.2095,5.0291,-0.027806,0.17918
349,False,1.745,5.1168,5.1155,-0.00019909,0.17906
350,False,1.75,4.9006,4.7817,-0.018328,0.16944
351,False,1.755,4.9978,4.9964,-0.00021493,0.1749
352,False,1.76,4.8791,4.865,-0.002177,0.17052
353,False,1.765,5.1164,4.9187,-0.030487,0.17561
354,False,1.77,4.8084,5.0258,0.033526,0.1721
355,False,1.775,5.123,5.1218,-0.00018162,0.17929
356,False,1.78,5.1549,4.9562,-0.030643,0.17694
357,False,1.785,5.1226,5.0038,-0.018318,0.17721
358,False,1.79,4.9186,4.8145,-0.016048,0.17033
359,False,1.795,5.0422,4.8574,-0.028485,0.17324
360,False,1.8,4.9845,4.8964,-0.013578,0.17292
361,False,1.805,4.7936,4.975,0.027962,0.17095
362,False,1.81,5.1644,4.8701,-0.045364,0.1756
363,False,1.815,5.093,4.8816,-0.032586,0.17456
364,False,1.82,4.8837,5.1958,0.048126,0.17639
365,False,1.825,5.2347,5.0431,-0.029553,0.17986
366,False,1.83,4.8419,5.2193,0.058197,0.17607
367,False,1.835,4.9,5.059,0.024526,0.17428
368,False,1.84,4.9556,4.8754,-0.012371,0.17204
369,False,1.845,4.8682,4.8013,-0.010327,0.16922
370,False,1.85,4.8475,5.0232,0.027083,0.17274
371,False,1.855,5.1027,4.9713,-0.020255,0.1763
372,False,1.86,4.8403,5.0958,0.039391,0.17388
373,False,1.865,5.0112,5.1297,0.018279,0.17747
374,False,1.87,4.8981,4.9497,0.0079598,0.17234
375,False,1.875,4.9814,5.0337,0.0080663,0.17526
376,False,1.88,5.2126,4.8528,-0.05548,0.17614
377,False,1.885,4.8579,5.2218,0.056096,0.17639
378,False,1.89,4.7505,5.0064,0.039456,0.17075
379,False,1.895,5.2033,4.8881,-0.048596,0.1766
380,False,1.9,5.09,4.8646,-0.034761,0.17421
381,False,1.905,5.0075,5.2265,0.033765,0.17909
382,False,1.91,5.011,5.0947,0.012902,0.17685
383,False,1.915,4.8015,5.1039,0.046637,0.17334
384,False,1.92,5.2484,5.0785,-0.026208,0.18072
385,False,1.925,4.9295,5.1395,0.032379,0.17621
386,False,1.93,5.0626,5.0402,-0.0034517,0.1768
387,False,1.935,4.9467,5.0016,0.0084697,0.1741
388,False,1.94,4.7538,5.1894,0.067153,0.17401
389,False,1.945,5.0226,4.9465,-0.011744,0.17446
390,False,1.95,5.0046,4.8713,-0.020543,0.17283
391,False,1.955,4.8734,4.8908,0.0026865,0.17087
392,False,1.96,4.7727,5.2024,0.066251,0.17456
393,True,1.965,5.1709,4.7759,-0.060894,0.17407
394,False,1.97,4.7741,5.1765,0.062045,0.17414
395,False,1.975,4.9082,4.9393,0.0048077,0.17233
396,False,1.98,5.1417,5.0665,-0.011595,0.17864
397,False,1.985,5.2362,4.7658,-0.072532,0.17503
398,False,1.99,5.0432,5.21,0.025716,0.17943
399,False,1.995,5.139,4.9849,-0.023767,0.17717
400,False,2.0,5.1138,5.01,-0.016019,0.17717
401,False,2.005,5.0755,5.1332,0.0088907,0.17865
402,False,2.01,5.0823,4.9181,-0.025317,0.17501
403,False,2.015,5.2194,5.063,-0.024114,0.17994
404,False,2.02,5.0175,4.9135,-0.016049,0.17379
405,False,2.025,4.9492,4.9056,-0.0067327,0.17246
406,False,2.03,5.0852,5.073,-0.0018795,0.17777
407,False,2.035,4.9703,4.9668,-0.00052753,0.1739
408,False,2.04,4.8164,4.8014,-0.0023118,0.16831
409,False,2.045,4.9696,4.8681,-0.015654,0.17216
410,False,2.05,5.0238,5.2359,0.032698,0.17954
411,False,2.055,4.9476,5.0994,0.023418,0.17582
412,False,2.06,4.9491,5.0797,0.020135,0.17551
413,False,2.065,5.1257,4.913,-0.032784,0.17568
414,False,2.07,5.0112,4.7599,-0.038741,0.17099
415,False,2.075,4.9952,5.0352,0.0061705,0.17553
416,False,2.08,4.7943,4.7682,-0.0040353,0.16734
417,False,2.085,4.8754,4.8824,0.0010709,0.17076
418,False,2.09,4.9738,4.8453,-0.019805,0.17183
419,False,2.095,5.069,4.9746,-0.014544,0.17576
420,False,2.1,5.1047,5.1343,0.0045646,0.17918
421,False,2.105,5.2463,5.064,-0.028114,0.18043
422,False,2.11,5.2161,4.9074,-0.047604,0.17716
423,False,2.115,4.7961,4.896,0.015404,0.16961
424,False,2.12,5.2268,4.7891,-0.067479,0.17528
425,False,2.125,4.8314,4.836,0.00070526,0.16918
426,False,2.13,5.2352,5.1106,-0.01921,0.18105
427,False,2.135,5.0485,4.7947,-0.039129,0.17226
428,False,2.14,4.8701,5.2089,0.052237,0.17638
429,False,2.145,4.7851,4.9648,0.027706,0.17062
430,False,2.15,4.9,4.7899,-0.016985,0.16957
431,False,2.155,5.1568,5.0361,-0.01861,0.17837
432,False,2.16,4.7884,5.1659,0.05821,0.1742
433,False,2.165,4.9272,4.9237,-0.00054776,0.17239
434,False,2.17,4.816,5.1399,0.049947,0.17423
435,False,2.175,4.8291,5.1042,0.042413,0.17383
436,False,2.18,4.7811,5.0455,0.040766,0.17196
437,False,2.185,5.1009,4.9385,-0.025043,0.17569
438,False,2.19,4.7932,4.9469,0.023694,0.17045
439,False,2.195,5.0584,4.9642,-0.01453,0.17539
440,False,2.2,4.8369,4.9615,0.019216,0.17147
441,False,2.205,5.0757,4.8595,-0.033341,0.17387
442,False,2.21,4.9993,4.9984,-0.00014892,0.17496
443,False,2.215,4.8923,4.7699,-0.01886,0.16909
444,False,2.22,5.1653,5.0324,-0.020487,0.17846
445,False,2.225,5.1592,4.7746,-0.059301,0.17384
446,False,2.23,5.2191,5.1861,-0.0050795,0.18209
447,False,2.235,4.7502,5.18,0.066276,0.17378
448,False,2.24,5.0702,4.9191,-0.023292,0.17481
449,False,2.245,4.7537,5.237,0.074523,0.17484
450,False,2.25,4.8032,5.2274,0.065402,0.17554
451,False,2.255,4.8034,5.2443,0.067982,0.17583
452,False,2.26,4.9336,4.8289,-0.016143,0.17084
453,False,2.265,4.8698,4.7515,-0.018247,0.16837
454,False,2.27,4.9231,4.8741,-0.007552,0.17145
455,False,2.275,4.8748,4.9231,0.0074526,0.17146
456,False,2.28,4.9435,4.8667,-0.011851,0.17168
457,False,2.285,4.9605,5.1279,0.025815,0.17655
458,False,2.29,5.07,4.863,-0.031928,0.17383
459,False,2.295,5.1438,4.9742,-0.026143,0.17706
460,False,2.3,4.885,4.8797,-0.00081331,0.17088
461,False,2.305,5.172,4.9229,-0.038407,0.17666
462,False,2.31,5.1202,5.2015,0.012526,0.18063
463,False,2.315,5.1631,4.7564,-0.062707,0.17359
464,False,2.32,4.8411,4.8161,-0.0038523,0.169
465,False,2.325,4.7827,4.944,0.024872,0.17022
466,False,2.33,5.0552,5.1703,0.017752,0.17895
467,False,2.335,5.1008,4.8566,-0.037643,0.17425
468,False,2.34,4.8058,5.2176,0.063495,0.17541
469,False,2.345,4.7979,5.2349,0.067377,0.17557
470,False,2.35,5.0489,4.9376,-0.017159,0.17476
471,False,2.355,5.1561,5.2424,0.013308,0.18197
472,False,2.36,5.1573,4.811,-0.053386,0.17445
473,False,2.365,4.7947,5.1305,0.051769,0.17369
474,False,2.37,5.1156,5.0397,-0.011712,0.17772
475,False,2.375,5.2019,5.0606,-0.021794,0.17959
476,False,2.38,4.9761,4.995,0.0029043,0.17449
477,False,2.385,4.7853,4.8602,0.011546,0.1688
478,False,2.39,4.8706,4.8221,-0.0074891,0.16962
479,False,2.395,5.1159,5.0676,-0.007454,0.17821
480,False,2.4,4.7702,5.1512,0.058739,0.17363
481,False,2.405,4.9623,5.0848,0.018897,0.17582
482,False,2.41,5.0201,4.9858,-0.0052895,0.1751
483,False,2.415,5.2269,5.2222,-0.00072079,0.18286
484,False,2.42,4.8545,5.0457,0.029494,0.17325
485,False,2.425,4.8082,4.8634,0.0085122,0.16925
486,False,2.43,5.0731,5.0919,0.0029005,0.17789
487,False,2.435,4.8042,4.9103,0.016361,0.17
488,False,2.44,5.2417,5.1245,-0.018084,0.18141
489,False,2.445,4.8742,5.2491,0.057804,0.17716
490,False,2.45,5.0532,4.8849,-0.025951,0.17392
491,False,2.455,5.1583,5.2159,0.0088791,0.18155
492,False,2.46,5.165,5.0982,-0.010305,0.17961
493,False,2.465,4.9945,4.7976,-0.030357,0.17136
494,False,2.47,5.1304,4.8729,-0.039692,0.17506
495,False,2.475,5.2076,5.2173,0.0015071,0.18244
496,False,2.48,5.2005,4.9899,-0.032471,0.17833
497,False,2.485,4.8571,5.1913,0.05152,0.17585
498,False,2.49,5.0235,5.1396,0.017904,0.17786
499,False,2.495,5.1424,4.7591,-0.059086,0.17328
500,False,2.5,4.8472,5.1354,0.04443,0.1747
501,False,2.505,5.1234,5.0929,-0.0047096,0.17879
502,False,2.51,4.9878,5.1838,0.030229,0.178
503,False,2.515,5.0416,5.0403,-0.00021192,0.17643
504,False,2.52,4.8803,5.0631,0.028182,0.17401
505,False,2.525,4.7924,4.8056,0.0020294,0.16796
506,False,2.53,4.8991,4.8568,-0.0065096,0.17073
507,False,2.535,5.2086,4.7682,-0.0679,0.17459
508,False,2.54,4.9853,4.9723,-0.0020023,0.17426
509,False,2.545,4.8847,4.9133,0.004403,0.17147
510,False,2.55,5.1315,4.8936,-0.036671,0.17544
511,False,2.555,5.1361,4.9982,-0.021256,0.17735
512,False,2.56,4.7606,4.8409,0.012366,0.16803
513,False,2.565,5.19,5.2169,0.004148,0.18212
514,False,2.57,5.1491,5.2201,0.010948,0.18146
515,False,2.575,4.9121,5.0457,0.020607,0.17426
516,False,2.58,5.0845,4.7504,-0.051516,0.17211
517,False,2.585,4.8981,5.2015,0.046773,0.17674
518,False,2.59,5.215,5.0914,-0.019046,0.18036
519,False,2.595,4.891,4.7869,-0.016044,0.16936
520,False,2.6,4.8344,5.2482,0.063794,0.17645
521,False,2.605,5.1226,4.9072,-0.033204,0.17552
522,False,2.61,4.9886,5.1546,0.025601,0.17751
523,False,2.615,5.0767,4.9807,-0.014801,0.17601
524,False,2.62,5.2333,5.0436,-0.029252,0.17985
525,False,2.625,4.9065,4.9888,0.012687,0.17317
526,False,2.63,4.7882,5.0262,0.036697,0.17175
527,False,2.635,5.1457,4.8377,-0.047497,0.17471
528,False,2.64,4.9327,5.0436,0.017104,0.17459
529,False,2.645,5.0425,4.8274,-0.033173,0.17272
530,False,2.65,4.8417,4.9727,0.020207,0.17175
531,False,2.655,4.7885,5.0188,0.035517,0.17163
532,False,2.66,4.8268,4.981,0.023763,0.17164
533,False,2.665,5.1634,5.1671,0.00055767,0.18078
534,False,2.67,4.9005,5.2481,0.053596,0.1776
535,False,2.675,4.9419,5.2361,0.045358,0.17812
536,False,2.68,5.0754,5.123,0.0073377,0.17847
537,False,2.685,5.1587,4.85,-0.047598,0.17515
538,False,2.69,5.1331,4.7682,-0.056273,0.17327
539,False,2.695,4.9371,4.8443,-0.014306,0.17117
540,False,2.7,4.8449,5.0388,0.029888,0.17296
541,False,2.705,5.0733,5.0641,-0.0014054,0.1774
542,False,2.71,4.7518,4.9324,0.027843,0.16947
543,False,2.715,4.8914,5.0683,0.027265,0.1743
544,False,2.72,5.0693,5.1956,0.019481,0.17964
545,False,2.725,5.046,4.8768,-0.0261,0.17365
546,False,2.73,4.9126,4.8932,-0.0030012,0.1716
547,False,2.735,5.2445,4.8127,-0.066572,0.176
548,False,2.74,4.8116,5.0143,0.031249,0.17195
549,False,2.745,5.1179,5.1604,0.0065443,0.17987
550,False,2.75,4.8283,4.8999,0.011036,0.17024
551,False,2.755,4.9673,5.1438,0.027216,0.17695
552,False,2.76,5.1661,4.9685,-0.030469,0.17736
553,False,2.765,4.93,5.0253,0.014696,0.17422
554,False,2.77,4.7881,5.2431,0.070145,0.17555
555,False,2.775,5.0285,5.0949,0.010242,0.17716
556,False,2.78,4.887,5.2351,0.053672,0.17714
557,False,2.785,4.816,4.798,-0.0027822,0.16825
558,False,2.79,5.0998,5.199,0.015298,0.18023
559,False,2.795,4.993,4.7792,-0.032954,0.17101
560,False,2.8,4.8414,4.8117,-0.0045791,0.16893
561,False,2.805,4.8006,5.0654,0.040821,0.17265
562,False,2.81,4.8508,4.9351,0.012992,0.17125
563,False,2.815,4.8174,4.9098,0.014249,0.17023
564,False,2.82,4.9119,5.1478,0.03638,0.17605
565,False,2.825,5.2253,4.9009,-0.050021,0.17721
566,False,2.83,5.0161,5.0537,0.0058075,0.17622
567,False,2.835,4.8738,4.981,0.01652,0.17246
568,False,2.84,4.9686,4.8963,-0.011154,0.17264
569,False,2.845,5.0845,5.1662,0.012592,0.17939
570,False,2.85,5.0238,5.0353,0.00176,0.17603
571,False,2.855,5.0545,4.7853,-0.041518,0.1722
572,False,2.86,5.1816,4.8832,-0.046011,0.17613
573,False,2.865,4.9403,4.8354,-0.016176,0.17108
574,False,2.87,5.1245,5.0302,-0.014543,0.17771
575,True,2.875,2.409,4.851,0.37652,0.12705
576,False,2.88,4.7791,4.9962,0.033477,0.17107
577,False,2.885,4.9199,5.1147,0.03004,0.1756
578,False,2.89,5.1586,5.2275,0.010625,0.18176
579,False,2.895,4.9388,5.1312,0.029667,0.17622
580,False,2.9,5.2363,4.79,-0.068808,0.17546
581,False,2.905,5.0527,5.2191,0.025666,0.17976
582,False,2.91,4.9191,5.2372,0.049049,0.17774
583,False,2.915,5.214,5.0536,-0.024737,0.17968
584,False,2.92,5.1992,5.2287,0.0045539,0.18249
585,False,2.925,5.1754,4.9153,-0.040092,0.17659
586,False,2.93,4.8784,5.2006,0.04968,0.17638
587,False,2.935,4.8927,4.7502,-0.021981,0.16875
588,False,2.94,5.14,4.9916,-0.022871,0.1773
589,False,2.945,5.1007,4.8237,-0.042703,0.17368
590,False,2.95,4.9963,4.9075,-0.013685,0.17332
591,False,2.955,5.2338,4.8357,-0.061388,0.17622
592,False,2.96,4.9881,5.0465,0.0090002,0.1756
593,False,2.965,5.2475,5.0788,-0.026003,0.18071
594,False,2.97,4.9953,4.9245,-0.010918,0.1736
595,False,2.975,5.0017,4.7768,-0.034673,0.17113
596,False,2.98,5.1344,4.7736,-0.05563,0.17339
597,False,2.985,4.944,4.7779,-0.025612,0.17013
598,False,2.99,4.9766,4.7858,-0.02943,0.17084
599,False,2.995,4.8164,4.7578,-0.0090336,0.16755
600,False,3.0,5.1293,5.2368,0.016588,0.18141
601,False,3.005,5.0326,5.1174,0.013072,0.17763
602,False,3.01,5.0743,5.1262,0.0079983,0.17851
603,False,3.015,5.149,4.7667,-0.058956,0.17352
604,False,3.02,4.8602,4.8088,-0.0079284,0.16921
605,False,3.025,5.1789,4.8807,-0.045992,0.17604
606,False,3.03,5.2024,5.1967,-0.00087661,0.18198
607,False,3.035,4.896,5.236,0.052426,0.17731
608,False,3.04,5.1129,5.247,0.020677,0.1813
609,False,3.045,4.9197,4.9234,0.00056589,0.17225
610,False,3.05,4.8863,4.8962,0.0015126,0.17119
611,False,3.055,4.8351,4.8436,0.0013085,0.16938
612,False,3.06,5.082,5.1216,0.0061003,0.17856
613,False,3.065,5.0179,5.109,0.014044,0.17722
614,False,3.07,5.1646,4.8444,-0.049356,0.17516
615,False,3.075,4.8837,4.967,0.012842,0.17239
616,False,3.08,4.8381,4.7728,-0.010065,0.16819
617,False,3.085,4.9656,5.0777,0.017291,0.17576
618,False,3.09,4.9878,5.1405,0.023543,0.17725
619,False,3.095,5.1426,5.1815,0.0059885,0.18067
620,True,3.1,4.8153,4.1829,-0.097508,0.15747
621,False,3.105,4.7757,4.9667,0.02946,0.17049
622,False,3.11,5.0638,4.9239,-0.021562,0.17478
623,False,3.115,4.7645,4.7777,0.0020276,0.16699
624,False,3.12,4.8181,5.1597,0.052673,0.17461
625,False,3.125,5.0973,4.803,-0.04537,0.17326
626,False,3.13,5.0078,4.753,-0.039287,0.17082
627,False,3.135,5.0213,4.8875,-0.020625,0.1734
628,False,3.14,5.1542,5.2214,0.010353,0.18157
629,False,3.145,5.1468,5.0871,-0.0092069,0.17909
630,False,3.15,5.0009,4.9428,-0.0089588,0.17402
631,False,3.155,4.8883,5.1785,0.044738,0.17617
632,False,3.16,4.8098,5.0874,0.042799,0.1732
633,False,3.165,5.1933,5.054,-0.02147,0.17933
634,False,3.17,5.2351,4.9697,-0.040926,0.17859
635,False,3.175,5.2213,5.2306,0.0014462,0.18291
636,False,3.18,5.0691,5.1615,0.014245,0.17903
637,False,3.185,4.7953,4.7552,-0.0061744,0.16713
638,False,3.19,4.7874,4.8208,0.0051582,0.16814
639,False,3.195,4.8412,4.9914,0.023155,0.17207
640,False,3.2,4.7658,5.0403,0.042318,0.17161
641,False,3.205,5.1125,4.8965,-0.0333,0.17516
642,False,3.21,4.8221,4.9694,0.02272,0.17135
643,False,3.215,5.068,4.9491,-0.018322,0.1753
644,False,3.22,5.1449,4.8187,-0.050306,0.17436
645,False,3.225,5.0331,5.2264,0.029797,0.17954
646,False,3.23,4.9387,4.93,-0.001339,0.1727
647,False,3.235,5.1608,5.1685,0.0011866,0.18076
648,False,3.24,4.9024,4.7707,-0.020317,0.16928
649,True,3.245,4.9097,5.6664,0.11667,0.18508
650,False,3.25,5.1425,4.7878,-0.054685,0.17378
651,False,3.255,5.0019,4.9069,-0.014642,0.1734
652,False,3.26,4.8805,5.223,0.052807,0.17681
653,False,3.265,5.1162,5.1773,0.0094074,0.18014
654,False,3.27,4.8315,4.8368,0.00081573,0.16919
655,False,3.275,5.2105,5.0179,-0.029695,0.179
656,False,3.28,4.8611,4.8974,0.005602,0.17077
657,False,3.285,4.7918,5.2014,0.063159,0.17488
658,False,3.29,4.7869,4.7907,0.00059252,0.16761
659,False,3.295,5.1348,5.1437,0.0013817,0.17987
660,False,3.3,5.1588,4.8372,-0.049591,0.17493
661,False,3.305,5.1202,5.11,-0.0015756,0.17903
662,False,3.31,5.1291,4.866,-0.040569,0.17491
663,False,3.315,5.2306,4.8536,-0.058132,0.17647
664,False,3.32,4.9832,4.8581,-0.019296,0.17222
665,False,3.325,5.1435,5.2383,0.014622,0.18168
666,False,3.33,4.9613,4.9409,-0.0031391,0.17329
667,False,3.335,5.2219,5.0676,-0.023778,0.18007
668,False,3.34,4.7507,4.7733,0.0034884,0.16667
669,False,3.345,5.2406,4.866,-0.057758,0.17687
670,False,3.35,5.0351,5.1874,0.023486,0.17889
671,False,3.355,4.9232,4.9801,0.0087633,0.17331
672,False,3.36,5.0288,4.7515,-0.042743,0.17115
673,False,3.365,4.8999,4.9825,0.012732,0.17294
674,False,3.37,4.8295,5.162,0.051266,0.17485
675,False,3.375,5.0826,5.1859,0.01593,0.1797
676,False,3.38,5.0921,4.9005,-0.029536,0.17487
677,False,3.385,5.1462,4.868,-0.042895,0.17525
678,False,3.39,4.9243,5.1658,0.037232,0.17658
679,False,3.395,4.875,4.9689,0.014469,0.17227
680,False,3.4,4.9225,5.0035,0.012495,0.17371
681,False,3.405,4.9143,4.8427,-0.011036,0.17075
682,False,3.41,5.2137,4.8257,-0.059823,0.17569
683,False,3.415,5.128,5.2034,0.01162,0.1808
684,False,3.42,4.8941,5.2464,0.054313,0.17746
685,False,3.425,5.0531,4.945,-0.01666,0.17497
686,False,3.43,5.133,5.1634,0.0046858,0.18019
687,False,3.435,5.1731,5.227,0.0083187,0.182
688,False,3.44,5.201,5.1969,-0.00062747,0.18196
689,False,3.445,5.0479,5.1705,0.018911,0.17882
690,False,3.45,4.7843,5.0916,0.047392,0.17283
691,False,3.455,4.859,4.8359,-0.0035653,0.16966
692,False,3.46,5.1847,4.8688,-0.048711,0.17594
693,False,3.465,4.9571,4.9671,0.001547,0.17367
694,False,3.47,5.0806,4.7625,-0.049042,0.17225
695,False,3.475,5.1417,4.8843,-0.03969,0.17546
696,False,3.48,4.8739,5.2401,0.056453,0.177
697,False,3.485,5.0272,4.9063,-0.018636,0.17384
698,False,3.49,4.8648,5.0359,0.026378,0.17326
699,False,3.495,4.7535,5.0558,0.046622,0.17166
700,False,3.5,5.1333,5.2008,0.0104,0.18085
701,False,3.505,4.7609,4.948,0.028849,0.16991
702,False,3.51,4.9466,5.0964,0.023102,0.17575
703,False,3.515,4.8763,4.8522,-0.0037046,0.17025
704,False,3.52,4.8521,4.7814,-0.010898,0.16859
705,False,3.525,5.0811,5.0612,-0.0030755,0.17749
706,False,3.53,5.2074,5.094,-0.017479,0.18027
707,False,3.535,4.7535,4.8984,0.022348,0.16891
708,False,3.54,5.1232,5.0358,-0.013481,0.17778
709,False,3.545,5.1498,4.9081,-0.03727,0.17601
710,False,3.55,5.2039,5.1547,-0.0075783,0.18128
711,False,3.555,5.2373,4.9327,-0.046955,0.17798
712,False,3.56,4.8099,5.0994,0.044631,0.17341
713,False,3.565,5.0095,5.0667,0.0088237,0.17633
714,False,3.57,5.161,5.2323,0.010994,0.18188
715,False,3.575,5.0685,4.8504,-0.03363,0.17358
716,False,3.58,5.227,5.0491,-0.027424,0.17983
717,False,3.585,5.2235,4.7919,-0.066548,0.17527
718,False,3.59,5.2333,5.0222,-0.032548,0.17947
719,False,3.595,4.7837,5.1731,0.06004,0.17424
720,False,3.6,4.9688,4.7703,-0.030593,0.17043
721,False,3.605,4.9104,4.9147,0.00065687,0.17194
722,False,3.61,4.817,5.1047,0.044351,0.17363
723,False,3.615,4.8173,5.1802,0.055948,0.17496
724,False,3.62,5.153,5.0004,-0.023517,0.17768
725,False,3.625,5.0124,5.2474,0.036233,0.17955
726,False,3.63,5.2221,4.9643,-0.03975,0.17826
727,False,3.635,5.2442,4.8837,-0.055583,0.17724
728,False,3.64,4.9549,4.9865,0.0048613,0.17397
729,False,3.645,4.9356,4.8304,-0.016216,0.17091
730,False,3.65,4.8634,4.8294,-0.0052389,0.16963
731,False,3.655,4.973,4.8842,-0.013698,0.1725
732,False,3.66,4.8831,5.1286,0.037845,0.1752
733,False,3.665,4.9795,5.0546,0.01157,0.1756
734,False,3.67,4.9665,5.2335,0.04117,0.1785
735,False,3.675,4.8798,5.1367,0.039602,0.17529
736,False,3.68,4.8169,5.0364,0.033855,0.17243
737,False,3.685,4.9596,4.9751,0.0023895,0.17386
738,False,3.69,5.0034,4.8935,-0.016945,0.1732
739,True,3.695,3.3288,5.1262,0.27712,0.14796
740,False,3.7,5.0923,4.7972,-0.04551,0.17307
741,False,3.705,4.9715,4.8034,-0.025927,0.17106
742,False,3.71,4.9678,5.1174,0.023068,0.17649
743,False,3.715,5.1465,4.9273,-0.0338,0.17629
744,False,3.72,5.1578,5.0403,-0.018111,0.17847
745,False,3.725,5.1261,4.8994,-0.034943,0.17545
746,False,3.73,5.1446,5.1068,-0.0058263,0.1794
747,False,3.735,5.0006,4.9302,-0.010853,0.17379
748,False,3.74,5.0276,5.1092,0.012587,0.17739
749,False,3.745,5.0654,5.2477,0.028106,0.18048
750,False,3.75,4.799,4.7919,-0.0011016,0.16784
751,False,3.755,4.8728,4.9841,0.017155,0.1725
752,True,3.76,2.5865,4.7969,0.34081,0.12921
753,False,3.765,4.9025,5.1126,0.032395,0.17526
754,False,3.77,5.1335,5.206,0.011184,0.18094
755,False,3.775,4.8836,4.7932,-0.013939,0.16934
756,False,3.78,4.7698,5.01,0.037039,0.17115
757,False,3.785,4.8983,5.0263,0.019741,0.17368
758,False,3.79,5.0282,5.0926,0.0099283,0.17711
759,False,3.795,5.2345,4.8998,-0.051607,0.17735
760,False,3.8,5.0946,5.0509,-0.0067261,0.17755
761,False,3.805,5.1089,4.8493,-0.04004,0.17427
762,False,3.81,5.0295,5.0784,0.0075341,0.17689
763,False,3.815,5.0167,5.0992,0.01272,0.17703
764,False,3.82,5.1879,4.9798,-0.032074,0.17793
765,False,3.825,4.9465,4.8288,-0.018151,0.17107
766,False,3.83,4.979,4.9609,-0.002797,0.17395
767,False,3.835,4.8541,5.048,0.029897,0.17329
768,False,3.84,5.1286,4.9112,-0.033531,0.1757
769,False,3.845,5.0233,5.1654,0.021897,0.1783
770,False,3.85,4.9287,4.8113,-0.018094,0.17045
771,False,3.855,5.1005,4.8756,-0.034678,0.17458
772,False,3.86,4.8046,5.2188,0.063862,0.17541
773,False,3.865,4.7533,5.0776,0.050002,0.17204
774,False,3.87,5.0487,5.1265,0.011996,0.17806
775,False,3.875,5.0796,5.1554,0.011694,0.17911
776,False,3.88,5.04,4.7742,-0.040981,0.17175
777,False,3.885,5.205,4.9574,-0.038179,0.17784
778,False,3.89,5.068,5.1127,0.0068985,0.17816
779,False,3.895,5.0128,4.8195,-0.029798,0.17207
780,False,3.9,4.8798,5.0663,0.02875,0.17406
781,False,3.905,4.7756,4.8734,0.015084,0.16886
782,True,3.91,5.116,5.8409,0.11177,0.19175
783,False,3.915,4.8321,5.1683,0.051835,0.17501
784,False,3.92,4.8902,4.9765,0.013312,0.17267
785,False,3.925,4.8797,4.9474,0.010433,0.17197
786,False,3.93,5.0235,5.2308,0.031955,0.17945
787,False,3.935,5.0206,4.7541,-0.041097,0.17106
788,False,3.94,5.1441,4.9492,-0.030041,0.17663
789,False,3.945,5.1848,4.9939,-0.029436,0.17813
790,False,3.95,5.1438,5.0591,-0.01306,0.17855
791,False,3.955,5.2347,4.785,-0.069338,0.17535
792,False,3.96,4.8402,4.8213,-0.0029126,0.16908
793,False,3.965,5.2153,5.0771,-0.021306,0.18012
794,False,3.97,4.7726,4.8592,0.01335,0.16856
795,False,3.975,4.8703,4.8096,-0.0093678,0.1694
796,False,3.98,4.7544,4.7716,0.0026429,0.1667
797,False,3.985,5.0858,4.8328,-0.039012,0.17358
798,False,3.99,5.2024,5.0056,-0.030352,0.17864
799,False,3.995,5.0362,5.1836,0.022731,0.17885
800,True,4.0,4.8277,7.5948,0.42664,0.21739
801,False,4.005,5.0012,4.8175,-0.028325,0.17183
802,False,4.01,5.0339,4.7825,-0.038763,0.17179
803,False,4.015,4.8441,5.0862,0.037326,0.17378
804,False,4.02,4.9121,4.9911,0.012181,0.17331
805,False,4.025,5.108,4.9977,-0.017008,0.17685
806,False,4.03,5.0265,4.9067,-0.018459,0.17383
807,False,4.035,4.8211,4.9118,0.013971,0.17033
808,False,4.04,4.9402,5.2046,0.040762,0.17753
809,False,4.045,4.9483,4.9752,0.0041451,0.17366
810,False,4.05,5.0384,5.1243,0.013252,0.17785
811,False,4.055,4.7597,4.8426,0.012786,0.16804
812,False,4.06,5.0388,4.7925,-0.03798,0.17205
813,False,4.065,5.2161,4.8535,-0.055905,0.17622
814,False,4.07,4.8034,5.0295,0.034849,0.17208
815,False,4.075,5.1161,5.0809,-0.0054311,0.17845
816,False,4.08,5.2353,5.2196,-0.0024137,0.18296
817,False,4.085,5.0544,4.7701,-0.043838,0.17193
818,False,4.09,5.1098,4.8318,-0.042864,0.17398
819,False,4.095,4.9014,4.9691,0.010436,0.17273
820,False,4.1,4.9795,4.9128,-0.010281,0.17312
821,False,4.105,4.774,4.795,0.0032305,0.16746
822,False,4.11,4.9427,5.1552,0.032762,0.17671
823,False,4.115,4.9309,4.9498,0.0029174,0.17291
824,False,4.12,4.8938,5.0777,0.028349,0.1745
825,False,4.125,5.1584,5.0334,-0.019263,0.17836
826,False,4.13,4.9753,4.7516,-0.034492,0.17022
827,False,4.135,5.1533,5.0757,-0.011971,0.17901
828,False,4.14,5.1451,4.9085,-0.036471,0.17594
829,False,4.145,4.8915,4.883,-0.0013124,0.17105
830,False,4.15,4.7842,4.9802,0.030231,0.17088
831,False,4.155,4.7775,5.0616,0.043806,0.17218
832,False,4.16,5.0688,5.1509,0.012669,0.17884
833,False,4.165,4.9621,5.0306,0.010552,0.17487
834,False,4.17,5.2028,4.7624,-0.067897,0.17439
835,False,4.175,4.9587,5.1468,0.029004,0.17685
836,False,4.18,4.827,4.8865,0.0091764,0.16999
837,False,4.185,5.02,5.1615,0.02181,0.17818
838,False,4.19,5.2185,5.0943,-0.01916,0.18047
839,False,4.195,5.0805,5.052,-0.0043983,0.17732
840,False,4.2,4.9473,4.9435,-0.00059418,0.17309
841,False,4.205,4.8795,4.7828,-0.014914,0.16909
842,False,4.21,5.174,5.2493,0.011616,0.18241
843,False,4.215,5.2225,5.0805,-0.021895,0.1803
844,False,4.22,4.9385,4.8646,-0.011396,0.17155
845,False,4.225,4.7836,4.7961,0.0019253,0.16765
846,False,4.23,4.8408,4.8705,0.0045791,0.16995
847,False,4.235,5.0379,5.2013,0.025196,0.17919
848,False,4.24,4.8429,4.8587,0.0024256,0.16978
849,False,4.245,4.8957,4.9898,0.014499,0.173
850,False,4.25,4.9808,5.2046,0.034504,0.17825
851,False,4.255,4.9235,4.8469,-0.01181,0.17098
852,False,4.26,4.9091,4.974,0.010008,0.17295
853,False,4.265,4.98,5.0589,0.012172,0.17568
854,False,4.27,4.8679,5.0471,0.027624,0.17351
855,False,4.275,4.7639,5.0829,0.049195,0.17232
856,False,4.28,5.0792,4.8838,-0.030126,0.17435
857,False,4.285,4.8294,4.9619,0.020434,0.17135
858,False,4.29,5.1513,5.1497,-0.0002574,0.18027
859,False,4.295,4.9543,5.2162,0.040376,0.17798
860,False,4.3,4.9137,4.9849,0.010972,0.17322
861,False,4.305,5.123,4.9032,-0.033898,0.17546
862,False,4.31,5.1232,4.9697,-0.023666,0.17663
863,False,4.315,4.837,4.9034,0.010246,0.17046
864,False,4.32,4.8088,4.8875,0.01214,0.16968
865,False,4.325,4.837,4.8194,-0.0027206,0.16899
866,False,4.33,5.0637,4.8333,-0.035529,0.1732
867,False,4.335,5.1709,4.997,-0.026824,0.17794
868,False,4.34,5.005,4.7933,-0.032649,0.17147
869,False,4.345,4.8329,5.2134,0.058673,0.17581
870,False,4.35,5.1072,4.8242,-0.043621,0.1738
871,False,4.355,5.2035,4.8302,-0.057554,0.17559
872,False,4.36,4.8593,5.1089,0.038483,0.17444
873,False,4.365,5.1855,5.0874,-0.015115,0.17978
874,False,4.37,4.8559,4.9293,0.011308,0.17124
875,False,4.375,5.1683,4.7952,-0.057527,0.17436
876,False,4.38,5.1797,4.7541,-0.06561,0.17384
877,False,4.385,5.0117,4.9364,-0.01161,0.17409
878,False,4.39,4.9887,5.1442,0.023971,0.17732
879,False,4.395,5.1949,4.9736,-0.034121,0.17795
880,False,4.4,4.7825,4.7998,0.0026634,0.16769
881,False,4.405,5.0047,5.1529,0.022848,0.17776
882,False,4.41,5.0604,5.0797,0.0029802,0.17745
883,False,4.415,5.1168,4.9762,-0.021679,0.17663
884,False,4.42,4.865,5.0167,0.023387,0.17293
885,False,4.425,4.7609,5.0133,0.038916,0.17105
886,False,4.43,4.8195,5.0648,0.037829,0.17298
887,False,4.435,5.1348,5.0733,-0.009478,0.17864
888,False,4.44,5.2349,4.8459,-0.059973,0.17641
889,False,4.445,4.9434,5.1509,0.031989,0.17665
890,False,4.45,5.2467,4.8483,-0.061432,0.17666
891,False,4.455,4.9132,4.9556,0.0065452,0.1727
892,False,4.46,4.8186,4.8678,0.0075961,0.16951
893,False,4.465,4.9424,4.8861,-0.0086766,0.172
894,False,4.47,5.0313,4.7543,-0.042707,0.17125
895,False,4.475,5.0669,5.2141,0.0227,0.17992
896,False,4.48,5.0208,5.0101,-0.0016488,0.17554
897,False,4.485,4.9075,4.9821,0.011497,0.17307
898,False,4.49,4.8297,5.0118,0.028077,0.17222
899,False,4.495,4.8263,4.9184,0.0142,0.17053
900,False,4.5,4.8185,4.9162,0.015066,0.17036
901,False,4.505,5.1049,5.2441,0.021469,0.18111
902,False,4.51,4.9824,4.9869,0.00068246,0.17446
903,False,4.515,4.8066,5.1234,0.048845,0.17378
904,False,4.52,5.1004,5.085,-0.0023837,0.17824
905,False,4.525,4.84,5.1478,0.047459,0.17479
906,False,4.53,5.1518,4.8863,-0.040946,0.17567
907,False,4.535,5.007,4.892,-0.017734,0.17323
908,False,4.54,5.0242,5.1086,0.013015,0.17732
909,False,4.545,4.8539,4.8423,-0.0017891,0.16968
910,False,4.55,5.1423,5.1669,0.0037864,0.18041
911,False,4.555,5.0132,4.8348,-0.027509,0.17234
912,False,4.56,5.0355,5.2266,0.029468,0.17959
913,False,4.565,4.961,5.1113,0.023167,0.17627
914,False,4.57,5.1106,4.8171,-0.045246,0.17373
915,False,4.575,4.7866,5.1765,0.060129,0.17435
916,False,4.58,5.0474,5.2158,0.025967,0.17961
917,False,4.585,5.181,5.0321,-0.022958,0.17873
918,False,4.59,4.9744,4.9494,-0.0038529,0.17367
919,False,4.595,5.0763,4.9708,-0.016265,0.17582
920,True,4.6,6.5314,5.1008,-0.22058,0.20357
921,False,4.605,5.0537,4.88,-0.026782,0.17384
922,False,4.61,4.8895,4.7643,-0.019302,0.16894
923,False,4.615,5.1498,5.224,0.011441,0.18154
924,False,4.62,5.1481,5.2481,0.015418,0.18193
925,False,4.625,5.227,5.1397,-0.013461,0.18142
926,False,4.63,4.9722,5.2447,0.04202,0.1788
927,False,4.635,4.9784,4.9938,0.0023644,0.17451
928,False,4.64,5.0499,4.814,-0.036375,0.17262
929,False,4.645,5.1713,4.9822,-0.029161,0.17769
930,False,4.65,4.7656,5.1213,0.054843,0.17302
931,False,4.655,4.8436,5.0867,0.037476,0.17378
932,False,4.66,5.2218,5.187,-0.0053668,0.18215
933,False,4.665,5.224,5.1291,-0.014622,0.18118
934,False,4.67,4.9765,5.0586,0.012658,0.17561
935,False,4.675,5.1554,4.8874,-0.041323,0.17575
936,False,4.68,5.2144,4.9182,-0.045677,0.17732
937,False,4.685,5.0864,5.1679,0.012567,0.17945
938,False,4.69,4.9362,4.9429,0.0010449,0.17288
939,False,4.695,4.9528,4.7902,-0.025082,0.1705
940,False,4.7,4.9694,5.1828,0.0329,0.17766
941,False,4.705,5.0893,4.9677,-0.018755,0.176
942,False,4.71,4.9825,4.836,-0.022587,0.17183
943,False,4.715,5.2266,4.7521,-0.073158,0.17463
944,False,4.72,4.9273,5.0762,0.022958,0.17506
945,False,4.725,4.9195,4.9348,0.0023643,0.17245
946,False,4.73,5.1979,4.938,-0.04007,0.17738
947,False,4.735,5.0227,4.9707,-0.0080247,0.17488
948,False,4.74,5.1246,5.0081,-0.017975,0.17732
949,False,4.745,4.8124,4.9001,0.013509,0.16997
950,False,4.75,4.9766,4.9892,0.001934,0.1744
951,False,4.755,4.7874,4.7531,-0.005281,0.16696
952,False,4.76,5.0817,4.8357,-0.037922,0.17355
953,False,4.765,5.1018,4.9018,-0.030844,0.17506
954,False,4.77,5.2095,5.1222,-0.013452,0.1808
955,False,4.775,5.08,5.0404,-0.0061041,0.17711
956,False,4.78,5.0951,5.1006,0.0008559,0.17842
957,False,4.785,5.1769,5.1523,-0.0037821,0.18076
958,False,4.79,4.984,5.176,0.02961,0.1778
959,False,4.795,4.9792,4.8089,-0.02627,0.17129
960,False,4.8,5.1531,5.0786,-0.011474,0.17905
961,False,4.805,5.1624,5.1265,-0.0055365,0.18006
962,False,4.81,4.8452,5.1011,0.039448,0.17406
963,False,4.815,4.7628,5.0526,0.044671,0.17177
964,False,4.82,4.7784,4.7691,-0.0014299,0.16708
965,False,4.825,4.8215,4.8476,0.0040253,0.16921
966,False,4.83,4.8357,4.9153,0.012278,0.17064
967,False,4.835,5.0629,5.0714,0.0013097,0.17735
968,False,4.84,4.7648,4.8587,0.014485,0.16841
969,False,4.845,4.9862,4.7885,-0.030484,0.17106
970,False,4.85,5.0892,5.2403,0.023293,0.18077
971,False,4.855,4.8074,4.8534,0.0070902,0.16906
972,False,4.86,4.868,5.2416,0.057603,0.17692
973,False,4.865,4.8945,5.0552,0.024769,0.17412
974,False,4.87,4.8364,4.874,0.0057991,0.16993
975,False,4.875,4.9119,5.009,0.014975,0.17361
976,False,4.88,5.1506,5.1064,-0.0068057,0.1795
977,False,4.885,4.8998,4.8799,-0.0030656,0.17115
978,False,4.89,5.1378,4.8073,-0.050954,0.17404
979,False,4.895,5.0264,5.0248,-0.00023909,0.1759
980,False,4.9,5.0273,4.8595,-0.025887,0.17302
981,False,4.905,5.1153,4.9061,-0.032261,0.17537
982,False,4.91,5.1368,5.2366,0.015381,0.18153
983,False,4.915,5.2004,4.9046,-0.045612,0.17684
984,False,4.92,4.8191,5.2231,0.062297,0.17574
985,False,4.925,5.147,4.9553,-0.029566,0.17679
986,False,4.93,4.8447,4.7552,-0.013806,0.168
987,False,4.935,4.7645,4.905,0.02167,0.16922
988,False,4.94,4.8137,4.8276,0.0021447,0.16872
989,False,4.945,4.8169,5.247,0.066326,0.17612
990,False,4.95,4.8142,4.9751,0.024818,0.17131
991,False,4.955,5.2176,5.0226,-0.030069,0.1792
992,False,4.96,4.8866,4.8812,-0.00084018,0.17094
993,False,4.965,5.2213,5.1913,-0.0046362,0.18222
994,False,4.97,5.0691,4.8015,-0.041251,0.17274
995,False,4.975,5.1863,5.1618,-0.0037751,0.18109
996,False,4.98,4.9335,4.9636,0.0046335,0.1732
997,False,4.985,4.8681,5.2102,0.052742,0.17637
998,False,4.99,4.8437,5.014,0.026265,0.17251
999,False,4.995,5.0228,5.1854,0.025069,0.17864
1000,False,5.0,4.8776,4.9264,0.0075315,0.17157
1001,False,5.005,4.9029,4.9501,0.007272,0.17243
1002,False,5.01,4.7578,5.049,0.044897,0.17162
1003,False,5.015,5.0437,5.2058,0.02498,0.17937
1004,False,5.02,5.2313,4.8165,-0.063954,0.17584
1005,False,5.025,5.1749,4.7711,-0.062266,0.17406
1006,False,5.03,4.754,4.9505,0.030305,0.16983
1007,False,5.035,5.067,5.0479,-0.002954,0.17701
1008,False,5.04,4.9296,5.2098,0.043202,0.17744
1009,False,5.045,4.807,4.8969,0.013855,0.16982
1010,False,5.05,5.0204,5.0225,0.00032544,0.17575
1011,False,5.055,4.9582,5.1408,0.028159,0.17673
1012,False,5.06,5.0085,4.9137,-0.014624,0.17364
1013,False,5.065,5.1931,4.7976,-0.060969,0.17484
1014,True,5.07,4.8247,4.2533,-0.088104,0.15886
1015,False,5.075,4.9673,4.7645,-0.031269,0.17031
1016,False,5.08,4.7795,5.0877,0.047516,0.17268
1017,False,5.085,4.9405,4.8058,-0.020772,0.17056
1018,False,5.09,5.1112,4.8498,-0.040299,0.17432
1019,False,5.095,4.7976,5.0151,0.033539,0.17172
1020,False,5.1,5.0836,5.0637,-0.0030709,0.17758
1021,False,5.105,4.8982,4.9368,0.0059512,0.17211
1022,False,5.11,5.0493,5.0532,0.00060833,0.17679
1023,False,5.115,4.8259,5.1732,0.053544,0.17498
1024,False,5.12,4.9682,5.101,0.020473,0.17621
1025,False,5.125,4.7563,4.9464,0.02931,0.1698
1026,False,5.13,4.8645,5.0359,0.026431,0.17326
1027,False,5.135,4.8818,4.8749,-0.001072,0.17074
1028,False,5.14,5.0057,5.1137,0.016649,0.17709
1029,False,5.145,4.8575,4.9217,0.0098867,0.17114
1030,False,5.15,4.9231,4.7893,-0.02062,0.16997
1031,False,5.155,5.1239,4.9011,-0.034351,0.17544
1032,False,5.16,4.9568,4.9002,-0.0087282,0.1725
1033,False,5.165,4.7779,4.7616,-0.0025079,0.16694
1034,False,5.17,4.945,4.8381,-0.016491,0.1712
1035,True,5.175,4.9872,4.2083,-0.1201,0.16092
1036,False,5.18,5.1627,5.078,-0.013057,0.17921
1037,False,5.185,4.9018,5.1783,0.042624,0.1764
1038,False,5.19,5.1609,4.8855,-0.042466,0.17581
1039,False,5.195,5.0328,5.198,0.025461,0.17904
1040,False,5.2,4.7772,4.8544,0.011904,0.16855
1041,False,5.205,4.88,5.2321,0.054285,0.17696
1042,False,5.21,5.0446,4.9572,-0.013471,0.17503
1043,False,5.215,4.9899,4.8648,-0.019286,0.17246
1044,False,5.22,4.8493,5.1592,0.047776,0.17515
1045,False,5.225,4.8695,4.9302,0.0093614,0.1715
1046,False,5.23,5.1401,5.0008,-0.021483,0.17747
1047,False,5.235,5.0587,5.1238,0.01005,0.17819
1048,False,5.24,4.8221,5.1659,0.053018,0.17479
1049,False,5.245,5.1081,4.9472,-0.024798,0.17597
1050,False,5.25,4.9508,4.7983,-0.023503,0.17061
1051,False,5.255,4.9812,4.8827,-0.015187,0.17262
1052,False,5.26,5.1036,5.146,0.0065269,0.17937
1053,False,5.265,4.9506,5.2184,0.041295,0.17796
1054,False,5.27,4.7572,5.0341,0.042699,0.17135
1055,False,5.275,4.7873,5.219,0.06656,0.17511
1056,False,5.28,5.0455,5.0486,0.00047645,0.17665
1057,False,5.285,4.973,5.244,0.04178,0.1788
1058,False,5.29,5.2133,5.1312,-0.012664,0.18103
1059,False,5.295,4.7974,4.8428,0.006994,0.1687
1060,False,5.3,4.9377,5.0084,0.010897,0.17406
1061,False,5.305,5.023,5.0701,0.0072585,0.17663
1062,False,5.31,4.8058,5.1845,0.05838,0.17483
1063,False,5.315,5.2022,5.0501,-0.023463,0.17942
1064,False,5.32,5.0666,5.2498,0.028246,0.18054
1065,False,5.325,5.2027,4.8146,-0.059842,0.1753
1066,False,5.33,5.0653,4.8967,-0.025994,0.17433
1067,False,5.335,4.7571,4.9884,0.035667,0.17055
1068,False,5.34,4.9082,4.8148,-0.014408,0.17015
1069,False,5.345,4.8059,4.8641,0.0089622,0.16922
1070,False,5.35,5.0647,4.8405,-0.034568,0.17334
1071,False,5.355,4.7804,5.086,0.047127,0.17266
1072,False,5.36,5.087,4.9129,-0.026844,0.175
1073,False,5.365,4.9887,5.1453,0.024141,0.17735
1074,False,5.37,4.9028,5.023,0.018538,0.1737
1075,False,5.375,5.0082,4.8653,-0.022031,0.17279
1076,False,5.38,5.1035,5.0934,-0.0015623,0.17845
1077,False,5.385,5.1568,4.7745,-0.058939,0.1738
1078,False,5.39,4.9079,5.0363,0.019797,0.17402
1079,False,5.395,4.9057,5.2469,0.052613,0.17767
1080,False,5.4,4.9225,4.9315,0.0013871,0.17244
1081,False,5.405,5.0832,5.0294,-0.0082939,0.17697
1082,False,5.41,5.1805,5.2136,0.0051042,0.1819
1083,False,5.415,5.1309,4.8799,-0.038693,0.17519
1084,False,5.42,5.1879,5.1662,-0.0033429,0.1812
1085,False,5.425,5.1856,4.8376,-0.053665,0.17541
1086,False,5.43,4.8364,5.1899,0.054508,0.17546
1087,False,5.435,5.1751,4.8898,-0.043988,0.17614
1088,False,5.44,5.2298,5.1747,-0.0084888,0.18208
1089,False,5.445,5.1351,5.1534,0.0028146,0.18005
1090,False,5.45,5.1875,4.8446,-0.052877,0.17556
1091,False,5.455,4.7837,5.2393,0.070242,0.1754
1092,False,5.46,5.0734,4.8769,-0.030302,0.17413
1093,False,5.465,4.912,5.1393,0.035035,0.1759
1094,False,5.47,5.0702,5.1554,0.013139,0.17895
1095,False,5.475,5.1899,4.999,-0.029434,0.1783
1096,False,5.48,4.9368,5.2079,0.041791,0.17753
1097,False,5.485,5.1334,4.8005,-0.051325,0.17384
1098,False,5.49,4.834,4.8179,-0.0024872,0.16891
1099,False,5.495,5.0099,5.1792,0.026103,0.17831
1100,False,5.5,5.0637,4.7593,-0.046935,0.1719
1101,False,5.505,5.107,5.1142,0.0011112,0.17887
1102,False,5.51,4.9032,5.1583,0.039337,0.17608
1103,False,5.515,4.8818,4.8081,-0.011369,0.16957
1104,False,5.52,5.208,4.9943,-0.032953,0.17854
1105,False,5.525,5.0575,4.9237,-0.020629,0.17467
1106,False,5.53,4.7966,5.1369,0.052478,0.17384
1107,False,5.535,5.0638,4.8926,-0.026397,0.17424
1108,True,5.54,7.0467,5.1622,-0.29057,0.21366
1109,False,5.545,5.1385,4.8365,-0.046556,0.17456
1110,False,5.55,5.1823,5.1818,-6.6072e-05,0.18137
1111,False,5.555,4.9168,5.213,0.045675,0.17727
1112,False,5.56,4.8177,4.8456,0.0042933,0.16911
1113,False,5.565,5.1327,4.7752,-0.05513,0.17339
1114,False,5.57,4.9093,5.0242,0.017719,0.17384
1115,False,5.575,4.8762,4.7548,-0.018723,0.16854
1116,False,5.58,4.85,5.1642,0.048436,0.17525
1117,False,5.585,4.7845,5.2043,0.064722,0.1748
1118,False,5.59,5.026,5.1026,0.011825,0.17725
1119,False,5.595,4.9519,4.8717,-0.012372,0.17191
1120,False,5.6,5.1251,5.0446,-0.012403,0.17797
1121,False,5.605,4.9936,5.2194,0.034824,0.17873
1122,False,5.61,4.9424,5.1978,0.039372,0.17745
1123,False,5.615,4.7807,5.0531,0.042001,0.17209
1124,False,5.62,4.8568,5.1462,0.044612,0.17505
1125,False,5.625,5.0219,5.1681,0.022534,0.17833
1126,False,5.63,4.9553,5.0301,0.011525,0.17474
1127,False,5.635,5.2005,4.7503,-0.069404,0.17414
1128,False,5.64,4.7781,4.8756,0.015032,0.16894
1129,False,5.645,4.9718,4.966,-0.00089124,0.17391
1130,False,5.65,5.0189,4.9653,-0.0082612,0.17472
1131,False,5.655,4.817,5.1876,0.057139,0.17508
1132,False,5.66,5.0205,4.7838,-0.036488,0.17158
1133,False,5.665,5.1787,4.92,-0.039892,0.17673
1134,False,5.67,4.849,4.8385,-0.0016155,0.16953
1135,False,5.675,4.8278,4.873,0.0069712,0.16976
1136,False,5.68,4.7807,5.1139,0.051378,0.17316
1137,False,5.685,5.0805,4.8941,-0.028745,0.17456
1138,False,5.69,4.7593,4.8687,0.016863,0.16849
1139,False,5.695,4.8956,4.8198,-0.011675,0.17002
1140,False,5.7,5.2369,4.8604,-0.058058,0.1767
1141,False,5.705,5.1323,5.1588,0.0040787,0.18009
1142,False,5.71,4.8718,4.9391,0.010372,0.17169
1143,False,5.715,5.0911,5.0828,-0.0012798,0.17804
1144,False,5.72,4.8189,5.2179,0.061517,0.17564
1145,False,5.725,5.0649,4.9632,-0.015675,0.17549
1146,False,5.73,5.1785,5.0526,-0.019416,0.17904
1147,False,5.735,5.1999,5.2348,0.00538,0.18261
1148,False,5.74,4.9242,4.9323,0.0012553,0.17249
1149,False,5.745,4.9932,5.0822,0.013733,0.17632
1150,False,5.75,5.0898,4.9074,-0.02812,0.17495
1151,False,5.755,5.1021,5.1929,0.014,0.18016
1152,False,5.76,4.9804,4.8978,-0.012746,0.17287
1153,False,5.765,4.9321,4.8977,-0.0053122,0.17202
1154,False,5.77,4.8901,5.2035,0.048323,0.17664
1155,False,5.775,4.7881,4.9964,0.032123,0.17123
1156,False,5.78,4.9723,4.8536,-0.018308,0.17195
1157,False,5.785,4.8329,4.7629,-0.010784,0.16793
1158,False,5.79,4.9494,4.8351,-0.017619,0.17123
1159,False,5.795,5.2103,4.9012,-0.047662,0.17695
1160,False,5.8,5.0057,5.2307,0.0347,0.17914
1161,False,5.805,5.2071,5.1418,-0.010059,0.18111
1162,False,5.81,4.796,5.0866,0.044816,0.17295
1163,False,5.815,5.2465,5.1704,-0.011742,0.1823
1164,False,5.82,4.7982,4.9604,0.02501,0.17078
1165,False,5.825,4.9066,5.1019,0.030112,0.17515
1166,False,5.83,5.1427,4.9906,-0.023443,0.17733
1167,False,5.835,5.0512,5.1603,0.01682,0.1787
1168,False,5.84,4.983,4.9687,-0.0021985,0.17415
1169,False,5.845,4.8991,5.18,0.043314,0.17638
1170,False,5.85,4.8166,4.7544,-0.0095807,0.16749
1171,False,5.855,4.8975,5.248,0.054044,0.17755
1172,False,5.86,4.8333,4.8876,0.0083702,0.17012
1173,False,5.865,4.9086,4.7668,-0.021862,0.16932
1174,False,5.87,4.8049,4.826,0.003258,0.16854
1175,False,5.875,5.166,4.9898,-0.027174,0.17773
1176,False,5.88,5.2358,5.1944,-0.0063794,0.18253
1177,False,5.885,4.8591,4.8917,0.0050224,0.17064
1178,False,5.89,5.103,5.1421,0.006017,0.17929
1179,False,5.895,4.7695,4.8352,0.010128,0.16808
1180,False,5.9,5.0581,5.1156,0.0088655,0.17804
1181,False,5.905,5.0847,4.8733,-0.03259,0.17426
1182,False,5.91,4.7686,4.7909,0.0034414,0.16729
1183,False,5.915,4.7517,5.1765,0.065496,0.17374
1184,False,5.92,4.8212,5.0933,0.041945,0.1735
1185,False,5.925,5.1812,5.2291,0.0073782,0.18218
1186,False,5.93,4.888,5.2425,0.05466,0.17728
1187,False,5.935,5.0158,5.0174,0.00023367,0.17558
1188,False,5.94,5.0111,5.203,0.029585,0.17875
1189,False,5.945,5.0338,4.9883,-0.007013,0.17539
1190,False,5.95,4.9165,5.1948,0.042913,0.17695
1191,False,5.955,4.9567,4.7619,-0.030033,0.17008
1192,False,5.96,4.9572,4.8144,-0.022019,0.171
1193,False,5.965,5.242,5.1203,-0.018755,0.18134
1194,False,5.97,4.7789,4.9455,0.025693,0.17018
1195,False,5.975,4.9483,4.9468,-0.00022468,0.17316
1196,False,5.98,5.1457,5.0509,-0.014607,0.17844
1197,False,5.985,5.0471,4.7619,-0.043966,0.17166
1198,False,5.99,4.9048,4.9438,0.0060215,0.17235
1199,False,5.995,5.2009,4.7784,-0.065148,0.17464
1200,False,6.0,4.7966,5.0948,0.045981,0.1731
1201,False,6.005,4.9095,5.0102,0.015524,0.17359
1202,False,6.01,5.1935,4.788,-0.062512,0.17468
1203,False,6.015,5.0787,4.9531,-0.019363,0.17556
1204,False,6.02,5.0923,4.9651,-0.019605,0.176
1205,False,6.025,4.987,5.0797,0.01429,0.17617
1206,False,6.03,4.8206,4.8592,0.0059475,0.1694
1207,False,6.035,5.2255,4.7905,-0.067058,0.17528
1208,False,6.04,5.1913,4.9838,-0.03199,0.17807
1209,False,6.045,4.9687,5.1143,0.022452,0.17645
1210,False,6.05,5.1675,5.057,-0.017035,0.17893
1211,False,6.055,4.9126,5.2003,0.044363,0.17698
1212,False,6.06,4.9338,4.8764,-0.0088548,0.17168
1213,False,6.065,5.1474,4.86,-0.044308,0.17513
1214,False,6.07,4.7997,4.8679,0.010523,0.16918
1215,False,6.075,5.2259,5.1551,-0.01092,0.18167
1216,False,6.08,4.7507,5.1012,0.054037,0.17241
1217,False,6.085,4.8977,5.1893,0.044953,0.17652
1218,False,6.09,4.7742,5.1055,0.051078,0.1729
1219,False,6.095,4.9714,5.0805,0.016832,0.17591
1220,False,6.1,5.1449,4.9698,-0.027003,0.17701
1221,False,6.105,5.2068,5.0314,-0.027038,0.17917
1222,False,6.11,5.0166,5.2452,0.035236,0.17958
1223,False,6.115,5.152,5.2287,0.011814,0.18166
1224,False,6.12,5.0313,4.9184,-0.017411,0.17412
1225,False,6.125,5.1254,4.8277,-0.045902,0.17418
1226,False,6.13,4.7546,4.9585,0.031442,0.16998
1227,False,6.135,4.9884,5.0272,0.0059895,0.17527
1228,False,6.14,4.8752,4.7649,-0.017005,0.1687
1229,False,6.145,4.904,5.1834,0.043078,0.17653
1230,False,6.15,5.2335,5.1972,-0.0055919,0.18254
1231,False,6.155,4.8544,4.9986,0.022232,0.17243
1232,False,6.16,5.0102,4.8546,-0.02399,0.17264
1233,False,6.165,4.8628,5.1108,0.038242,0.17454
1234,False,6.17,5.0336,5.0999,0.010216,0.17734
1235,False,6.175,5.2491,4.9804,-0.041431,0.17902
1236,False,6.18,4.8159,4.8353,0.0029856,0.1689
1237,False,6.185,5.2273,5.1472,-0.012358,0.18155
1238,False,6.19,4.8119,5.1942,0.058947,0.17511
1239,False,6.195,4.8431,4.8213,-0.0033708,0.16913
1240,False,6.2,5.0733,5.2198,0.022601,0.18013
1241,False,6.205,4.8141,4.7501,-0.0098608,0.16737
1242,False,6.21,4.7907,4.9694,0.027559,0.1708
1243,False,6.215,5.0796,4.7556,-0.049961,0.17212
1244,False,6.22,4.7637,4.8673,0.015967,0.16854
1245,False,6.225,5.2426,5.1035,-0.021447,0.18106
1246,False,6.23,5.0197,5.0971,0.011936,0.17704
1247,False,6.235,4.9369,4.8826,-0.008381,0.17184
1248,False,6.24,5.1034,4.9133,-0.029308,0.17529
1249,False,6.245,5.2237,4.7966,-0.065851,0.17536
1250,False,6.25,4.9411,4.7708,-0.026264,0.16996
1251,False,6.255,5.0965,5.1296,0.0051168,0.17896
1252,False,6.26,5.051,4.9124,-0.02137,0.17436
1253,False,6.265,5.1376,5.0109,-0.019538,0.1776
1254,False,6.27,5.0459,5.2259,0.027757,0.17976
1255,False,6.275,4.9381,5.0845,0.022573,0.1754
1256,False,6.28,5.1753,4.9866,-0.029105,0.17783
1257,False,6.285,4.8629,5.0747,0.032659,0.17391
1258,False,6.29,5.1485,5.0828,-0.010124,0.17905
1259,False,6.295,5.2484,4.8651,-0.059109,0.17699
1260,False,6.3,4.8907,5.1524,0.040364,0.17575
1261,False,6.305,5.1052,5.0014,-0.016004,0.17687
1262,False,6.31,5.0823,4.967,-0.017778,0.17586
1263,False,6.315,4.9574,5.1045,0.02268,0.17608
1264,False,6.32,4.9991,5.0276,0.0043938,0.17547
1265,False,6.325,5.2246,4.8775,-0.053511,0.17679
1266,False,6.33,5.2266,4.7876,-0.067686,0.17525
1267,False,6.335,5.1165,5.0446,-0.011088,0.17782
1268,False,6.34,4.9423,5.0871,0.022323,0.17552
1269,False,6.345,4.77,5.044,0.042241,0.17175
1270,False,6.35,5.0415,5.0169,-0.0037954,0.17602
1271,False,6.355,5.0324,4.9863,-0.0070999,0.17533
1272,False,6.36,4.9276,4.9119,-0.0024185,0.17219
1273,False,6.365,5.1901,4.9655,-0.034631,0.17772
1274,False,6.37,5.0623,5.1324,0.010821,0.17841
1275,False,6.375,5.062,5.2482,0.028713,0.18043
1276,False,6.38,4.8979,4.8825,-0.0023685,0.17116
1277,False,6.385,4.7873,5.146,0.055305,0.17383
1278,False,6.39,4.8969,4.8173,-0.012265,0.17
1279,False,6.395,4.8674,4.7678,-0.015357,0.16861
1280,False,6.4,4.9229,4.977,0.0083298,0.17325
1281,False,6.405,5.1742,5.0315,-0.022011,0.1786
1282,False,6.41,4.8302,4.8654,0.0054364,0.16967
1283,False,6.415,4.8289,4.8224,-0.0010101,0.1689
1284,False,6.42,5.0043,5.0885,0.012985,0.17663
1285,False,6.425,5.0517,4.927,-0.019214,0.17463
1286,False,6.43,4.8307,5.0052,0.026911,0.17213
1287,False,6.435,5.0677,5.0974,0.0045679,0.17789
1288,False,6.44,5.172,5.0476,-0.019169,0.17884
1289,False,6.445,5.1411,5.0031,-0.02129,0.17752
1290,False,6.45,4.8823,5.1382,0.039458,0.17536
1291,False,6.455,4.9073,5.0926,0.028563,0.175
1292,False,6.46,4.8416,4.9097,0.010508,0.17065
1293,False,6.465,4.9737,5.1661,0.029655,0.17745
1294,False,6.47,4.9133,5.0804,0.02576,0.17489
1295,False,6.475,4.8899,5.0435,0.023687,0.17384
1296,False,6.48,5.2159,4.7595,-0.070361,0.17457
1297,False,6.485,4.9498,5.1685,0.033709,0.17707
1298,False,6.49,4.9397,4.807,-0.020462,0.17057
1299,False,6.495,5.0464,5.1702,0.019086,0.17879
1300,False,6.5,4.7843,4.9187,0.020737,0.1698
1301,False,6.505,4.8526,4.9647,0.017284,0.1718
1302,False,6.51,5.1118,5.1469,0.0054088,0.17953
1303,False,6.515,5.0376,4.8208,-0.033426,0.17252
1304,False,6.52,4.8501,5.0541,0.031444,0.17332
1305,False,6.525,5.1717,5.2153,0.0067185,0.18177
1306,True,6.53,4.9619,5.6656,0.10851,0.18598
1307,False,6.535,5.0224,4.7739,-0.038313,0.17143
1308,False,6.54,5.014,5.0992,0.013135,0.17698
1309,False,6.545,4.8426,4.8786,0.0055508,0.17012
1310,False,6.55,4.7908,5.0955,0.046966,0.17301
1311,False,6.555,4.982,4.9316,-0.0077797,0.17349
1312,False,6.56,4.7653,5.0209,0.03942,0.17126
1313,False,6.565,4.9675,4.8611,-0.016409,0.172
1314,False,6.57,5.0289,5.2027,0.026799,0.17905
1315,False,6.575,5.0694,4.9368,-0.020448,0.17511
1316,False,6.58,4.7671,4.7894,0.0034383,0.16724
1317,False,6.585,5.105,4.7655,-0.052344,0.17273
1318,False,6.59,4.8347,5.0635,0.035276,0.17322
1319,False,6.595,5.0467,5.2185,0.02649,0.17964
1320,False,6.6,5.054,4.91,-0.022213,0.17437
1321,False,6.605,5.1362,5.1226,-0.0020957,0.17953
1322,False,6.61,4.7781,4.8945,0.017936,0.16927
1323,False,6.615,5.1774,4.8122,-0.056306,0.17482
1324,False,6.62,4.9421,5.007,0.010006,0.17411
1325,False,6.625,4.9498,4.9438,-0.00093337,0.17314
1326,False,6.63,4.9127,5.2393,0.050356,0.17766
1327,False,6.635,5.0277,4.8959,-0.020319,0.17366
1328,False,6.64,4.8977,5.0462,0.02289,0.17402
1329,False,6.645,4.9331,5.0357,0.015822,0.17445
1330,False,6.65,4.9245,5.0579,0.020569,0.17469
1331,False,6.655,5.0651,5.0305,-0.0053433,0.17667
1332,False,6.66,5.0822,4.8899,-0.029648,0.17451
1333,False,6.665,5.246,4.8259,-0.064777,0.17626
1334,False,6.67,5.2222,5.1165,-0.016293,0.18093
1335,False,6.675,4.9252,4.7698,-0.023949,0.16966
1336,False,6.68,4.8465,5.1508,0.04692,0.17495
1337,False,6.685,5.2098,4.9532,-0.039561,0.17785
1338,False,6.69,4.8943,5.165,0.041732,0.17604
1339,False,6.695,5.0254,5.2355,0.032392,0.17957
1340,False,6.7,5.2097,4.9612,-0.038303,0.17799
1341,False,6.705,4.795,4.777,-0.0027864,0.16751
1342,False,6.71,4.8788,5.1435,0.040808,0.17539
1343,False,6.715,4.9635,5.065,0.015652,0.1755
1344,False,6.72,5.0389,5.0044,-0.005312,0.17576
1345,False,6.725,5.1998,5.0338,-0.025582,0.17909
1346,False,6.73,4.8591,4.9046,0.0070127,0.17086
1347,False,6.735,5.2335,5.1236,-0.016952,0.18125
1348,False,6.74,4.967,4.9183,-0.0075027,0.17299
1349,False,6.745,5.1424,5.1917,0.0075961,0.18085
1350,False,6.75,5.0126,4.9168,-0.014769,0.17377
1351,False,6.755,4.9156,5.148,0.035828,0.17611
1352,False,6.76,4.9658,5.1524,0.02877,0.17707
1353,False,6.765,5.109,4.7751,-0.051472,0.17297
1354,False,6.77,5.2081,4.9513,-0.039603,0.17779
1355,False,6.775,5.195,5.2326,0.0057946,0.18248
1356,False,6.78,4.8174,4.9572,0.02156,0.17105
1357,False,6.785,4.81,4.9153,0.016237,0.17019
1358,False,6.79,5.1967,5.0682,-0.019819,0.17964
1359,False,6.795,5.0765,5.179,0.015799,0.17947
1360,False,6.8,4.7701,5.1441,0.057666,0.1735
1361,False,6.805,5.0024,5.0192,0.0025975,0.17538
1362,False,6.81,5.1972,5.1208,-0.011778,0.18057
1363,False,6.815,4.9429,5.1199,0.02729,0.1761
1364,False,6.82,4.896,4.9724,0.011775,0.1727
1365,False,6.825,4.867,5.1752,0.047518,0.17574
1366,False,6.83,4.8505,4.9973,0.022633,0.17234
1367,False,6.835,4.9402,5.2241,0.043777,0.17787
1368,True,6.84,5.6382,5.1489,-0.075448,0.18877
1369,False,6.845,4.8842,4.8165,-0.010434,0.16976
1370,False,6.85,5.0612,4.8689,-0.029655,0.17378
1371,False,6.855,5.1523,4.8139,-0.05218,0.17441
1372,False,6.86,4.802,5.0171,0.033161,0.17183
1373,False,6.865,5.1146,4.7783,-0.051848,0.17313
1374,False,6.87,5.0743,4.9843,-0.013878,0.17603
1375,False,6.875,4.9873,5.2413,0.039166,0.179
1376,False,6.88,5.2165,5.0911,-0.019326,0.18038
1377,False,6.885,4.7982,5.1855,0.059705,0.17471
1378,False,6.89,5.0496,4.9981,-0.0079325,0.17583
1379,False,6.895,4.8668,4.8938,0.0041705,0.17081
1380,False,6.9,4.7662,4.8415,0.011617,0.16813
1381,False,6.905,5.0399,5.2306,0.0294,0.17973
1382,False,6.91,5.1711,5.1281,-0.0066251,0.18024
1383,False,6.915,5.0284,5.2252,0.030333,0.17944
1384,False,6.92,5.1699,5.0856,-0.012999,0.17947
1385,False,6.925,4.8525,4.843,-0.0014569,0.16967
1386,False,6.93,5.0606,4.8949,-0.025549,0.17422
1387,False,6.935,4.837,4.7791,-0.0089283,0.16828
1388,False,6.94,4.8948,4.772,-0.018924,0.16917
1389,False,6.945,4.7593,4.8898,0.020125,0.16886
1390,False,6.95,5.1007,4.8352,-0.040938,0.17388
1391,False,6.955,5.226,5.0886,-0.0212,0.18051
1392,False,6.96,5.1245,5.2012,0.011827,0.1807
1393,False,6.965,5.1284,4.926,-0.031202,0.17595
1394,False,6.97,5.021,4.8001,-0.03407,0.17187
1395,False,6.975,4.891,5.1465,0.03939,0.17566
1396,False,6.98,4.8724,4.9842,0.017235,0.17249
1397,False,6.985,4.8932,5.0937,0.030916,0.17477
1398,False,6.99,5.2316,5.0915,-0.02159,0.18065
1399,False,6.995,4.8653,4.9607,0.014705,0.17196
1400,False,7.0,5.0187,5.0797,0.0094069,0.17672
1401,False,7.005,4.8525,5.0667,0.033028,0.17359
1402,False,7.01,4.967,5.0126,0.0070235,0.17464
1403,False,7.015,4.8211,4.8456,0.0037829,0.16917
1404,False,7.02,4.9378,5.006,0.010509,0.17402
1405,False,7.025,5.1468,5.1242,-0.0034869,0.17974
1406,False,7.03,5.1564,4.9599,-0.030296,0.17704
1407,False,7.035,5.2019,5.1187,-0.012821,0.18061
1408,False,7.04,5.0202,5.0932,0.011263,0.17698
1409,False,7.045,5.1589,5.2279,0.010628,0.18177
1410,False,7.05,5.1042,4.904,-0.030876,0.17514
1411,False,7.055,4.7716,4.9212,0.023058,0.16962
1412,False,7.06,4.823,4.9435,0.018586,0.17091
1413,False,7.065,4.8667,4.7631,-0.01597,0.16852
1414,False,7.07,4.8734,5.0668,0.029823,0.17395
1415,False,7.075,4.8351,5.0326,0.030449,0.17269
1416,False,7.08,4.8675,4.9328,0.010057,0.1715
1417,False,7.085,4.8877,4.9607,0.011255,0.17235
1418,False,7.09,5.2258,4.9811,-0.03773,0.17862
1419,False,7.095,4.9233,4.9072,-0.0024849,0.17203
1420,False,7.1,4.8987,4.8628,-0.0055245,0.17083
1421,False,7.105,4.9522,4.808,-0.02224,0.1708
1422,False,7.11,4.9011,4.817,-0.012972,0.17007
1423,False,7.115,5.1287,5.2233,0.014587,0.18116
1424,False,7.12,4.9299,4.9962,0.010229,0.17371
1425,False,7.125,4.8124,5.1241,0.048053,0.17389
1426,False,7.13,5.0586,4.9055,-0.023609,0.17437
1427,False,7.135,4.9278,4.7539,-0.026814,0.16943
1428,False,7.14,4.9315,5.0578,0.01948,0.17481
1429,False,7.145,4.7842,4.9288,0.022286,0.16998
1430,False,7.15,5.1836,5.0744,-0.016832,0.17951
1431,False,7.155,4.9789,5.173,0.029918,0.17766
1432,False,7.16,4.7888,4.8007,0.00183,0.16782
1433,False,7.165,5.2025,5.0442,-0.024409,0.17932
1434,False,7.17,4.8908,5.0412,0.023181,0.17381
1435,False,7.175,5.0569,5.0109,-0.0070982,0.17619
1436,False,7.18,5.0809,4.9773,-0.015978,0.17602
1437,False,7.185,4.85,5.2334,0.059105,0.17646
1438,False,7.19,5.23,4.8412,-0.059953,0.17625
1439,False,7.195,5.0826,5.0297,-0.0081497,0.17696
1440,False,7.2,5.0206,5.0632,0.0065663,0.17647
1441,False,7.205,5.1845,4.7651,-0.064668,0.17412
1442,False,7.21,5.0285,5.0711,0.0065703,0.17674
1443,False,7.215,4.7607,5.1691,0.062966,0.17377
1444,False,7.22,4.9913,4.9476,-0.006749,0.17393
1445,False,7.225,5.154,4.9687,-0.028574,0.17715
1446,False,7.23,5.118,4.7924,-0.050197,0.17343
1447,False,7.235,5.0362,5.0407,0.00069947,0.17634
1448,False,7.24,4.7545,5.1858,0.066507,0.17396
1449,False,7.245,5.1091,4.8535,-0.039423,0.17435
1450,False,7.25,4.9747,4.7973,-0.027354,0.17101
1451,False,7.255,5.0798,4.844,-0.036362,0.17367
1452,False,7.26,5.1266,5.0839,-0.0065815,0.17868
1453,False,7.265,5.1524,5.1162,-0.0055752,0.1797
1454,False,7.27,4.7646,5.0655,0.046399,0.17203
1455,False,7.275,5.1399,4.9841,-0.024023,0.17717
1456,False,7.28,5.0337,4.9072,-0.019503,0.17396
1457,False,7.285,4.7881,5.0707,0.043584,0.17253
1458,False,7.29,4.8758,5.031,0.02393,0.17337
1459,False,7.295,4.8167,5.0819,0.04088,0.17323
1460,False,7.3,5.0322,4.8124,-0.03389,0.17228
1461,False,7.305,5.0205,5.087,0.010257,0.17688
1462,False,7.31,4.7845,5.0902,0.047134,0.17281
1463,False,7.315,5.2442,5.2151,-0.0044953,0.18304
1464,False,7.32,4.8755,5.1644,0.044538,0.1757
1465,False,7.325,4.9077,4.8391,-0.01059,0.17057
1466,False,7.33,4.9003,5.2246,0.050001,0.17719
1467,False,7.335,4.771,4.8498,0.012149,0.16836
1468,False,7.34,5.014,4.8588,-0.023916,0.17277
1469,False,7.345,4.878,4.7543,-0.01908,0.16856
1470,False,7.35,4.9544,4.9003,-0.0083324,0.17246
1471,False,7.355,5.2238,4.8872,-0.051886,0.17694
1472,False,7.36,5.2096,5.0432,-0.025659,0.17943
1473,False,7.365,4.8106,4.9483,0.021224,0.17078
1474,False,7.37,5.046,4.8432,-0.031264,0.17306
1475,False,7.375,4.9298,4.9464,0.0025567,0.17283
1476,False,7.38,5.1097,4.8273,-0.043535,0.1739
1477,False,7.385,5.0118,5.1662,0.023803,0.17811
1478,False,7.39,4.8804,4.8249,-0.0085643,0.16984
1479,False,7.395,4.9965,5.0898,0.014375,0.17651
1480,False,7.4,5.1779,5.125,-0.0081522,0.1803
1481,False,7.405,5.1122,4.7574,-0.054698,0.17272
1482,False,7.41,4.8496,4.8211,-0.0043838,0.16924
1483,False,7.415,4.8286,4.7653,-0.0097622,0.16789
1484,False,7.42,4.9352,5.1543,0.033783,0.17657
1485,False,7.425,5.1811,4.7736,-0.06284,0.17421
1486,False,7.43,5.0924,5.0831,-0.0014325,0.17807
1487,False,7.435,5.0671,4.978,-0.013735,0.17579
1488,False,7.44,4.8207,5.1515,0.05101,0.17451
1489,False,7.445,4.7897,4.9292,0.021519,0.17008
1490,False,7.45,5.1881,4.7627,-0.065591,0.17414
1491,False,7.455,4.9602,4.8593,-0.01556,0.17184
1492,False,7.46,4.9938,5.1055,0.017211,0.17674
1493,False,7.465,4.9802,5.0245,0.00683,0.17508
1494,False,7.47,5.0078,5.1848,0.027292,0.17837
1495,False,7.475,4.886,5.1194,0.03599,0.17509
1496,False,7.48,4.8658,4.8016,-0.0098948,0.16918
1497,False,7.485,5.1998,5.2357,0.0055429,0.18262
1498,False,7.49,5.2043,5.1194,-0.013105,0.18066
1499,False,7.495,5.0518,4.7569,-0.045468,0.17165
1500,False,7.5,4.9326,5.0896,0.024198,0.17539
1501,False,7.505,5.0493,4.9928,-0.0087182,0.17574
1502,False,7.51,5.0842,4.7674,-0.048859,0.1724
1503,False,7.515,5.1973,4.8072,-0.060142,0.17508
1504,False,7.52,4.7937,4.7883,-0.00082569,0.16768
1505,False,7.525,5.0195,5.0539,0.0053051,0.17628
1506,False,7.53,4.9642,4.8667,-0.015032,0.17204
1507,False,7.535,5.0586,4.821,-0.03663,0.17289
1508,False,7.54,5.0294,5.0151,-0.0022128,0.17578
1509,False,7.545,4.8629,5.2152,0.054308,0.17637
1510,False,7.55,4.8023,5.0585,0.039501,0.17256
1511,False,7.555,4.755,5.0949,0.052416,0.17237
1512,False,7.56,4.7796,4.8672,0.013512,0.16882
1513,False,7.565,4.9113,4.8534,-0.008928,0.17088
1514,False,7.57,5.1397,4.7687,-0.057211,0.1734
1515,False,7.575,4.9177,5.0817,0.025278,0.17499
1516,False,7.58,5.0598,5.0036,-0.0086586,0.17611
1517,False,7.585,5.2464,4.9929,-0.039092,0.17919
1518,False,7.59,5.074,5.1808,0.016474,0.17946
1519,False,7.595,5.0199,5.2328,0.032821,0.17942
1520,False,7.6,4.8661,5.1298,0.040661,0.17493
1521,False,7.605,5.1199,4.8733,-0.038018,0.17488
1522,False,7.61,5.1945,5.0881,-0.016399,0.17995
1523,False,7.615,5.1799,5.1297,-0.007748,0.18042
1524,False,7.62,5.0485,5.0431,-0.00083807,0.1766
1525,False,7.625,5.0774,5.1612,0.012927,0.17918
1526,False,7.63,5.2075,5.2134,0.00091132,0.18237
1527,False,7.635,4.9666,5.0688,0.015756,0.17562
1528,False,7.64,4.8949,4.7595,-0.020878,0.16895
1529,False,7.645,5.0659,4.8422,-0.034502,0.17339
1530,False,7.65,4.8977,4.7634,-0.020713,0.16907
1531,False,7.655,5.061,5.2175,0.024128,0.17987
1532,False,7.66,4.7738,4.9922,0.033684,0.17091
1533,False,7.665,5.2473,5.1474,-0.015405,0.18191
1534,False,7.67,4.8534,4.9784,0.019279,0.17206
1535,False,7.675,5.0537,4.9971,-0.0087234,0.17589
1536,False,7.68,4.9238,4.9629,0.0060197,0.17302
1537,False,7.685,5.1089,5.1959,0.013417,0.18033
1538,False,7.69,4.764,5.1871,0.065243,0.17414
1539,False,7.695,4.7834,5.0666,0.043658,0.17237
1540,False,7.7,5.2135,4.8961,-0.048937,0.17692
1541,False,7.705,4.7939,4.8958,0.01572,0.16957
1542,False,7.71,4.9162,4.8728,-0.0066992,0.17131
1543,False,7.715,5.0131,5.1022,0.013735,0.17702
1544,False,7.72,4.8733,5.1373,0.040703,0.17519
1545,False,7.725,5.0214,5.1613,0.021567,0.1782
1546,False,7.73,5.1404,5.1531,0.0019521,0.18014
1547,False,7.735,5.0109,4.8769,-0.020669,0.17304
1548,False,7.74,5.216,5.1502,-0.010134,0.18141
1549,False,7.745,4.8236,5.0649,0.037205,0.17305
1550,False,7.75,4.9584,4.8658,-0.014282,0.17192
1551,False,7.755,4.8901,4.9405,0.0077697,0.17204
1552,False,7.76,5.0491,4.9766,-0.011171,0.17545
1553,False,7.765,4.7682,5.0003,0.035777,0.17095
1554,False,7.77,4.7818,5.0203,0.036764,0.17154
1555,False,7.775,4.9114,4.9226,0.0017163,0.1721
1556,False,7.78,4.7992,4.8957,0.014883,0.16966
1557,False,7.785,4.835,5.1018,0.041128,0.17389
1558,False,7.79,4.9356,5.217,0.043397,0.17767
1559,False,7.795,4.7699,5.0471,0.042741,0.1718
1560,False,7.8,5.1046,5.0465,-0.0089543,0.17765
1561,False,7.805,5.0707,5.1194,0.007508,0.17833
1562,False,7.81,4.837,4.9363,0.015309,0.17103
1563,False,7.815,4.7811,4.9766,0.030152,0.17076
1564,False,7.82,4.9533,5.0047,0.0079186,0.17427
1565,False,7.825,4.9815,5.2144,0.035898,0.17843
1566,False,7.83,4.8513,4.9754,0.019128,0.17197
1567,False,7.835,5.1848,5.0687,-0.017894,0.17944
1568,False,7.84,5.049,4.9797,-0.010683,0.1755
1569,False,7.845,4.7615,5.0269,0.040918,0.1713
1570,False,7.85,5.1997,4.7706,-0.06616,0.17448
1571,False,7.855,4.9765,5.1511,0.026925,0.17723
1572,False,7.86,4.779,5.0858,0.047295,0.17263
1573,False,7.865,4.8031,4.8502,0.0072512,0.16893
1574,False,7.87,5.2492,4.7573,-0.075847,0.17511
1575,False,7.875,5.1832,5.1316,-0.007953,0.18051
1576,False,7.88,5.0576,5.0338,-0.0036769,0.1766
1577,False,7.885,4.7635,5.0771,0.048358,0.17221
1578,False,7.89,4.9113,5.0674,0.02407,0.17463
1579,False,7.895,4.9819,5.1172,0.020858,0.17673
1580,False,7.9,4.7995,5.1937,0.060773,0.17488
1581,False,7.905,5.0355,5.083,0.0073177,0.17707
1582,False,7.91,4.9129,4.8103,-0.015819,0.17016
1583,False,7.915,4.9752,5.1069,0.020294,0.17644
1584,False,7.92,5.0389,4.9736,-0.01007,0.17522
1585,False,7.925,4.7874,5.0705,0.043645,0.17251
1586,False,7.93,4.7787,5.0744,0.045604,0.17243
1587,False,7.935,4.9005,5.0892,0.029096,0.17482
1588,False,7.94,5.0109,4.7794,-0.035686,0.17133
1589,False,7.945,5.0309,4.862,-0.026052,0.17313
1590,False,7.95,4.8708,4.834,-0.0056719,0.16983
1591,False,7.955,5.2064,5.2143,0.0012188,0.18236
1592,False,7.96,5.1629,5.0076,-0.023937,0.17798
1593,False,7.965,4.9723,5.0867,0.01764,0.17603
1594,False,7.97,5.241,5.0839,-0.024227,0.18069
1595,False,7.975,5.0391,4.7907,-0.0383,0.17202
1596,False,7.98,4.8672,4.8625,-0.00072082,0.17027
1597,False,7.985,5.1553,4.8921,-0.040582,0.17583
1598,False,7.99,4.9756,5.2069,0.035654,0.17819
1599,False,7.995,4.875,4.8646,-0.0016087,0.17044
1600,False,8.0,5.2277,4.8743,-0.05449,0.17679
1601,False,8.005,4.8213,5.0881,0.04114,0.17342
1602,False,8.01,5.0063,5.0742,0.010479,0.17641
1603,False,8.015,5.236,5.1018,-0.02068,0.18091
1604,False,8.02,5.0742,5.1686,0.014554,0.17925
1605,False,8.025,5.0573,5.1136,0.0086825,0.17799
1606,False,8.03,4.9848,4.7597,-0.034708,0.17053
1607,False,8.035,5.0389,5.0419,0.00045992,0.17641
1608,False,8.04,5.2057,5.2104,0.00073728,0.18228
1609,False,8.045,4.9381,4.7958,-0.021936,0.17034
1610,False,8.05,4.8644,5.0273,0.025116,0.1731
1611,False,8.055,4.9618,5.2154,0.039107,0.1781
1612,False,8.06,4.8868,4.8497,-0.0057159,0.17039
1613,False,8.065,4.9723,5.0127,0.0062255,0.17474
1614,False,8.07,5.0638,4.8134,-0.038606,0.17285
1615,False,8.075,5.0173,5.1244,0.016504,0.17748
1616,False,8.08,4.9427,4.9073,-0.0054561,0.17238
1617,False,8.085,5.1867,4.8436,-0.052907,0.17553
1618,False,8.09,4.9002,5.2402,0.052426,0.17746
1619,False,8.095,4.95,5.1064,0.024114,0.17599
1620,False,8.1,5.0089,5.1628,0.023739,0.178
1621,False,8.105,4.7809,5.0916,0.047905,0.17277
1622,False,8.11,4.8657,5.0947,0.035311,0.17431
1623,False,8.115,4.8092,5.0154,0.031792,0.17193
1624,False,8.12,4.7994,4.8444,0.006944,0.16877
1625,False,8.125,5.1951,4.9965,-0.030626,0.17835
1626,False,8.13,4.7667,5.0298,0.040562,0.17144
1627,False,8.135,5.1695,5.1641,-0.00082911,0.18084
1628,False,8.14,5.0036,4.8514,-0.023467,0.17246
1629,False,8.145,4.8069,5.0139,0.031919,0.17186
1630,False,8.15,4.9952,5.1539,0.024467,0.17761
1631,False,8.155,5.0497,4.9276,-0.018837,0.1746
1632,False,8.16,4.7951,5.0239,0.035273,0.17183
1633,False,8.165,5.2391,5.1087,-0.020105,0.18109
1634,False,8.17,5.0765,4.8513,-0.034731,0.17374
1635,False,8.175,4.9806,5.0719,0.014079,0.17592
1636,False,8.18,5.1819,4.75,-0.066582,0.17381
1637,False,8.185,4.8814,5.0066,0.0193,0.17304
1638,False,8.19,5.162,5.0349,-0.019592,0.17845
1639,False,8.195,4.9145,4.7535,-0.024819,0.16919
1640,False,8.2,5.2207,5.1962,-0.0037643,0.1823
1641,False,8.205,4.8721,5.1666,0.045414,0.17568
1642,False,8.21,5.2286,5.1376,-0.014027,0.18141
1643,False,8.215,5.0054,5.1441,0.021379,0.17762
1644,False,8.22,5.0323,4.9368,-0.014721,0.17446
1645,False,8.225,5.2469,4.8262,-0.064866,0.17628
1646,False,8.23,5.1355,4.9261,-0.03228,0.17608
1647,False,8.235,4.9069,5.0725,0.02554,0.17464
1648,True,8.24,3.8819,5.216,0.2057,0.15921
1649,False,8.245,4.772,4.7967,0.0037966,0.16745
1650,False,8.25,5.1565,5.1194,-0.0057177,0.17983
1651,False,8.255,4.956,4.7776,-0.027507,0.17034
1652,False,8.26,4.9421,5.1286,0.028755,0.17624
1653,False,8.265,5.0116,4.9817,-0.0045976,0.17488
1654,False,8.27,5.1961,4.7725,-0.065308,0.17445
1655,False,8.275,4.953,5.171,0.033621,0.17717
1656,False,8.28,5.0522,4.8324,-0.033896,0.17298
1657,False,8.285,4.7974,4.8075,0.0015627,0.16809
1658,False,8.29,4.918,4.8858,-0.0049663,0.17157
1659,False,8.295,4.8224,4.9072,0.013071,0.17027
1660,False,8.3,4.8724,5.053,0.027847,0.1737
1661,False,8.305,4.9395,5.0887,0.023012,0.17549
1662,False,8.31,4.8852,5.2438,0.0553,0.17726
1663,False,8.315,4.8578,5.2466,0.059952,0.17683
1664,False,8.32,5.0669,5.1288,0.0095445,0.17842
1665,False,8.325,5.1499,4.8875,-0.040447,0.17565
1666,False,8.33,4.8543,5.227,0.057472,0.17642
1667,False,8.335,5.1981,4.9555,-0.037403,0.17769
1668,False,8.34,5.1229,4.8583,-0.040789,0.17467
1669,False,8.345,5.0182,5.0646,0.0071499,0.17645
1670,False,8.35,5.235,4.7574,-0.073631,0.17487
1671,False,8.355,5.0324,4.7716,-0.04021,0.17157
1672,False,8.36,4.8588,4.8401,-0.0028854,0.16973
1673,False,8.365,5.1789,4.8502,-0.050673,0.17551
1674,False,8.37,5.181,5.1097,-0.010997,0.18009
1675,False,8.375,4.9067,4.9714,0.0099885,0.17287
1676,False,8.38,4.9135,5.1727,0.039973,0.17651
1677,False,8.385,5.17,4.9449,-0.034709,0.17701
1678,False,8.39,4.9963,5.1688,0.026598,0.17789
1679,False,8.395,4.776,5.1242,0.053696,0.17325
1680,False,8.4,5.139,5.0419,-0.014968,0.17817
1681,False,8.405,4.9633,4.8303,-0.020514,0.17139
1682,False,8.41,4.89,5.0144,0.019187,0.17333
1683,False,8.415,4.9168,4.9813,0.0099575,0.17322
1684,False,8.42,4.9335,4.9398,0.00097167,0.17278
1685,False,8.425,5.1474,4.7966,-0.054085,0.17402
1686,False,8.43,4.7693,4.8796,0.016995,0.16886
1687,False,8.435,5.1133,4.9179,-0.03013,0.17555
1688,False,8.44,5.1863,4.9376,-0.038359,0.17717
1689,False,8.445,4.8929,4.8231,-0.010759,0.17003
1690,False,8.45,5.0784,4.9084,-0.026218,0.17477
1691,False,8.455,4.8659,4.8906,0.0038037,0.17074
1692,False,8.46,5.061,5.1601,0.015277,0.17887
1693,False,8.465,4.7876,4.921,0.020581,0.1699
1694,False,8.47,5.2334,5.186,-0.0073048,0.18234
1695,False,8.475,5.055,4.884,-0.026361,0.17393
1696,False,8.48,4.9419,5.1377,0.030198,0.17639
1697,False,8.485,4.7653,5.0546,0.044609,0.17185
1698,False,8.49,5.1788,4.759,-0.064727,0.17391
1699,False,8.495,5.0518,5.1008,0.0075526,0.17767
1700,False,8.5,5.1739,4.7579,-0.064148,0.17381
1701,False,8.505,5.0023,5.0919,0.013821,0.17665
1702,False,8.51,4.754,5.189,0.06707,0.174
1703,False,8.515,5.2095,4.9659,-0.037565,0.17807
1704,False,8.52,4.9554,5.0657,0.01701,0.17537
1705,False,8.525,5.1162,5.043,-0.011281,0.17779
1706,False,8.53,4.8256,4.8637,0.0058826,0.16956
1707,False,8.535,5.1576,5.1423,-0.0023574,0.18025
1708,False,8.54,5.2048,4.8938,-0.047949,0.17673
1709,False,8.545,5.139,5.2122,0.011289,0.18115
1710,False,8.55,5.1286,4.8992,-0.035358,0.17549
1711,False,8.555,4.9526,5.0182,0.010107,0.17449
1712,False,8.56,5.101,4.9168,-0.02839,0.17531
1713,False,8.565,5.0327,4.8686,-0.025299,0.17327
1714,False,8.57,5.0424,5.0226,-0.0030449,0.17614
1715,False,8.575,4.9225,4.8038,-0.018289,0.17021
1716,False,8.58,5.1021,4.8186,-0.043717,0.17361
1717,False,8.585,4.8304,4.7972,-0.0051217,0.16848
1718,False,8.59,4.7508,4.9054,0.02385,0.16898
1719,False,8.595,5.031,5.1563,0.019322,0.17828
1720,False,8.6,5.0232,5.0068,-0.0025384,0.17553
1721,False,8.605,5.0254,5.1832,0.024334,0.17865
1722,False,8.61,5.0973,5.2402,0.022045,0.18091
1723,False,8.615,5.2137,4.9133,-0.04632,0.17722
1724,False,8.62,5.2221,4.8598,-0.055861,0.17643
1725,False,8.625,5.2016,5.0091,-0.029684,0.17869
1726,False,8.63,5.0521,4.9265,-0.019358,0.17462
1727,False,8.635,5.2131,5.1797,-0.0051446,0.18187
1728,False,8.64,4.8085,4.88,0.01103,0.16955
1729,False,8.645,4.9204,5.1719,0.038771,0.17661
1730,False,8.65,4.7684,5.0414,0.042098,0.17167
1731,False,8.655,5.0192,5.1097,0.013956,0.17726
1732,False,8.66,5.1186,4.9218,-0.030352,0.17571
1733,False,8.665,4.8406,4.7546,-0.013256,0.16792
1734,False,8.67,4.9631,4.8462,-0.018024,0.17166
1735,False,8.675,4.7991,5.0037,0.031548,0.17155
1736,False,8.68,4.9016,4.7621,-0.021507,0.16912
1737,False,8.685,5.1401,5.025,-0.017738,0.17789
1738,False,8.69,5.0185,4.8881,-0.020104,0.17337
1739,False,8.695,5.1345,5.0981,-0.0056147,0.17907
1740,False,8.7,5.0695,5.1907,0.018688,0.17955
1741,False,8.705,5.1966,4.7623,-0.066952,0.17428
1742,False,8.71,4.7803,4.9206,0.021626,0.16977
1743,False,8.715,4.8379,4.9607,0.018937,0.17148
1744,False,8.72,4.9582,4.79,-0.025928,0.17059
1745,False,8.725,5.1199,4.7897,-0.050915,0.17342
1746,False,8.73,5.1965,4.7862,-0.06326,0.1747
1747,False,8.735,4.7629,5.2002,0.067416,0.17435
1748,False,8.74,4.8188,5.2347,0.064121,0.17594
1749,False,8.745,4.962,4.9457,-0.0025271,0.17338
1750,False,8.75,5.1323,4.9068,-0.034767,0.17568
1751,False,8.755,5.0122,5.0267,0.0022262,0.17568
1752,False,8.76,5.1272,5.146,0.0028961,0.17978
1753,False,8.765,4.8349,5.1492,0.048454,0.17472
1754,False,8.77,5.0864,5.1816,0.014689,0.17969
1755,False,8.775,5.0593,5.149,0.013823,0.17865
1756,False,8.78,4.7534,4.7532,-3.6209e-05,0.16637
1757,False,8.785,5.1201,5.21,0.013852,0.18078
1758,False,8.79,5.2459,4.759,-0.075071,0.17508
1759,False,8.795,4.8141,4.7647,-0.007614,0.16763
1760,False,8.8,4.9303,5.1057,0.027049,0.17563
1761,False,8.805,4.8455,5.0192,0.026777,0.17263
1762,False,8.81,5.1072,5.0123,-0.014633,0.17709
1763,False,8.815,4.8389,5.0011,0.025007,0.1722
1764,False,8.82,5.2434,4.7828,-0.071016,0.17546
1765,False,8.825,4.7585,4.865,0.016424,0.16841
1766,False,8.83,4.7699,4.8085,0.0059549,0.16762
1767,False,8.835,5.1522,5.2449,0.014296,0.18195
1768,False,8.84,5.1799,4.7853,-0.060847,0.17439
1769,False,8.845,5.0331,4.78,-0.039026,0.17173
1770,False,8.85,5.1271,5.0808,-0.0071338,0.17864
1771,False,8.855,5.0098,4.922,-0.013526,0.17381
1772,False,8.86,5.043,4.8143,-0.035261,0.1725
1773,False,8.865,4.8454,5.0686,0.034414,0.17349
1774,False,8.87,5.0017,5.1232,0.018737,0.17719
1775,False,8.875,4.7755,5.1526,0.058155,0.17374
1776,False,8.88,4.778,4.8845,0.016415,0.16909
1777,False,8.885,4.9176,4.967,0.0076154,0.17298
1778,False,8.89,5.0655,4.9509,-0.017662,0.17529
1779,False,8.895,5.196,5.0541,-0.021882,0.17938
1780,False,8.9,5.0867,5.135,0.0074541,0.17888
1781,False,8.905,5.0926,5.2206,0.019725,0.18048
1782,False,8.91,5.0979,4.8157,-0.043502,0.17349
1783,False,8.915,5.1499,4.8779,-0.041947,0.17549
1784,False,8.92,5.0803,4.9392,-0.021763,0.17534
1785,False,8.925,5.01,5.2469,0.036526,0.17949
1786,False,8.93,4.9159,4.9205,0.00071039,0.17214
1787,False,8.935,5.2171,5.1998,-0.002669,0.1823
1788,False,8.94,4.8732,4.8687,-0.00069347,0.17048
1789,False,8.945,5.0056,4.86,-0.02245,0.17265
1790,False,8.95,5.1202,5.2455,0.019332,0.1814
1791,False,8.955,4.8771,5.2256,0.053729,0.1768
1792,False,8.96,5.1728,5.0691,-0.015987,0.17923
1793,False,8.965,5.0191,5.0021,-0.002623,0.17537
1794,False,8.97,5.2051,4.9291,-0.042556,0.17735
1795,False,8.975,4.9254,5.1342,0.032205,0.17604
1796,False,8.98,5.2177,5.1422,-0.011638,0.1813
1797,False,8.985,5.2139,4.7645,-0.069291,0.17462
1798,False,8.99,5.0439,4.7762,-0.041264,0.17185
1799,False,8.995,4.8009,4.9117,0.017088,0.16997
1800,False,9.0,4.9334,5.1498,0.033366,0.17646
1801,False,9.005,4.8879,5.0651,0.02732,0.17418
1802,False,9.01,4.883,5.2414,0.055252,0.17718
1803,False,9.015,4.8633,4.8291,-0.0052646,0.16962
1804,False,9.02,4.7507,5.0583,0.047439,0.17166
1805,False,9.025,5.1965,4.9044,-0.045044,0.17677
1806,False,9.03,4.9767,4.7925,-0.028402,0.17096
1807,False,9.035,5.0392,5.1884,0.023005,0.17898
1808,False,9.04,4.9078,5.0454,0.021208,0.17418
1809,False,9.045,5.247,4.9016,-0.053263,0.1776
1810,False,9.05,5.2419,4.834,-0.062894,0.17633
1811,False,9.055,5.2323,4.9199,-0.048157,0.17766
1812,False,9.06,5.0831,4.7837,-0.046164,0.17267
1813,False,9.065,5.1131,5.0767,-0.0056022,0.17832
1814,False,9.07,4.917,4.8721,-0.0069196,0.17131
1815,False,9.075,5.0114,5.129,0.018128,0.17746
1816,False,9.08,4.8867,4.8995,0.0019782,0.17126
1817,False,9.085,5.1092,4.9594,-0.023094,0.1762
1818,False,9.09,5.139,4.7779,-0.055675,0.17355
1819,False,9.095,4.7905,4.7654,-0.0038707,0.16723
1820,False,9.1,4.8608,4.8433,-0.0026982,0.16982
1821,False,9.105,4.852,4.8855,0.005161,0.17041
1822,False,9.11,5.062,4.7831,-0.043007,0.17229
1823,False,9.115,5.1126,4.9167,-0.030198,0.17551
1824,False,9.12,5.1672,4.775,-0.060476,0.17399
1825,False,9.125,4.7594,4.8007,0.0063534,0.1673
1826,False,9.13,4.8511,4.7859,-0.010041,0.16865
1827,False,9.135,4.9845,5.2023,0.033568,0.17827
1828,False,9.14,4.9392,4.9059,-0.0051342,0.17229
1829,False,9.145,4.9202,5.0459,0.019379,0.17441
1830,False,9.15,4.7819,4.9388,0.02419,0.17011
1831,False,9.155,5.1307,5.2258,0.014665,0.18124
1832,False,9.16,4.9513,5.1212,0.026191,0.17627
1833,False,9.165,5.0871,5.1935,0.016406,0.17991
1834,False,9.17,5.0255,5.0494,0.0036866,0.17631
1835,False,9.175,4.7757,5.0948,0.049198,0.17273
1836,False,9.18,4.9037,4.9456,0.0064465,0.17236
1837,False,9.185,5.2327,4.8616,-0.057216,0.17665
1838,False,9.19,5.2157,4.8156,-0.061691,0.17555
1839,False,9.195,4.939,4.8362,-0.015846,0.17107
1840,False,9.2,5.0588,5.2193,0.024741,0.17987
1841,False,9.205,5.0313,4.7672,-0.040709,0.17147
1842,False,9.21,5.1653,5.1898,0.0037772,0.18121
1843,False,9.215,5.2288,5.0112,-0.033564,0.1792
1844,False,9.22,4.7878,5.1541,0.056489,0.17398
1845,False,9.225,5.194,4.9738,-0.033955,0.17794
1846,False,9.23,5.0312,4.9233,-0.016645,0.1742
1847,False,9.235,4.8472,5.1286,0.043387,0.17458
1848,False,9.24,4.8607,4.9301,0.010697,0.17134
1849,False,9.245,5.1029,5.0283,-0.011499,0.1773
1850,False,9.25,5.0484,5.1944,0.022508,0.17925
1851,False,9.255,5.0431,5.1701,0.019571,0.17873
1852,False,9.26,5.2342,4.872,-0.055851,0.17686
1853,False,9.265,5.0409,4.9678,-0.011265,0.17515
1854,False,9.27,4.7999,5.1643,0.056181,0.17437
1855,False,9.275,4.8333,4.8264,-0.0010716,0.16904
1856,False,9.28,4.801,5.129,0.050562,0.17378
1857,False,9.285,4.8231,5.1883,0.056298,0.1752
1858,False,9.29,5.0858,5.0011,-0.013063,0.17652
1859,False,9.295,5.0699,5.0351,-0.0053646,0.17684
1860,False,9.3,4.9362,5.1757,0.036931,0.17696
1861,False,9.305,4.8314,5.2423,0.063352,0.17629
1862,False,9.31,4.9448,5.1451,0.030891,0.17657
1863,False,9.315,5.15,4.9253,-0.034637,0.17632
1864,False,9.32,4.9499,5.001,0.007872,0.17414
1865,False,9.325,5.1276,4.8776,-0.038539,0.17509
1866,False,9.33,4.8976,5.0049,0.016549,0.17329
1867,False,9.335,5.07,4.7893,-0.043279,0.17254
1868,False,9.34,5.1926,4.7779,-0.063926,0.17448
1869,False,9.345,4.8548,5.0675,0.032791,0.17364
1870,False,9.35,4.9902,5.0585,0.010527,0.17585
1871,False,9.355,4.8065,4.7907,-0.0024295,0.16795
1872,False,9.36,4.8162,5.0548,0.036785,0.17274
1873,False,9.365,4.782,5.0223,0.037056,0.17158
1874,False,9.37,4.7896,5.178,0.059872,0.17443
1875,False,9.375,5.0635,5.0713,0.0012131,0.17736
1876,False,9.38,4.9557,4.8858,-0.01077,0.17223
1877,False,9.385,5.0693,4.8034,-0.041001,0.17277
1878,False,9.39,5.1783,4.7803,-0.061369,0.17427
1879,False,9.395,5.1318,5.0609,-0.010923,0.17837
1880,False,9.4,5.2381,5.0995,-0.021362,0.18091
1881,False,9.405,5.1408,4.8875,-0.039055,0.17549
1882,False,9.41,5.2178,4.961,-0.039596,0.17813
1883,False,9.415,5.1196,4.9329,-0.028781,0.17592
1884,False,9.42,4.8768,4.7911,-0.013218,0.16919
1885,False,9.425,5.1096,4.7849,-0.05007,0.17315
1886,False,9.43,5.0968,4.8104,-0.044145,0.17338
1887,False,9.435,5.1367,5.0889,-0.0073597,0.17895
1888,False,9.44,5.1236,4.8595,-0.040726,0.1747
1889,False,9.445,4.9092,4.8686,-0.0062525,0.17111
1890,False,9.45,5.0052,4.7543,-0.038685,0.17079
1891,False,9.455,5.1365,5.1136,-0.0035428,0.17938
1892,False,9.46,5.0364,5.0305,-0.00090825,0.17617
1893,False,9.465,5.2269,5.026,-0.030982,0.17943
1894,False,9.47,4.8358,5.1211,0.043995,0.17425
1895,False,9.475,5.2036,5.1623,-0.006368,0.1814
1896,False,9.48,5.1261,4.9467,-0.027663,0.17627
1897,False,9.485,4.8931,4.818,-0.011582,0.16994
1898,False,9.49,5.0637,4.8479,-0.033278,0.17345
1899,False,9.495,4.9814,5.1101,0.019849,0.1766
1900,False,9.5,4.8147,5.0848,0.041645,0.17324
1901,False,9.505,5.0247,4.7799,-0.037739,0.17158
1902,False,9.51,5.2348,4.9421,-0.045117,0.1781
1903,False,9.515,4.9711,4.9956,0.0037849,0.17442
1904,False,9.52,5.0455,5.1371,0.014123,0.17819
1905,False,9.525,4.8055,4.8239,0.0028402,0.16851
1906,False,9.53,4.8499,4.9928,0.022024,0.17225
1907,False,9.535,4.8315,4.7859,-0.0070254,0.1683
1908,False,9.54,4.7684,5.1437,0.057863,0.17346
1909,False,9.545,4.8864,4.9469,0.0093288,0.17208
1910,False,9.55,4.8651,4.8681,0.0004647,0.17033
1911,False,9.555,4.9293,4.7903,-0.02143,0.17009
1912,False,9.56,4.8172,4.7895,-0.0042661,0.16812
1913,False,9.565,5.2493,5.2137,-0.0054864,0.1831
1914,False,9.57,5.0068,4.8524,-0.023807,0.17253
1915,False,9.575,4.9439,5.2283,0.043845,0.17801
1916,False,9.58,4.8749,4.9199,0.0069298,0.17141
1917,False,9.585,4.9324,5.23,0.045887,0.17784
1918,False,9.59,4.9495,4.9216,-0.0043104,0.17274
1919,False,9.595,5.2132,4.7817,-0.066521,0.17491
1920,False,9.6,4.9977,5.0562,0.0090198,0.17594
1921,False,9.605,5.0546,5.0278,-0.0041301,0.17644
1922,False,9.61,4.7524,5.2032,0.06951,0.17422
1923,False,9.615,5.0439,4.8506,-0.029797,0.17315
1924,False,9.62,5.1387,5.1438,0.00078874,0.17995
1925,False,9.625,5.0786,4.9239,-0.023857,0.17504
1926,False,9.63,5.0142,5.2361,0.034216,0.17938
1927,False,9.635,5.1629,5.168,0.00079245,0.18079
1928,False,9.64,5.2312,5.1059,-0.019322,0.1809
1929,False,9.645,4.9069,4.8574,-0.0076196,0.17088
1930,False,9.65,5.1485,4.7577,-0.060258,0.17336
1931,False,9.655,4.8926,4.855,-0.0057921,0.17058
1932,False,9.66,4.7574,5.0182,0.040209,0.17107
1933,False,9.665,4.7971,4.8042,0.0011031,0.16802
1934,False,9.67,4.9144,5.1769,0.040477,0.1766
1935,False,9.675,4.9028,5.2054,0.046663,0.17689
1936,False,9.68,4.759,4.9169,0.024338,0.16933
1937,False,9.685,4.8311,4.9846,0.023662,0.17177
1938,False,9.69,4.972,4.7514,-0.034005,0.17016
1939,False,9.695,5.1334,4.9055,-0.035144,0.17568
1940,False,9.7,5.0906,4.9926,-0.015113,0.17646
1941,False,9.705,5.1073,4.8811,-0.034874,0.1748
1942,False,9.71,4.9799,5.0916,0.017217,0.17625
1943,False,9.715,5.2096,5.2056,-0.00062311,0.18227
1944,False,9.72,5.2445,5.0353,-0.032259,0.1799
1945,False,9.725,5.2163,4.8826,-0.051446,0.17673
1946,False,9.73,4.9808,5.2142,0.035998,0.17841
1947,False,9.735,5.2025,4.7821,-0.06481,0.17473
1948,False,9.74,4.9432,5.0632,0.018491,0.17511
1949,False,9.745,5.0515,5.2241,0.026617,0.17982
1950,False,9.75,5.0302,5.0082,-0.0033863,0.17567
1951,False,9.755,5.1729,5.2284,0.0085468,0.18202
1952,False,9.76,4.8924,4.886,-0.00098553,0.17112
1953,False,9.765,5.0817,5.0135,-0.01051,0.17667
1954,False,9.77,5.0511,5.2056,0.023817,0.17949
1955,False,9.775,5.0782,4.8573,-0.034058,0.17387
1956,True,9.78,4.905,4.2135,-0.10662,0.15957
1957,False,9.785,4.9158,4.8192,-0.014903,0.17036
1958,False,9.79,4.8441,4.9689,0.019239,0.17173
1959,False,9.795,4.8003,5.1876,0.059716,0.17479
1960,False,9.8,4.8933,5.1022,0.032205,0.17492
1961,False,9.805,4.9274,4.9985,0.010962,0.1737
1962,False,9.81,5.0179,5.0548,0.0056921,0.17627
1963,False,9.815,5.2454,4.7889,-0.070386,0.1756
1964,False,9.82,4.7641,4.8707,0.01644,0.16861
1965,False,9.825,5.1048,4.7629,-0.052712,0.17268
1966,False,9.83,5.2026,5.1732,-0.0045238,0.18158
1967,False,9.835,5.1829,4.7574,-0.065603,0.17396
1968,False,9.84,4.8096,5.0252,0.033246,0.17211
1969,False,9.845,5.2276,4.8098,-0.064419,0.17566
1970,False,9.85,4.9705,5.044,0.011336,0.17525
1971,False,9.855,5.1879,5.0611,-0.019547,0.17936
1972,False,9.86,5.1825,5.1235,-0.0090918,0.18035
1973,False,9.865,4.9276,4.905,-0.0034863,0.17207
1974,False,9.87,5.0656,5.2083,0.021999,0.17979
1975,False,9.875,5.1823,5.1411,-0.0063434,0.18066
1976,False,9.88,4.7605,4.8005,0.0061716,0.16732
1977,False,9.885,4.7884,4.8906,0.015749,0.16938
1978,False,9.89,4.9384,5.2038,0.04092,0.17749
1979,False,9.895,4.8246,4.8055,-0.0029377,0.16853
1980,False,9.9,4.767,5.1449,0.058261,0.17346
1981,False,9.905,5.1411,4.8011,-0.052421,0.17399
1982,False,9.91,4.9136,5.134,0.033975,0.17583
1983,False,9.915,5.1587,5.081,-0.011982,0.1792
1984,False,9.92,4.8368,5.1365,0.046215,0.17453
1985,False,9.925,5.0881,5.216,0.019725,0.18032
1986,False,9.93,5.1878,4.8384,-0.053866,0.17546
1987,False,9.935,5.1286,4.7602,-0.056797,0.17305
1988,False,9.94,4.8648,5.1668,0.046565,0.17555
1989,False,9.945,4.9295,4.9866,0.0088078,0.17353
1990,False,9.95,4.9316,4.8043,-0.019621,0.17038
1991,False,9.955,4.8837,4.7945,-0.013752,0.16937
1992,False,9.96,4.9187,4.8076,-0.017128,0.17021
1993,False,9.965,4.7935,4.834,0.0062454,0.16848
1994,False,9.97,4.9758,5.2363,0.040161,0.17871
1995,False,9.975,4.9773,4.893,-0.013002,0.17273
1996,False,9.98,4.7645,5.0495,0.043942,0.17175
1997,False,9.985,5.0686,5.1761,0.016583,0.17928
1998,False,9.99,4.7797,4.8724,0.014287,0.16891
1999,False,9.995,4.8346,5.1136,0.043015,0.17409
