%time,field.layout.data_offset,field.data0,field.data1,field.data2,field.data3
1494450135451383320,0,0,0,0,0
1494450135451391590,0,0,0,0,0
1494450135451398983,0,0,0,0,0
1494450135451404716,0,0,0,0,0
1494450135451410918,0,0,0,0,0
1494450135451418319,0,0,0,0,0
1494450135451452080,0,0,0,0,0
1494450135451459266,0,0,0,0,0
1494450135451701603,0,0,0,0,0
1494450135451709219,0,0,0,0,0
1494450135451724546,0,0,0,0,0
1494450135451731877,0,0,0,0,0
1494450135451737996,0,0,0,0,0
1494450135451750899,0,0,0,0,0
1494450135451763249,0,0,0,0,0
1494450135451779008,0,0,0,0,0
1494450135451786913,0,0,0,0,0
1494450135451794426,0,0,0,0,0
1494450135451808969,0,0,0,0,0
1494450135451815879,0,0,0,0,0
1494450135451827602,0,0,0,0,0
1494450135451836191,0,0,0,0,0
1494450135451851176,0,0,0,0,0
1494450135451864297,0,50,0,50,0
1494450135451879930,0,50,0,50,0
1494450135451889621,0,50,0,50,0
1494450135451907449,0,50,0,50,0
1494450135451915925,0,50,0,50,0
1494450135451927514,0,50,0,50,0
1494450135451938494,0,50,0,50,0
1494450135451946709,0,50,0,50,0
1494450135451959592,0,50,0,50,0
1494450135451972269,0,50,0,50,0
1494450135451983603,0,50,0,50,0
1494450135451995458,0,50,0,50,0
1494450135452005061,0,50,0,50,0
1494450135452020041,0,50,0,50,0
1494450135452038076,0,50,0,50,0
1494450135452044510,0,50,0,50,0
1494450135452054294,0,50,0,50,0
1494450135452060759,0,50,0,50,0
1494450135452071385,0,50,0,50,0
1494450135452084167,0,50,0,50,0
1494450135452098469,0,50,0,50,0
1494450135452104561,0,50,0,50,0
1494450135452115296,0,50,0,50,0
1494450135452125359,0,50,0,50,0
1494450135452134541,0,50,0,50,0
1494450135452142756,0,50,0,50,0
1494450135452151815,0,50,0,50,0
1494450135452159793,0,50,0,50,0
1494450135452169359,0,50,0,50,0
1494450135452181739,0,50,0,50,0
1494450135452197576,0,50,0,50,0
1494450135452209963,0,50,0,50,0
1494450135452216310,0,50,0,50,0
1494450135452221683,0,50,0,50,0
1494450135452234829,0,50,0,50,0
1494450135452654817,0,50,0,50,0
1494450135455606693,0,50,0,50,0
1494450135455615708,0,50,0,50,0
1494450135455622619,0,50,0,50,0
1494450135455632316,0,50,0,50,0
1494450135455640707,0,100,0,100,0
1494450135455647217,0,100,0,100,0
1494450135455653488,0,100,0,100,0
1494450135455660852,0,100,0,100,0
1494450135455666965,0,100,0,100,0
1494450135455672996,0,100,0,100,0
1494450135455679857,0,100,0,100,0
1494450135455686298,0,100,0,100,0
1494450135455693647,0,100,0,100,0
1494450135455701584,0,100,0,100,0
1494450135455707730,0,150,0,150,0
1494450135455763166,0,150,0,150,0
1494450135455780112,0,150,0,150,0
1494450135455789994,0,150,0,150,0
1494450135455803639,0,150,0,150,0
1494450135455813941,0,150,0,150,0
1494450135455821266,0,150,0,150,0
1494450135455833938,0,150,0,150,0
1494450135455841964,0,150,0,150,0
1494450135455849450,0,150,0,150,0
1494450135456603681,0,150,0,150,0
1494450135456621905,0,150,0,150,0
1494450135456628390,0,150,0,150,0
1494450135456634772,0,150,0,150,0
1494450135456649647,0,150,0,150,0
1494450135456654908,0,150,0,150,0
1494450135456660214,0,150,0,150,0
1494450135456678966,0,150,0,150,0
1494450135456686683,0,150,0,150,0
1494450135456692511,0,150,0,150,0
1494450135456698728,0,150,0,150,0
1494450135456704866,0,150,0,150,0
1494450135456710722,0,150,0,150,0
1494450135456729780,0,150,0,150,0
1494450135467405284,0,150,0,150,0
1494450135484716921,0,150,0,150,0
1494450135504032707,0,150,0,150,0
1494450135523678651,0,150,0,150,0
1494450135542395041,0,150,0,150,0
1494450135563742316,0,150,0,150,0
1494450135597252567,0,200,0,200,0
1494450135604999099,0,200,0,200,0
1494450135622894717,0,200,0,200,0
1494450135642724491,0,200,0,200,0
1494450135663532874,0,200,0,200,0
1494450135684996521,0,200,0,200,0
1494450135704300832,0,200,0,200,0
1494450135725652546,0,200,0,200,0
1494450135751084425,0,200,0,200,0
1494450135765524112,0,200,0,200,0
1494450135788161536,0,200,0,200,0
1494450135807360793,0,200,0,200,0
1494450135830649929,0,200,0,200,0
1494450135845084514,0,200,0,200,0
1494450135864825778,0,200,0,200,0
1494450135889456492,0,200,0,200,0
1494450135908510939,0,200,0,200,0
1494450135924117530,0,200,0,200,0
1494450135946174447,0,200,0,200,0
1494450135967138335,0,200,0,200,0
1494450135991156621,0,200,0,200,0
1494450136005602695,0,200,0,200,0
1494450136030073875,0,200,0,200,0
1494450136047734944,0,200,0,200,0
1494450136067471806,0,200,0,200,0
1494450136087292413,0,250,0,250,0
1494450136105126359,0,250,0,250,0
1494450136123921815,0,250,0,250,0
1494450136150044590,0,250,0,250,0
1494450136163911901,0,250,0,250,0
1494450136197145023,0,250,0,250,0
1494450136210612212,0,250,0,250,0
1494450136226187202,0,250,0,250,0
1494450136244177494,0,250,0,250,0
1494450136264660011,0,250,0,250,0
1494450136284547248,0,250,0,250,0
1494450136303822532,0,250,0,250,0
1494450136323506452,0,250,0,250,0
1494450136343943837,0,250,0,250,0
1494450136364071944,0,250,0,250,0
1494450136384126505,0,250,0,250,0
1494450136404054513,0,250,0,250,0
1494450136424123645,0,250,0,250,0
1494450136445789283,0,250,0,250,0
1494450136465487588,0,250,0,250,0
1494450136484679386,0,250,0,250,0
1494450136505779397,0,250,0,250,0
1494450136526219536,0,250,0,250,0
1494450136543626572,0,250,0,250,0
1494450136563495464,0,250,0,250,0
1494450136585312247,0,250,0,250,0
1494450136606244104,0,250,0,250,0
1494450136626591698,0,250,0,250,0
1494450136644652872,0,250,0,250,0
1494450136664484425,0,250,0,250,0
1494450136685578935,0,300,0,300,0
1494450136708132958,0,300,0,300,0
1494450136724468684,0,300,0,300,0
1494450136745807456,0,300,0,300,0
1494450136765837876,0,300,0,300,0
1494450136786204805,0,300,0,300,0
1494450136811727096,0,300,0,300,0
1494450136825035474,0,300,0,300,0
1494450136844666872,0,300,0,300,0
1494450136866450860,0,300,0,300,0
1494450136885621598,0,300,0,300,0
1494450136907475114,0,300,0,300,0
1494450136925579305,0,300,0,300,0
1494450136945117003,0,300,0,300,0
1494450136968548432,0,300,0,300,0
1494450136984946569,0,300,0,300,0
1494450137007142783,0,300,0,300,0
1494450137029801389,0,300,0,300,0
1494450137046208209,0,300,0,300,0
1494450137069474339,0,300,0,300,0
1494450137086854679,0,300,0,300,0
1494450137106063854,0,300,0,300,0
1494450137124807921,0,300,0,300,0
1494450137144767365,0,300,0,300,0
1494450137165613127,0,300,0,300,0
1494450137185122080,0,300,0,300,0
1494450137208266420,0,300,0,300,0
1494450137229119866,0,300,0,300,0
1494450137248167495,0,300,0,300,0
1494450137268126310,0,300,0,300,0
1494450137286302927,0,300,0,300,0
1494450137308687757,0,300,0,300,0
1494450137327604409,0,300,0,300,0
1494450137346314320,0,300,0,300,0
1494450137367038379,0,300,0,300,0
1494450137386479053,0,300,0,300,0
1494450137404700889,0,300,0,300,0
1494450137425843385,0,300,0,300,0
1494450137445720871,0,300,0,300,0
1494450137468080432,0,300,0,300,0
1494450137486537976,0,300,0,300,0
1494450137506946872,0,300,0,300,0
1494450137528047757,0,300,0,300,0
1494450137548312203,0,300,0,300,0
1494450137564948721,0,300,0,300,0
1494450137585353503,0,300,0,300,0
1494450137609061714,0,300,0,300,0
1494450137629552747,0,300,0,300,0
1494450137648268459,0,300,0,300,0
1494450137676875699,0,300,0,300,0
1494450137687585062,0,300,0,300,0
1494450137707193326,0,300,0,300,0
1494450137731798348,0,300,0,300,0
1494450137745900222,0,300,0,300,0
1494450137766032855,0,300,0,300,0
1494450137785321469,0,300,0,300,0
1494450137805301559,0,300,0,300,0
1494450137867100689,0,300,0,300,0
1494450137876391643,0,300,0,300,0
1494450137876406757,0,300,0,300,0
1494450137886966102,0,300,0,300,0
1494450137905913065,0,300,0,300,0
1494450137946641316,0,300,0,300,0
1494450137950084599,0,300,0,300,0
1494450137968118522,0,300,0,300,0
1494450137992966101,0,300,0,300,0
1494450138007278734,0,300,0,300,0
1494450138029109010,0,300,0,300,0
1494450138051319709,0,300,0,300,0
1494450138066531725,0,300,0,300,0
1494450138099120431,0,300,0,300,0
1494450138108371779,0,300,0,300,0
1494450138128812724,0,300,0,300,0
1494450138147618711,0,300,0,300,0
1494450138170180313,0,300,0,300,0
1494450138189031456,0,300,0,300,0
1494450138208808302,0,300,0,300,0
1494450138232328456,0,300,0,300,0
1494450138248537801,0,300,0,300,0
1494450138269272967,0,300,0,300,0
1494450138288048496,0,300,0,300,0
1494450138306042189,0,300,0,300,0
1494450138327410747,0,300,0,300,0
1494450138346977128,0,300,0,300,0
1494450138366976528,0,300,0,300,0
1494450138396458936,0,300,0,300,0
1494450138416595722,0,300,0,300,0
1494450138428705692,0,300,0,300,0
1494450138449407447,0,300,0,300,0
1494450138467614501,0,300,0,300,0
1494450138487431668,0,300,0,300,0
1494450138508662842,0,300,0,300,0
1494450138532046698,0,300,0,300,0
1494450138555219605,0,300,0,300,0
1494450138572491839,0,300,0,300,0
1494450138588614648,0,300,0,300,0
1494450138606721502,0,300,0,300,0
1494450138627343607,0,300,0,300,0
1494450138646216173,0,300,0,300,0
1494450138666420667,0,300,0,300,0
1494450138690538830,0,300,0,300,0
1494450138714807189,0,300,0,300,0
1494450138730298484,0,300,0,300,0
1494450138755472246,0,300,0,300,0
1494450138768138927,0,300,0,300,0
1494450138829581730,0,300,0,300,0
1494450138847447740,0,300,0,300,0
1494450138872334693,0,300,0,300,0
1494450138892084327,0,300,0,300,0
1494450138909113003,0,300,0,300,0
1494450138939515808,0,300,0,300,0
1494450138953579097,0,300,0,300,0
1494450138967229676,0,300,0,300,0
1494450138990119717,0,300,0,300,0
1494450139006946178,0,300,0,300,0
1494450139028776785,0,300,0,300,0
1494450139050245357,0,300,0,300,0
1494450139072814920,0,300,0,300,0
1494450139087639827,0,300,0,300,0
1494450139106610198,0,300,0,300,0
1494450139126661715,0,300,0,300,0
1494450139147426365,0,300,0,300,0
1494450139170266074,0,300,0,300,0
1494450139188445210,0,300,0,300,0
1494450139206542230,0,300,0,300,0
1494450139227282382,0,300,0,300,0
1494450139248274559,0,300,0,300,0
1494450139270226026,0,300,0,300,0
1494450139287313605,0,300,0,300,0
1494450139308059327,0,300,0,300,0
1494450139328053973,0,300,0,300,0
1494450139347093127,0,300,0,300,0
1494450139393129723,0,300,0,300,0
1494450139404691055,0,300,0,300,0
1494450139410462997,0,300,0,300,0
1494450139457090159,0,300,0,300,0
1494450139483544175,0,300,0,300,0
1494450139488989679,0,300,0,300,0
1494450139492006933,0,300,0,300,0
1494450139508316560,0,300,0,300,0
1494450139535492121,0,300,0,300,0
1494450139561527921,0,300,0,300,0
1494450139569347642,0,300,0,300,0
1494450139589200509,0,300,0,300,0
1494450139607968535,0,300,0,300,0
1494450139627921261,0,300,0,300,0
1494450139648301478,0,300,0,300,0
1494450139669467998,0,300,0,300,0
1494450139692001095,0,300,0,300,0
1494450139707580225,0,300,0,300,0
1494450139727441737,0,300,0,300,0
1494450139747850210,0,300,0,300,0
1494450139771825496,0,300,0,300,0
1494450139787958653,0,300,0,300,0
1494450139812788315,0,300,0,300,0
1494450139828152763,0,300,0,300,0
1494450139848899333,0,300,0,300,0
1494450139871049475,0,300,0,300,0
1494450139891158643,0,300,0,300,0
1494450139908279708,0,300,0,300,0
1494450139927961320,0,300,0,300,0
1494450139948368638,0,300,0,300,0
1494450139967642346,0,300,0,300,0
1494450139991146176,0,300,0,300,0
1494450140010009842,0,300,0,300,0
1494450140028881475,0,300,0,300,0
1494450140049360408,0,300,0,300,0
1494450140070045403,0,300,0,300,0
1494450140090920500,0,300,0,300,0
1494450140122117651,0,300,0,300,0
1494450140132231072,0,300,0,300,0
1494450140151401292,0,300,0,300,0
1494450140169525088,0,300,0,300,0
1494450140189362005,0,300,0,300,0
1494450140209183088,0,300,0,300,0
1494450140229877107,0,300,0,300,0
1494450140249427727,0,300,0,300,0
1494450140270807338,0,300,0,300,0
1494450140289275589,0,300,0,300,0
1494450140310094078,0,300,0,300,0
1494450140328869849,0,300,0,300,0
1494450140350256048,0,300,0,300,0
1494450140372026267,0,300,0,300,0
1494450140405071404,0,300,0,300,0
1494450140427275344,0,300,0,300,0
1494450140431298385,0,300,0,300,0
1494450140449919834,0,300,0,300,0
1494450140470690409,0,300,0,300,0
1494450140488695905,0,300,0,300,0
1494450140508996459,0,300,0,300,0
1494450140528222397,0,300,0,300,0
1494450140548137066,0,300,0,300,0
1494450140576031929,0,300,0,300,0
1494450140591907755,0,300,0,300,0
1494450140611125589,0,300,0,300,0
1494450140631549093,0,300,0,300,0
1494450140649175635,0,300,0,300,0
1494450140670672417,0,300,0,300,0
1494450140690367736,0,300,0,300,0
1494450140708211458,0,300,0,300,0
1494450140728240709,0,300,0,300,0
1494450140749234122,0,300,0,300,0
1494450140770209124,0,300,0,300,0
1494450140790630383,0,300,0,300,0
1494450140814142475,0,300,0,300,0
1494450140835418981,0,300,0,300,0
1494450140848466691,0,300,0,300,0
1494450140872657852,0,300,0,300,0
1494450140890964167,0,300,0,300,0
1494450140909757218,0,300,0,300,0
1494450140929972348,0,300,0,300,0
1494450140978815407,0,300,0,300,0
1494450140993664855,0,300,0,300,0
1494450140993680896,0,300,0,300,0
1494450141009549946,0,300,0,300,0
1494450141029626633,0,300,0,300,0
1494450141049648372,0,300,0,300,0
1494450141072676151,0,300,0,300,0
1494450141098920307,0,300,0,300,0
1494450141115098721,0,300,0,300,0
1494450141137689366,0,300,0,300,0
1494450141153177346,0,300,0,300,0
1494450141173314448,0,300,0,300,0
1494450141194383798,0,300,0,300,0
1494450141214495862,0,300,0,300,0
1494450141229697397,0,300,0,300,0
1494450141250451729,0,300,0,300,0
1494450141270209850,0,300,0,300,0
1494450141291728659,0,300,0,300,0
1494450141320834704,0,300,0,300,0
1494450141329535788,0,300,0,300,0
1494450141350208222,0,300,0,300,0
1494450141371387365,0,300,0,300,0
1494450141390298815,0,300,0,300,0
1494450141410456090,0,300,0,300,0
1494450141433438579,0,300,0,300,0
1494450141455958087,0,300,0,300,0
1494450141475772345,0,300,0,300,0
1494450141491571223,0,250,0,250,0
1494450141513610746,0,250,0,250,0
1494450141534457598,0,250,0,250,0
1494450141549706039,0,250,0,250,0
1494450141570431852,0,250,0,250,0
1494450141591061477,0,250,0,250,0
1494450141610581620,0,250,0,250,0
1494450141631046179,0,250,0,250,0
1494450141655082340,0,250,0,250,0
1494450141684212925,0,200,0,200,0
1494450141690364682,0,200,0,200,0
1494450141712021902,0,200,0,200,0
1494450141732085159,0,200,0,200,0
1494450141752547340,0,200,0,200,0
1494450141771608100,0,200,0,200,0
1494450141793110979,0,200,0,200,0
1494450141812481691,0,200,0,200,0
1494450141832982610,0,200,0,200,0
1494450141852566944,0,200,0,200,0
1494450141872937230,0,200,0,200,0
1494450141891327458,0,150,0,150,0
1494450141910145975,0,150,0,150,0
1494450141931769418,0,150,0,150,0
1494450141950505602,0,150,0,150,0
1494450141975425741,0,150,0,150,0
1494450141990768397,0,150,0,150,0
1494450142010503391,0,150,0,150,0
1494450142032368831,0,150,0,150,0
1494450142051711283,0,150,0,150,0
1494450142077074012,0,150,0,150,0
1494450142096532082,0,150,0,150,0
1494450142112317904,0,150,0,150,0
1494450142136313760,0,150,0,150,0
1494450142151127534,0,150,0,150,0
1494450142171768222,0,150,0,150,0
1494450142191195185,0,150,0,150,0
1494450142210176215,0,150,0,150,0
1494450142231100415,0,150,0,150,0
1494450142254588814,0,150,0,150,0
1494450142274841847,0,150,0,150,0
1494450142292225984,0,200,0,200,0
1494450142310557360,0,200,0,200,0
1494450142332235817,0,200,0,200,0
1494450142351472132,0,200,0,200,0
1494450142371705852,0,200,0,200,0
1494450142395561221,0,200,0,200,0
1494450142416687813,0,200,0,200,0
1494450142434585377,0,200,0,200,0
1494450142457526874,0,200,0,200,0
1494450142471515675,0,200,0,200,0
1494450142490765856,0,250,0,250,0
1494450142511489832,0,250,0,250,0
1494450142538297695,0,250,0,250,0
1494450142557130176,0,250,0,250,0
1494450142576480601,0,250,0,250,0
1494450142593374066,0,250,0,250,0
1494450142613868871,0,250,0,250,0
1494450142636641899,0,250,0,250,0
1494450142651258454,0,250,0,250,0
1494450142671837904,0,250,0,250,0
1494450142690948417,0,300,0,300,0
1494450142710840787,0,300,0,300,0
1494450142731010509,0,300,0,300,0
1494450142751527279,0,300,0,300,0
1494450142773546024,0,300,0,300,0
1494450142790868607,0,300,0,300,0
1494450142814845025,0,300,0,300,0
1494450142832084290,0,300,0,300,0
1494450142854437295,0,300,0,300,0
1494450142872686434,0,300,0,300,0
1494450142892516961,0,300,0,300,0
1494450142911197661,0,300,0,300,0
1494450142931996088,0,300,0,300,0
1494450142955061875,0,300,0,300,0
1494450142975575245,0,300,0,300,0
1494450142991380979,0,300,0,300,0
1494450143012402594,0,300,0,300,0
1494450143032369623,0,300,0,300,0
1494450143058308473,0,300,0,300,0
1494450143072185964,0,300,0,300,0
1494450143093500376,0,300,0,300,0
1494450143112520989,0,300,0,300,0
1494450143132771894,0,300,0,300,0
1494450143152952427,0,300,0,300,0
1494450143172834354,0,300,0,300,0
1494450143193565296,0,300,0,300,0
1494450143212992578,0,300,0,300,0
1494450143232005939,0,300,0,300,0
1494450143254027979,0,300,0,300,0
1494450143271721793,0,300,0,300,0
1494450143293984324,0,300,0,300,0
1494450143315108898,0,300,0,300,0
1494450143337287870,0,300,0,300,0
1494450143356048807,0,300,0,300,0
1494450143371630408,0,300,0,300,0
1494450143394031054,0,250,0,250,0
1494450143411736941,0,250,0,250,0
1494450143431699844,0,250,0,250,0
1494450143468103272,0,250,0,250,0
1494450143480117982,0,250,0,250,0
1494450143495709860,0,250,0,250,0
1494450143516064386,0,250,0,250,0
1494450143538917085,0,250,0,250,0
1494450143560942124,0,250,0,250,0
1494450143574595046,0,250,0,250,0
1494450143593207859,0,200,0,200,0
1494450143612617967,0,200,0,200,0
1494450143632827961,0,200,0,200,0
1494450143658416119,0,200,0,200,0
1494450143680210243,0,200,0,200,0
1494450143698504060,0,200,0,200,0
1494450143715546314,0,200,0,200,0
1494450143732913967,0,200,0,200,0
1494450143753541519,0,200,0,200,0
1494450143774570921,0,200,0,200,0
1494450143805642891,0,150,0,150,0
1494450143812950785,0,150,0,150,0
1494450143832264708,0,150,0,150,0
1494450143854254312,0,150,0,150,0
1494450143878904051,0,150,0,150,0
1494450143897943072,0,150,0,150,0
1494450143913094357,0,150,0,150,0
1494450143947899433,0,150,0,150,0
1494450143958506055,0,150,0,150,0
1494450143977958879,0,150,0,150,0
1494450143992479427,0,100,0,100,0
1494450144013254565,0,100,0,100,0
1494450144032323835,0,100,0,100,0
1494450144052387712,0,100,0,100,0
1494450144073751484,0,100,0,100,0
1494450144092968104,0,100,0,100,0
1494450144113051440,0,100,0,100,0
1494450144133581878,0,100,0,100,0
1494450144156314306,0,100,0,100,0
1494450144175066786,0,100,0,100,0
1494450144193042009,0,50,0,50,0
1494450144213367033,0,50,0,50,0
1494450144234152008,0,50,0,50,0
1494450144253161390,0,50,0,50,0
1494450144272852418,0,50,0,50,0
1494450144294216587,0,50,0,50,0
1494450144318840641,0,50,0,50,0
1494450144334124833,0,50,0,50,0
1494450144353852620,0,50,0,50,0
1494450144375042906,0,50,0,50,0
1494450144392906418,0,50,0,50,0
1494450144414592925,0,50,0,50,0
1494450144433552152,0,50,0,50,0
1494450144455327136,0,50,0,50,0
1494450144473473920,0,50,0,50,0
1494450144494379132,0,50,0,50,0
1494450144515434616,0,50,0,50,0
1494450144533731174,0,50,0,50,0
1494450144554337213,0,50,0,50,0
1494450144574076698,0,50,0,50,0
1494450144594008483,0,50,0,50,0
1494450144616292902,0,50,0,50,0
1494450144635487821,0,50,0,50,0
1494450144656276728,0,50,0,50,0
1494450144674701923,0,50,0,50,0
1494450144695498249,0,50,0,50,0
1494450144713984516,0,50,0,50,0
1494450144733326112,0,50,0,50,0
1494450144753923893,0,50,0,50,0
1494450144773825899,0,50,0,50,0
1494450144798973046,0,50,0,50,0
1494450144813563158,0,50,0,50,0
1494450144834931428,0,50,0,50,0
1494450144857200133,0,50,0,50,0
1494450144880794199,0,50,0,50,0
1494450144901287220,0,50,0,50,0
1494450144913554965,0,50,0,50,0
1494450144934520099,0,50,0,50,0
1494450144955523604,0,50,0,50,0
1494450144975958474,0,50,0,50,0
1494450145001843591,0,50,0,50,0
1494450145013582839,0,50,0,50,0
1494450145039002401,0,50,0,50,0
1494450145055710987,0,50,0,50,0
1494450145075660774,0,50,0,50,0
1494450145098183595,0,50,0,50,0
1494450145116478247,0,50,0,50,0
1494450145137302674,0,50,0,50,0
1494450145156283385,0,50,0,50,0
1494450145176577013,0,50,0,50,0
1494450145194895970,0,50,0,50,0
1494450145214828212,0,50,0,50,0
1494450145235779036,0,50,0,50,0
1494450145255251811,0,50,0,50,0
1494450145276921324,0,0,0,0,0
1494450145294212308,0,0,0,0,0
1494450145314630656,0,0,0,0,0
1494450145334198767,0,0,0,0,0
1494450145357640076,0,0,0,0,0
1494450145376761832,0,0,0,0,0
1494450145395220128,0,0,0,0,0
1494450145414253429,0,0,0,0,0
1494450145434058858,0,0,0,0,0
1494450145456913903,0,0,0,0,0
1494450145477459266,0,0,0,0,0
1494450145495291231,0,0,0,0,0
1494450145517421065,0,0,0,0,0
1494450145535082399,0,0,0,0,0
1494450145556045890,0,0,0,0,0
1494450145574431850,0,0,0,0,0
1494450145596607093,0,0,0,0,0
1494450145617760774,0,0,0,0,0
1494450145641160502,0,0,0,0,0
1494450145655508810,0,0,0,0,0
1494450145676791769,0,0,0,0,0
1494450145694886398,0,0,0,0,0
1494450145720307395,0,0,0,0,0
1494450145735667662,0,0,0,0,0
1494450145756377555,0,0,0,0,0
1494450145776210168,0,-37,1,0,-330
1494450145796448504,0,-37,1,0,-330
1494450145815375564,0,-37,1,0,-330
1494450145840507876,0,-37,1,0,-330
1494450145855367076,0,-37,1,0,-330
1494450145877785705,0,-37,1,0,-330
1494450145896177441,0,-37,1,0,-330
1494450145915979928,0,-37,1,0,-330
1494450145936060531,0,-37,1,0,-330
1494450145955238754,0,-37,1,0,-330
1494450145976819539,0,-37,1,0,-330
1494450145995194549,0,-37,1,0,-330
1494450146018256506,0,-37,1,0,-330
1494450146036656004,0,-37,1,0,-330
1494450146058818081,0,-37,1,0,-330
1494450146079234699,0,-37,1,0,-330
1494450146097353021,0,-37,1,0,-330
1494450146115728605,0,-37,1,0,-330
1494450146134973518,0,-37,1,0,-330
1494450146155835541,0,-37,1,0,-330
1494450146176463293,0,-37,1,0,-330
1494450146196466061,0,-75,1,0,-660
1494450146217615785,0,-75,1,0,-660
1494450146237334858,0,-75,1,0,-660
1494450146258701404,0,-75,1,0,-660
1494450146275621262,0,-75,1,0,-660
1494450146295104844,0,-75,1,0,-660
1494450146314368838,0,-75,1,0,-660
1494450146334965518,0,-75,1,0,-660
1494450146356289556,0,-75,1,0,-660
1494450146375585758,0,-75,1,0,-660
1494450146394951712,0,-75,1,0,-660
1494450146424547994,0,-75,1,0,-660
1494450146438488012,0,-75,1,0,-660
1494450146459376557,0,-75,1,0,-660
1494450146477416796,0,-75,1,0,-660
1494450146496039077,0,-75,1,0,-660
1494450146516017889,0,-75,1,0,-660
1494450146537801972,0,-75,1,0,-660
1494450146555671005,0,-75,1,0,-660
1494450146577637346,0,-75,1,0,-660
1494450146597840658,0,-75,1,0,-660
1494450146617273427,0,-75,1,0,-660
1494450146641788971,0,-75,1,0,-660
1494450146655950649,0,-75,1,0,-660
1494450146679101333,0,-75,1,0,-660
1494450146697247244,0,-75,1,0,-660
1494450146717789097,0,-75,1,0,-660
1494450146743940264,0,-75,1,0,-660
1494450146760796677,0,-75,1,0,-660
1494450146783603052,0,-113,1,0,-990
1494450146796387112,0,-113,1,0,-990
1494450146815859381,0,-113,1,0,-990
1494450146837579037,0,-113,1,0,-990
1494450146856384397,0,-113,1,0,-990
1494450146885710141,0,-113,1,0,-990
1494450146899645534,0,-113,1,0,-990
1494450146924409087,0,-113,1,0,-990
1494450146940096879,0,-113,1,0,-990
1494450146955752843,0,-113,1,0,-990
1494450146977726286,0,-113,1,0,-990
1494450146998452181,0,-113,1,0,-990
1494450147021883902,0,-113,1,0,-990
1494450147038031861,0,-113,1,0,-990
1494450147057207571,0,-113,1,0,-990
1494450147076705921,0,-113,1,0,-990
1494450147096981279,0,-113,1,0,-990
1494450147116496654,0,-113,1,0,-990
1494450147140688991,0,-113,1,0,-990
1494450147160725381,0,-113,1,0,-990
1494450147180025377,0,-113,1,0,-990
1494450147196278615,0,-113,1,0,-990
1494450147216683743,0,-113,1,0,-990
1494450147242028051,0,-113,1,0,-990
1494450147260549878,0,-113,1,0,-990
1494450147277713262,0,-113,1,0,-990
1494450147297998251,0,-113,1,0,-990
1494450147318951516,0,-113,1,0,-990
1494450147339306940,0,-113,1,0,-990
1494450147360502005,0,-113,1,0,-990
1494450147377874068,0,-113,1,0,-990
1494450147397612646,0,-113,1,0,-990
1494450147416880324,0,-113,1,0,-990
1494450147440005126,0,-113,1,0,-990
1494450147459691133,0,-113,1,0,-990
1494450147477432511,0,-113,1,0,-990
1494450147497070908,0,-113,1,0,-990
1494450147518735718,0,-113,1,0,-990
1494450147538532704,0,-113,1,0,-990
1494450147561789532,0,-113,1,0,-990
1494450147581801965,0,-113,1,0,-990
1494450147599652188,0,-113,1,0,-990
1494450147619358543,0,-113,1,0,-990
1494450147641490329,0,-113,1,0,-990
1494450147658574761,0,-113,1,0,-990
1494450147679770598,0,-113,1,0,-990
1494450147697512372,0,-113,1,0,-990
1494450147717131929,0,-113,1,0,-990
1494450147740982002,0,-113,1,0,-990
1494450147761194477,0,-113,1,0,-990
1494450147778941025,0,-113,1,0,-990
1494450147798470247,0,-113,1,0,-990
1494450147817480730,0,-113,1,0,-990
1494450147839149709,0,-113,1,0,-990
1494450147861915690,0,-113,1,0,-990
1494450147884803511,0,-113,1,0,-990
1494450147897946680,0,-113,1,0,-990
1494450147918628906,0,-113,1,0,-990
1494450147938071877,0,-113,1,0,-990
1494450147959058305,0,-113,1,0,-990
1494450147977485164,0,-113,1,0,-990
1494450148000130533,0,-113,1,0,-990
1494450148022573636,0,-113,1,0,-990
1494450148039069589,0,-113,1,0,-990
1494450148060346946,0,-113,1,0,-990
1494450148091734704,0,-113,1,0,-990
1494450148099226619,0,-113,1,0,-990
1494450148121972523,0,-113,1,0,-990
1494450148141680077,0,-113,1,0,-990
1494450148162693007,0,-113,1,0,-990
1494450148179157273,0,-75,1,0,-659
1494450148197606025,0,-75,1,0,-659
1494450148217149438,0,-75,1,0,-659
1494450148237713847,0,-75,1,0,-659
1494450148257659075,0,-75,1,0,-659
1494450148280023479,0,-75,1,0,-659
1494450148299699270,0,-75,1,0,-659
1494450148319022664,0,-75,1,0,-659
1494450148339578329,0,-75,1,0,-659
1494450148358779339,0,-75,1,0,-659
1494450148382205993,0,-75,1,0,-659
1494450148398800235,0,-75,1,0,-659
1494450148418577046,0,-75,1,0,-659
1494450148439299793,0,-75,1,0,-659
1494450148459506512,0,-75,1,0,-659
1494450148489789788,0,-75,1,0,-659
1494450148498368760,0,-75,1,0,-659
1494450148518169608,0,-75,1,0,-659
1494450148538668024,0,-75,1,0,-659
1494450148558547176,0,-75,1,0,-659
1494450148580114507,0,-75,1,0,-659
1494450148600887218,0,-75,1,0,-659
1494450148618120423,0,-75,1,0,-659
1494450148638809148,0,-75,1,0,-659
1494450148659133238,0,-75,1,0,-659
1494450148680620883,0,-75,1,0,-659
1494450148701243922,0,-75,1,0,-659
1494450148718978213,0,-75,1,0,-659
1494450148739194796,0,-75,1,0,-659
1494450148765766384,0,-75,1,0,-659
1494450148779505174,0,-37,1,0,-329
1494450148798854525,0,-37,1,0,-329
1494450148818666474,0,-37,1,0,-329
1494450148839309913,0,-37,1,0,-329
1494450148861855687,0,-37,1,0,-329
1494450148880650853,0,-37,1,0,-329
1494450148899014694,0,-37,1,0,-329
1494450148919173545,0,-37,1,0,-329
1494450148943347777,0,-37,1,0,-329
1494450148963775254,0,-37,1,0,-329
1494450148978301145,0,-37,1,0,-329
1494450148998627881,0,-37,1,0,-329
1494450149018527949,0,-37,1,0,-329
1494450149039841876,0,-37,1,0,-329
1494450149059869383,0,-37,1,0,-329
1494450149080734482,0,-37,1,0,-329
1494450149101919028,0,-37,1,0,-329
1494450149120122800,0,-37,1,0,-329
1494450149139423254,0,-37,1,0,-329
1494450149159937276,0,-37,1,0,-329
1494450149180641998,0,-37,1,0,-329
1494450149200288062,0,-37,1,0,-329
1494450149219683451,0,-37,1,0,-329
1494450149239492636,0,-37,1,0,-329
1494450149259732972,0,-37,1,0,-329
1494450149279699589,0,-37,1,0,-329
1494450149303158918,0,-37,1,0,-329
1494450149319032599,0,-37,1,0,-329
1494450149340621123,0,-37,1,0,-329
1494450149358703565,0,-37,1,0,-329
1494450149380977390,0,0,0,0,0
1494450149399753640,0,0,0,0,0
1494450149420541248,0,0,0,0,0
1494450149439194693,0,0,0,0,0
1494450149469190782,0,0,0,0,0
1494450149493364012,0,0,0,0,0
1494450149500898288,0,0,0,0,0
1494450149519694165,0,0,0,0,0
1494450149540147856,0,0,0,0,0
1494450149559559458,0,0,0,0,0
1494450149580191666,0,37,1,0,330
1494450149602406787,0,37,1,0,330
1494450149620203754,0,37,1,0,330
1494450149639246704,0,37,1,0,330
1494450149659749812,0,37,1,0,330
1494450149680063362,0,37,1,0,330
1494450149700334985,0,37,1,0,330
1494450149720225633,0,37,1,0,330
1494450149741150542,0,37,1,0,330
1494450149760486835,0,37,1,0,330
1494450149779148072,0,37,1,0,330
1494450149802397202,0,37,1,0,330
1494450149821201383,0,37,1,0,330
1494450149840460100,0,37,1,0,330
1494450149859984606,0,37,1,0,330
1494450149880651281,0,37,1,0,330
1494450149902516639,0,37,1,0,330
1494450149922637806,0,37,1,0,330
1494450149940476512,0,37,1,0,330
1494450149960449153,0,37,1,0,330
1494450149980659025,0,37,1,0,330
1494450150000422527,0,37,1,0,330
1494450150022623798,0,37,1,0,330
1494450150042546120,0,37,1,0,330
1494450150059432784,0,37,1,0,330
1494450150080595998,0,0,0,0,0
1494450150100682716,0,0,0,0,0
1494450150122032007,0,0,0,0,0
1494450150149649876,0,0,0,0,0
1494450150164735550,0,0,0,0,0
1494450150181685659,0,0,0,0,0
1494450150200092173,0,0,0,0,0
1494450150225549934,0,0,0,0,0
1494450150244660319,0,0,0,0,0
1494450150261542692,0,0,0,0,0
1494450150281264993,0,0,0,0,0
1494450150300521088,0,0,0,0,0
1494450150320079297,0,0,0,0,0
1494450150339977036,0,0,0,0,0
1494450150365045465,0,0,0,0,0
1494450150381546616,0,0,0,0,0
1494450150401685026,0,0,0,0,0
1494450150421788849,0,0,0,0,0
1494450150445008636,0,0,0,0,0
1494450150462460605,0,0,0,0,0
1494450150485319432,0,0,0,0,0
1494450150503073217,0,0,0,0,0
1494450150520439297,0,0,0,0,0
1494450150540742638,0,0,0,0,0
1494450150560970126,0,0,0,0,0
1494450150581827774,0,50,0,50,0
1494450150604188899,0,50,0,50,0
1494450150622125809,0,50,0,50,0
1494450150640494300,0,50,0,50,0
1494450150661073128,0,50,0,50,0
1494450150682093158,0,100,0,100,0
1494450150705394870,0,100,0,100,0
1494450150724437667,0,100,0,100,0
1494450150757110850,0,100,0,100,0
1494450150774793179,0,100,0,100,0
1494450150782059250,0,100,0,100,0
1494450150801068305,0,100,0,100,0
1494450151038344776,0,100,0,100,0
1494450151038357728,0,100,0,100,0
1494450151038395632,0,100,0,100,0
1494450151038418082,0,150,0,150,0
1494450151038424661,0,150,0,150,0
1494450151038486572,0,150,0,150,0
1494450151038492752,0,150,0,150,0
1494450151038504995,0,150,0,150,0
1494450151038512440,0,150,0,150,0
1494450151038518625,0,150,0,150,0
1494450151038535895,0,150,0,150,0
1494450151048439080,0,150,0,150,0
1494450151073991494,0,150,0,150,0
1494450151081770585,0,200,0,200,0
1494450151102364826,0,200,0,200,0
1494450151126708894,0,200,0,200,0
1494450151148807621,0,200,0,200,0
1494450151162010757,0,200,0,200,0
1494450151181163748,0,250,0,250,0
1494450151202647363,0,250,0,250,0
1494450151223553697,0,250,0,250,0
1494450151240636171,0,250,0,250,0
1494450151261964470,0,250,0,250,0
1494450151282860608,0,250,0,250,0
1494450151300718085,0,250,0,250,0
1494450151321511051,0,250,0,250,0
1494450151343717035,0,250,0,250,0
1494450151361679100,0,250,0,250,0
1494450151381290776,0,300,0,300,0
1494450151401723982,0,300,0,300,0
1494450151421409801,0,300,0,300,0
1494450151441980148,0,300,0,300,0
1494450151465469197,0,300,0,300,0
1494450151482565499,0,300,0,300,0
1494450151510044154,0,300,0,300,0
1494450151534213733,0,300,0,300,0
1494450151543697705,0,300,0,300,0
1494450151562109138,0,300,0,300,0
1494450151581512671,0,300,0,300,0
1494450151601531066,0,300,0,300,0
1494450151622152667,0,300,0,300,0
1494450151642480815,0,300,0,300,0
1494450151662403762,0,300,0,300,0
1494450151683947975,0,350,0,350,0
1494450151704671154,0,350,0,350,0
1494450151729889310,0,350,0,350,0
1494450151741853023,0,350,0,350,0
1494450151764863551,0,350,0,350,0
1494450151781638300,0,350,0,350,0
1494450151801132131,0,350,0,350,0
1494450151823118467,0,350,0,350,0
1494450151843591003,0,350,0,350,0
1494450151864690647,0,350,0,350,0
1494450151886473627,0,399,0,399,0
1494450151904418875,0,399,0,399,0
1494450151934509881,0,399,0,399,0
1494450151942871979,0,399,0,399,0
1494450151966703687,0,399,0,399,0
1494450151984370715,0,399,0,399,0
1494450152002317758,0,399,0,399,0
1494450152024368875,0,399,0,399,0
1494450152070870628,0,399,0,399,0
1494450152074217984,0,399,0,399,0
1494450152083273951,0,399,0,399,0
1494450152104594887,0,399,0,399,0
1494450152125698390,0,399,0,399,0
1494450152143634370,0,399,0,399,0
1494450152162392781,0,399,0,399,0
1494450152182460136,0,399,0,399,0
1494450152203325211,0,399,0,399,0
1494450152228400309,0,399,0,399,0
1494450152242603999,0,399,0,399,0
1494450152264722554,0,399,0,399,0
1494450152282323415,0,399,0,399,0
1494450152303880545,0,399,0,399,0
1494450152322721766,0,399,0,399,0
1494450152344061518,0,399,0,399,0
1494450152363279681,0,399,0,399,0
1494450152383349339,0,399,0,399,0
1494450152402293234,0,399,0,399,0
1494450152422085606,0,399,0,399,0
1494450152443576335,0,399,0,399,0
1494450152469723470,0,399,0,399,0
1494450152482460295,0,399,0,399,0
1494450152502023818,0,399,0,399,0
1494450152522231232,0,399,0,399,0
1494450152542268725,0,399,0,399,0
1494450152562199369,0,399,0,399,0
1494450152582906713,0,399,0,399,0
1494450152602589920,0,399,0,399,0
1494450152622664460,0,399,0,399,0
1494450152645575057,0,399,0,399,0
1494450152666287397,0,399,0,399,0
1494450152685078164,0,399,0,399,0
1494450152704052046,0,399,0,399,0
1494450152724949003,0,399,0,399,0
1494450152746410056,0,399,0,399,0
1494450152764442101,0,399,0,399,0
1494450152786186403,0,399,0,399,0
1494450152805875114,0,399,0,399,0
1494450152825468737,0,399,0,399,0
1494450152843945997,0,399,0,399,0
1494450152864277983,0,399,0,399,0
1494450152887896684,0,399,0,399,0
1494450152904266606,0,399,0,399,0
1494450152923828936,0,399,0,399,0
1494450152943617441,0,399,0,399,0
1494450152965809668,0,399,0,399,0
1494450152983049613,0,399,0,399,0
1494450153004081684,0,399,0,399,0
1494450153025043167,0,399,0,399,0
1494450153042999685,0,399,0,399,0
1494450153063628765,0,399,0,399,0
1494450153084013069,0,399,0,399,0
1494450153103774367,0,399,0,399,0
1494450153124989437,0,399,0,399,0
1494450153143249910,0,399,0,399,0
1494450153162819660,0,399,0,399,0
1494450153188991809,0,399,0,399,0
1494450153211910667,0,399,0,399,0
1494450153224850236,0,399,0,399,0
1494450153243622214,0,399,0,399,0
1494450153265672481,0,399,0,399,0
1494450153285056942,0,399,0,399,0
1494450153315176420,0,399,0,399,0
1494450153331960281,0,399,0,399,0
1494450153348175767,0,399,0,399,0
1494450153366377692,0,399,0,399,0
1494450153385352633,0,399,0,399,0
1494450153404914294,0,399,0,399,0
1494450153427025281,0,399,0,399,0
1494450153443980452,0,399,0,399,0
1494450153465543378,0,399,0,399,0
1494450153487983994,0,399,0,399,0
1494450153505892280,0,399,0,399,0
1494450153524862617,0,399,0,399,0
1494450153545947832,0,399,0,399,0
1494450153563557431,0,399,0,399,0
1494450153585812540,0,399,0,399,0
1494450153605398197,0,399,0,399,0
1494450153627842057,0,399,0,399,0
1494450153646597503,0,399,0,399,0
1494450153667143330,0,399,0,399,0
1494450153683772309,0,399,0,399,0
1494450153707011170,0,399,0,399,0
1494450153724254576,0,399,0,399,0
1494450153745233344,0,399,0,399,0
1494450153767778079,0,399,0,399,0
1494450153787250667,0,399,0,399,0
1494450153809757088,0,399,0,399,0
1494450153824471496,0,399,0,399,0
1494450153846615799,0,399,0,399,0
1494450153864747597,0,399,0,399,0
1494450153884169349,0,437,1212,399,330
1494450153913145883,0,437,1212,399,330
1494450153925915879,0,437,1212,399,330
1494450153946305105,0,437,1212,399,330
1494450153965591294,0,437,1212,399,330
1494450153984068368,0,437,1212,399,330
1494450154005495142,0,437,1212,399,330
1494450154025659093,0,437,1212,399,330
1494450154047484858,0,437,1212,399,330
1494450154065665223,0,437,1212,399,330
1494450154084124114,0,437,1212,399,330
1494450154105149068,0,437,1212,399,330
1494450154124706667,0,437,1212,399,330
1494450154145729825,0,437,1212,399,330
1494450154166653743,0,437,1212,399,330
1494450154187973921,0,475,606,399,660
1494450154207147247,0,475,606,399,660
1494450154226113703,0,475,606,399,660
1494450154245184134,0,475,606,399,660
1494450154265768123,0,475,606,399,660
1494450154286821488,0,475,606,399,660
1494450154309379673,0,475,606,399,660
1494450154327102895,0,475,606,399,660
1494450154345130670,0,475,606,399,660
1494450154369814481,0,475,606,399,660
1494450154385104118,0,475,606,399,660
1494450154408786108,0,475,606,399,660
1494450154430134923,0,475,606,399,660
1494450154448168183,0,475,606,399,660
1494450154471551462,0,475,606,399,660
1494450154488261232,0,475,606,399,660
1494450154508856765,0,475,606,399,660
1494450154531845288,0,475,606,399,660
1494450154556056483,0,475,606,399,660
1494450154571788636,0,475,606,399,660
1494450154585355005,0,475,606,399,660
1494450154605352862,0,475,606,399,660
1494450154630162170,0,475,606,399,660
1494450154645433144,0,475,606,399,660
1494450154666958949,0,475,606,399,660
1494450154685970816,0,475,606,399,660
1494450154706384970,0,475,606,399,660
1494450154743352832,0,475,606,399,660
1494450154759598081,0,475,606,399,660
1494450154765777125,0,475,606,399,660
1494450154791753415,0,475,606,399,660
1494450154806836972,0,475,606,399,660
1494450154826435414,0,475,606,399,660
1494450154844961912,0,475,606,399,660
1494450154865551585,0,475,606,399,660
1494450154886511180,0,437,1212,399,330
1494450154907612586,0,437,1212,399,330
1494450154936211099,0,437,1212,399,330
1494450154948523625,0,437,1212,399,330
1494450154969046039,0,437,1212,399,330
1494450154988594544,0,437,1212,399,330
1494450155006010745,0,437,1212,399,330
1494450155029517920,0,437,1212,399,330
1494450155051249415,0,437,1212,399,330
1494450155068244338,0,437,1212,399,330
1494450155088322044,0,437,1212,399,330
1494450155107237598,0,437,1212,399,330
1494450155127218759,0,437,1212,399,330
1494450155146066742,0,437,1212,399,330
1494450155172719995,0,437,1212,399,330
1494450155186415186,0,437,1212,399,330
1494450155205752901,0,437,1212,399,330
1494450155235851997,0,437,1212,399,330
1494450155246084237,0,437,1212,399,330
1494450155266354668,0,437,1212,399,330
1494450155288003091,0,399,0,399,0
1494450155305995764,0,399,0,399,0
1494450155345919193,0,399,0,399,0
1494450155355279923,0,399,0,399,0
1494450155366454789,0,399,0,399,0
1494450155388379202,0,399,0,399,0
1494450155408949439,0,399,0,399,0
1494450155428627559,0,399,0,399,0
1494450155447460746,0,399,0,399,0
1494450155469444764,0,399,0,399,0
1494450155486715910,0,437,-1212,399,-329
1494450155510272105,0,437,-1212,399,-329
1494450155530372609,0,437,-1212,399,-329
1494450155549118481,0,437,-1212,399,-329
1494450155566450168,0,437,-1212,399,-329
1494450155587664857,0,475,-606,399,-659
1494450155606951723,0,475,-606,399,-659
1494450155627909765,0,475,-606,399,-659
1494450155652949039,0,475,-606,399,-659
1494450155667446339,0,475,-606,399,-659
1494450155688825342,0,513,-404,399,-990
1494450155708770602,0,513,-404,399,-990
1494450155727173537,0,513,-404,399,-990
1494450155763897941,0,513,-404,399,-990
1494450155771116337,0,513,-404,399,-990
1494450155787768134,0,513,-404,399,-990
1494450155806995075,0,513,-404,399,-990
1494450155837742652,0,513,-404,399,-990
1494450155869901163,0,513,-404,399,-990
1494450155876435802,0,513,-404,399,-990
1494450155890055463,0,513,-404,399,-990
1494450155908711909,0,513,-404,399,-990
1494450155938761722,0,513,-404,399,-990
1494450155947771676,0,513,-404,399,-990
1494450155966693122,0,513,-404,399,-990
1494450155985940848,0,475,-606,399,-659
1494450156022667806,0,475,-606,399,-659
1494450156028075441,0,475,-606,399,-659
1494450156047885529,0,475,-606,399,-659
1494450156067230664,0,475,-606,399,-659
1494450156088843527,0,475,-606,399,-659
1494450156108483527,0,475,-606,399,-659
1494450156128139207,0,475,-606,399,-659
1494450156167803394,0,475,-606,399,-659
1494450156176777236,0,475,-606,399,-659
1494450156186781525,0,437,-1212,399,-329
1494450156206886975,0,437,-1212,399,-329
1494450156227999580,0,437,-1212,399,-329
1494450156248432145,0,437,-1212,399,-329
1494450156268513181,0,437,-1212,399,-329
1494450156287864599,0,437,-1212,399,-329
1494450156307822742,0,437,-1212,399,-329
1494450156327871238,0,437,-1212,399,-329
1494450156347261328,0,437,-1212,399,-329
1494450156370500215,0,437,-1212,399,-329
1494450156390966612,0,437,-1212,399,-329
1494450156409567175,0,437,-1212,399,-329
1494450156428010800,0,437,-1212,399,-329
1494450156450036302,0,437,-1212,399,-329
1494450156474899476,0,437,-1212,399,-329
1494450156487722403,0,399,0,399,0
1494450156512028711,0,399,0,399,0
1494450156529617674,0,399,0,399,0
1494450156548039509,0,399,0,399,0
1494450156573809868,0,399,0,399,0
1494450156590235731,0,399,0,399,0
1494450156607099449,0,399,0,399,0
1494450156629564059,0,399,0,399,0
1494450156647445395,0,399,0,399,0
1494450156668421012,0,399,0,399,0
1494450156707314483,0,399,0,399,0
1494450156713751520,0,399,0,399,0
1494450156728614744,0,399,0,399,0
1494450156748537257,0,399,0,399,0
1494450156778003619,0,399,0,399,0
1494450156788001502,0,399,0,399,0
1494450156808545877,0,399,0,399,0
1494450156828866894,0,437,1212,399,330
1494450156848808432,0,437,1212,399,330
1494450156868908979,0,437,1212,399,330
1494450156887449524,0,437,1212,399,330
1494450156908420460,0,437,1212,399,330
1494450156926758349,0,437,1212,399,330
1494450156948333474,0,437,1212,399,330
1494450156970361036,0,437,1212,399,330
1494450156987954548,0,387,1060,350,330
1494450157007947946,0,387,1060,350,330
1494450157028376165,0,387,1060,350,330
1494450157049366139,0,387,1060,350,330
1494450157069005350,0,387,1060,350,330
1494450157092415548,0,337,909,300,330
1494450157109684201,0,337,909,300,330
1494450157129400543,0,287,757,250,330
1494450157149453100,0,287,757,250,330
1494450157168172233,0,287,757,250,330
1494450157189460232,0,287,757,250,330
1494450157208105681,0,287,757,250,330
1494450157228988358,0,287,757,250,330
1494450157248239325,0,287,757,250,330
1494450157270645447,0,287,757,250,330
1494450157291071107,0,237,606,200,330
1494450157307970071,0,237,606,200,330
1494450157334740459,0,237,606,200,330
1494450157349286443,0,237,606,200,330
1494450157369639799,0,237,606,200,330
1494450157394022834,0,187,454,150,330
1494450157411165845,0,187,454,150,330
1494450157428246506,0,187,454,150,330
1494450157448320467,0,187,454,150,330
1494450157468927103,0,187,454,150,330
1494450157488836770,0,187,454,150,330
1494450157513381018,0,187,454,150,330
1494450157528046425,0,187,454,150,330
1494450157549481254,0,187,454,150,330
1494450157569850829,0,187,454,150,330
1494450157589508369,0,187,454,150,330
1494450157619996859,0,187,454,150,330
1494450157629424360,0,187,454,150,330
1494450157647978453,0,187,454,150,330
1494450157668920047,0,187,454,150,330
1494450157692222300,0,187,454,150,330
1494450157721853508,0,187,454,150,330
1494450157733264369,0,187,454,150,330
1494450157749449832,0,187,454,150,330
1494450157769060400,0,187,454,150,330
1494450157790620138,0,137,303,100,330
1494450157809077203,0,137,303,100,330
1494450157831695098,0,137,303,100,330
1494450157849015487,0,137,303,100,330
1494450157871152458,0,137,303,100,330
1494450157908439924,0,137,303,100,330
1494450157912175649,0,137,303,100,330
1494450157930953773,0,137,303,100,330
1494450157949564030,0,137,303,100,330
1494450157971108841,0,137,303,100,330
1494450157989382308,0,137,303,100,330
1494450158009130804,0,137,303,100,330
1494450158031763337,0,137,303,100,330
1494450158049228802,0,137,303,100,330
1494450158069810789,0,137,303,100,330
1494450158091437039,0,137,303,100,330
1494450158110352045,0,137,303,100,330
1494450158128680652,0,137,303,100,330
1494450158151808639,0,137,303,100,330
1494450158169716183,0,137,303,100,330
1494450158190029939,0,137,303,100,330
1494450158213056217,0,137,303,100,330
1494450158229366102,0,137,303,100,330
1494450158249123882,0,137,303,100,330
1494450158270208312,0,137,303,100,330
1494450158290466364,0,87,151,50,330
1494450158316622211,0,87,151,50,330
1494450158329727312,0,87,151,50,330
1494450158351468103,0,87,151,50,330
1494450158371855168,0,87,151,50,330
1494450158390466944,0,87,151,50,330
1494450158410680495,0,87,151,50,330
1494450158429807125,0,87,151,50,330
1494450158450902518,0,87,151,50,330
1494450158472907352,0,87,151,50,330
1494450158492366732,0,87,151,50,330
1494450158511316786,0,87,151,50,330
1494450158529816065,0,87,151,50,330
1494450158551087337,0,87,151,50,330
1494450158570197445,0,87,151,50,330
1494450158591404946,0,87,151,50,330
1494450158614443545,0,87,151,50,330
1494450158632454122,0,87,151,50,330
1494450158650886996,0,87,151,50,330
1494450158672685948,0,87,151,50,330
1494450158690278888,0,87,151,50,330
1494450158711668057,0,87,151,50,330
1494450158732354141,0,87,151,50,330
1494450158752124180,0,87,151,50,330
1494450158774354698,0,87,151,50,330
1494450158794724634,0,87,151,50,330
1494450158813688780,0,87,151,50,330
1494450158832733547,0,37,1,0,330
1494450158854339611,0,37,1,0,330
1494450158874088936,0,37,1,0,330
1494450158895523252,0,37,1,0,330
1494450158913663183,0,37,1,0,330
1494450158931269312,0,37,1,0,330
1494450158949540291,0,37,1,0,330
1494450158970072878,0,37,1,0,330
1494450158990283423,0,0,0,0,0
1494450159010309661,0,0,0,0,0
1494450159030950403,0,0,0,0,0
1494450159051631159,0,0,0,0,0
1494450159071861031,0,0,0,0,0
1494450159092141445,0,0,0,0,0
1494450159120232008,0,0,0,0,0
1494450159135029913,0,0,0,0,0
1494450159150828293,0,0,0,0,0
1494450159171883188,0,0,0,0,0
1494450159190642886,0,-37,1,0,-329
1494450159210868842,0,-37,1,0,-329
1494450159237841945,0,-37,1,0,-329
1494450159254056642,0,-37,1,0,-329
1494450159273190697,0,-37,1,0,-329
1494450159290702526,0,-37,1,0,-329
1494450159315411741,0,-37,1,0,-329
1494450159332786960,0,-37,1,0,-329
1494450159352892297,0,-37,1,0,-329
1494450159372061159,0,-37,1,0,-329
1494450159390964909,0,-75,1,0,-659
1494450159410698708,0,-75,1,0,-659
1494450159450169651,0,-75,1,0,-659
1494450159455009555,0,-75,1,0,-659
1494450159473187418,0,-75,1,0,-659
1494450159492857984,0,-75,1,0,-659
1494450159513990801,0,-75,1,0,-659
1494450159535351481,0,-75,1,0,-659
1494450159560612927,0,-75,1,0,-659
1494450159572021072,0,-75,1,0,-659
1494450159592456694,0,-113,1,0,-990
1494450159612151843,0,-113,1,0,-990
1494450159630730920,0,-113,1,0,-990
1494450159653483088,0,-113,1,0,-990
1494450159675980627,0,-113,1,0,-990
1494450159691891034,0,-113,1,0,-990
1494450159712776318,0,-113,1,0,-990
1494450159730893076,0,-113,1,0,-990
1494450159751361733,0,-113,1,0,-990
1494450159771064937,0,-113,1,0,-990
1494450159793002424,0,-151,1,0,-1320
1494450159812322280,0,-151,1,0,-1320
1494450159832376382,0,-151,1,0,-1320
1494450159851330719,0,-151,1,0,-1320
1494450159890276403,0,-151,1,0,-1320
1494450159895527555,0,-151,1,0,-1320
1494450159912126851,0,-151,1,0,-1320
1494450159931004418,0,-151,1,0,-1320
1494450159954146290,0,-151,1,0,-1320
1494450159971475265,0,-151,1,0,-1320
1494450159992064153,0,-189,1,0,-1650
1494450160011668513,0,-189,1,0,-1650
1494450160032994633,0,-189,1,0,-1650
1494450160056649295,0,-189,1,0,-1650
1494450160073233045,0,-189,1,0,-1650
1494450160092301784,0,-189,1,0,-1650
1494450160111734868,0,-189,1,0,-1650
1494450160131565653,0,-189,1,0,-1650
1494450160151597724,0,-189,1,0,-1650
1494450160174800868,0,-189,1,0,-1650
1494450160194783535,0,-189,1,0,-1650
1494450160212025421,0,-189,1,0,-1650
1494450160231274576,0,-189,1,0,-1650
1494450160251897325,0,-189,1,0,-1650
1494450160272186772,0,-189,1,0,-1650
1494450160292990551,0,-189,1,0,-1650
1494450160314559838,0,-189,1,0,-1650
1494450160331868104,0,-189,1,0,-1650
1494450160354500517,0,-189,1,0,-1650
1494450160372254892,0,-189,1,0,-1650
1494450160392491104,0,-189,1,0,-1650
1494450160413791239,0,-189,1,0,-1650
1494450160433426221,0,-189,1,0,-1650
1494450160457232291,0,-189,1,0,-1650
1494450160471565411,0,-189,1,0,-1650
1494450160494727552,0,-151,1,0,-1320
1494450160514046386,0,-151,1,0,-1320
1494450160534050744,0,-151,1,0,-1320
1494450160555968874,0,-151,1,0,-1320
1494450160579572713,0,-151,1,0,-1320
1494450160596396805,0,-151,1,0,-1320
1494450160613482318,0,-151,1,0,-1320
1494450160632391041,0,-151,1,0,-1320
1494450160652815287,0,-151,1,0,-1320
1494450160672084426,0,-151,1,0,-1320
1494450160692551351,0,-151,1,0,-1320
1494450160712884427,0,-151,1,0,-1320
1494450160732389365,0,-151,1,0,-1320
1494450160754290117,0,-151,1,0,-1320
1494450160772837121,0,-151,1,0,-1320
1494450160793393028,0,-151,1,0,-1320
1494450160814076936,0,-151,1,0,-1320
1494450160833962819,0,-151,1,0,-1320
1494450160852399770,0,-151,1,0,-1320
1494450160875861526,0,-151,1,0,-1320
1494450160902713674,0,-151,1,0,-1320
1494450160911896367,0,-151,1,0,-1320
1494450160933423224,0,-151,1,0,-1320
1494450160952060634,0,-151,1,0,-1320
1494450160977511530,0,-151,1,0,-1320
1494450160995268528,0,-113,1,0,-990
1494450161015269099,0,-113,1,0,-990
1494450161034427061,0,-113,1,0,-990
1494450161055871499,0,-113,1,0,-990
1494450161083187449,0,-113,1,0,-990
1494450161103008768,0,-113,1,0,-990
1494450161116093784,0,-113,1,0,-990
1494450161135402285,0,-113,1,0,-990
1494450161153212182,0,-113,1,0,-990
1494450161174048166,0,-113,1,0,-990
1494450161193696387,0,-75,1,0,-659
1494450161213005534,0,-75,1,0,-659
1494450161233343608,0,-75,1,0,-659
1494450161253594512,0,-75,1,0,-659
1494450161276098175,0,-75,1,0,-659
1494450161293830330,0,-75,1,0,-659
1494450161313928310,0,-75,1,0,-659
1494450161333179237,0,-75,1,0,-659
1494450161353036184,0,-75,1,0,-659
1494450161374503443,0,-75,1,0,-659
1494450161395790336,0,-75,1,0,-659
1494450161419461354,0,-75,1,0,-659
1494450161436128430,0,-75,1,0,-659
1494450161457944449,0,-75,1,0,-659
1494450161476461351,0,-75,1,0,-659
1494450161493692037,0,-75,1,0,-659
1494450161517831912,0,-75,1,0,-659
1494450161533726800,0,-75,1,0,-659
1494450161554746983,0,-75,1,0,-659
1494450161573393835,0,-75,1,0,-659
1494450161595385017,0,-75,1,0,-659
1494450161614099700,0,-75,1,0,-659
1494450161633972688,0,-75,1,0,-659
1494450161654259477,0,-75,1,0,-659
1494450161686298303,0,-75,1,0,-659
1494450161696664660,0,-37,1,0,-329
1494450161713052981,0,-37,1,0,-329
1494450161734289567,0,-37,1,0,-329
1494450161753910307,0,-37,1,0,-329
1494450161774493949,0,-37,1,0,-329
1494450161797054484,0,-37,1,0,-329
1494450161815155158,0,-37,1,0,-329
1494450161836653317,0,-37,1,0,-329
1494450161855239152,0,-37,1,0,-329
1494450161875877725,0,-37,1,0,-329
1494450161899844731,0,-37,1,0,-329
1494450161922119770,0,-37,1,0,-329
1494450161935462239,0,-37,1,0,-329
1494450161958573185,0,-37,1,0,-329
1494450161974132886,0,-37,1,0,-329
1494450161994213780,0,-37,1,0,-329
1494450162014044130,0,-37,1,0,-329
1494450162033721525,0,-37,1,0,-329
1494450162058493075,0,-37,1,0,-329
1494450162078473942,0,-37,1,0,-329
1494450162095191632,0,-37,1,0,-329
1494450162113466469,0,-37,1,0,-329
1494450162133687542,0,-37,1,0,-329
1494450162154154388,0,-37,1,0,-329
1494450162174213764,0,-37,1,0,-329
1494450162198909705,0,-37,1,0,-329
1494450162218165664,0,-37,1,0,-329
1494450162236852732,0,-37,1,0,-329
1494450162260141793,0,-37,1,0,-329
1494450162276059112,0,-37,1,0,-329
1494450162296568311,0,-37,1,0,-329
1494450162314715357,0,-37,1,0,-329
1494450162334470047,0,-37,1,0,-329
1494450162360297006,0,-37,1,0,-329
1494450162376610797,0,-37,1,0,-329
1494450162395420006,0,0,0,0,0
1494450162415465801,0,0,0,0,0
1494450162435981870,0,0,0,0,0
1494450162474360567,0,0,0,0,0
1494450162479478639,0,0,0,0,0
1494450162495134288,0,0,0,0,0
1494450162514531439,0,0,0,0,0
1494450162535234205,0,0,0,0,0
1494450162554348348,0,0,0,0,0
1494450162580679465,0,0,0,0,0
1494450162596034732,0,0,0,0,0
1494450162616674627,0,0,0,0,0
1494450162635662799,0,0,0,0,0
1494450162655479146,0,0,0,0,0
1494450162676457414,0,0,0,0,0
1494450162695766238,0,0,0,0,0
1494450162718425540,0,0,0,0,0
1494450162734703498,0,0,0,0,0
1494450162754599476,0,0,0,0,0
1494450162775219884,0,0,0,0,0
1494450162801161159,0,0,0,0,0
1494450162821761546,0,0,0,0,0
1494450162835709503,0,0,0,0,0
1494450162857517105,0,0,0,0,0
1494450162876336145,0,0,0,0,0
1494450162894278146,0,50,0,50,0
1494450162923919700,0,50,0,50,0
1494450162937830218,0,50,0,50,0
1494450162954840025,0,50,0,50,0
1494450162976382882,0,50,0,50,0
1494450162994998657,0,50,0,50,0
1494450163016594519,0,50,0,50,0
1494450163035402016,0,50,0,50,0
1494450163054696678,0,50,0,50,0
1494450163075268985,0,50,0,50,0
1494450163095834574,0,100,0,100,0
1494450163115164845,0,100,0,100,0
1494450163134694828,0,100,0,100,0
1494450163155330773,0,100,0,100,0
1494450163174521583,0,100,0,100,0
1494450163199976302,0,150,0,150,0
1494450163221571669,0,150,0,150,0
1494450163237731311,0,150,0,150,0
1494450163256574584,0,150,0,150,0
1494450163277591154,0,150,0,150,0
1494450163295834914,0,150,0,150,0
1494450163315664922,0,150,0,150,0
1494450163341696402,0,150,0,150,0
1494450163361444786,0,150,0,150,0
1494450163376815645,0,200,0,200,0
1494450163396233487,0,200,0,200,0
1494450163416367769,0,200,0,200,0
1494450163437315273,0,200,0,200,0
1494450163455414669,0,200,0,200,0
1494450163475913307,0,200,0,200,0
1494450163495405849,0,200,0,200,0
1494450163516551776,0,200,0,200,0
1494450163541360748,0,200,0,200,0
1494450163557996615,0,200,0,200,0
1494450163582271007,0,200,0,200,0
1494450163597107324,0,200,0,200,0
1494450163615842143,0,200,0,200,0
1494450163640229278,0,200,0,200,0
1494450163656066835,0,200,0,200,0
1494450163684929182,0,250,0,250,0
1494450163696435098,0,250,0,250,0
1494450163718260081,0,250,0,250,0
1494450163742043418,0,250,0,250,0
1494450163755356129,0,250,0,250,0
1494450163776995398,0,250,0,250,0
1494450163795133320,0,250,0,250,0
1494450163815681235,0,250,0,250,0
1494450163835932432,0,250,0,250,0
1494450163856008879,0,250,0,250,0
1494450163876724428,0,250,0,250,0
1494450163897360051,0,250,0,250,0
1494450163915770725,0,250,0,250,0
1494450163938518790,0,250,0,250,0
1494450163956351363,0,250,0,250,0
1494450163977867613,0,300,0,300,0
1494450163999278279,0,300,0,300,0
1494450164016775840,0,300,0,300,0
1494450164036804506,0,300,0,300,0
1494450164057599569,0,300,0,300,0
1494450164077798009,0,300,0,300,0
1494450164108033868,0,300,0,300,0
1494450164117491900,0,300,0,300,0
1494450164137822782,0,300,0,300,0
1494450164161774610,0,300,0,300,0
1494450164176952355,0,300,0,300,0
1494450164196611937,0,300,0,300,0
1494450164219852750,0,300,0,300,0
1494450164238085901,0,300,0,300,0
1494450164258458719,0,300,0,300,0
1494450164307909355,0,300,0,300,0
1494450164321403918,0,300,0,300,0
1494450164321420568,0,300,0,300,0
1494450164339555066,0,300,0,300,0
1494450164360007020,0,300,0,300,0
1494450164383519581,0,300,0,300,0
1494450164396743923,0,300,0,300,0
1494450164416102019,0,300,0,300,0
1494450164438151689,0,300,0,300,0
1494450164458913186,0,300,0,300,0
1494450164477076473,0,300,0,300,0
1494450164496369911,0,300,0,300,0
1494450164517197614,0,300,0,300,0
1494450164536215154,0,300,0,300,0
1494450164561593310,0,300,0,300,0
1494450164579106515,0,300,0,300,0
1494450164601111748,0,300,0,300,0
1494450164620380556,0,300,0,300,0
1494450164640696207,0,300,0,300,0
1494450164664440980,0,300,0,300,0
1494450164678346026,0,300,0,300,0
1494450164695975877,0,300,0,300,0
1494450164716720578,0,300,0,300,0
1494450164737281083,0,300,0,300,0
1494450164768460139,0,300,0,300,0
1494450164781253318,0,300,0,300,0
1494450164798691177,0,300,0,300,0
1494450164817446576,0,300,0,300,0
1494450164852996293,0,300,0,300,0
1494450164859822328,0,300,0,300,0
1494450164881928407,0,300,0,300,0
1494450164896954233,0,300,0,300,0
1494450164923772522,0,300,0,300,0
1494450164939316859,0,300,0,300,0
1494450165048107804,0,300,0,300,0
1494450165048121520,0,300,0,300,0
1494450165048156358,0,300,0,300,0
1494450165048269669,0,300,0,300,0
1494450165048318111,0,300,0,300,0
1494450165059168636,0,300,0,300,0
1494450165081809389,0,300,0,300,0
1494450165098486275,0,300,0,300,0
1494450165117676100,0,300,0,300,0
1494450165137183820,0,300,0,300,0
1494450165158173268,0,300,0,300,0
1494450165178384091,0,300,0,300,0
1494450165197872102,0,300,0,300,0
1494450165238140301,0,300,0,300,0
1494450165248923565,0,300,0,300,0
1494450165257877523,0,300,0,300,0
1494450165303145134,0,300,0,300,0
1494450165318100346,0,300,0,300,0
1494450165323593783,0,300,0,300,0
1494450165338377366,0,300,0,300,0
1494450165357969352,0,300,0,300,0
1494450165384104862,0,300,0,300,0
1494450165399109303,0,300,0,300,0
1494450165417271049,0,300,0,300,0
1494450165439132877,0,300,0,300,0
1494450165457031261,0,300,0,300,0
1494450165483686115,0,300,0,300,0
1494450165511302307,0,300,0,300,0
1494450165522632746,0,300,0,300,0
1494450165551081914,0,300,0,300,0
1494450165559529600,0,300,0,300,0
1494450165578381143,0,300,0,300,0
1494450165599799182,0,300,0,300,0
1494450165622164651,0,300,0,300,0
1494450165640653321,0,300,0,300,0
1494450165659848746,0,300,0,300,0
1494450165681617084,0,300,0,300,0
1494450165698645322,0,300,0,300,0
1494450165718400156,0,300,0,300,0
1494450165737697164,0,300,0,300,0
1494450165757960126,0,300,0,300,0
1494450165777824135,0,337,909,300,330
1494450165798004267,0,337,909,300,330
1494450165817829984,0,337,909,300,330
1494450165840012212,0,337,909,300,330
1494450165866082499,0,337,909,300,330
1494450165883663340,0,337,909,300,330
1494450165900183452,0,337,909,300,330
1494450165920137068,0,337,909,300,330
1494450165937927945,0,337,909,300,330
1494450165973023598,0,337,909,300,330
1494450165994496457,0,375,454,300,660
1494450166001218380,0,375,454,300,660
1494450166020790695,0,375,454,300,660
1494450166041084208,0,375,454,300,660
1494450166058666622,0,375,454,300,660
1494450166083549820,0,413,303,300,990
1494450166099645211,0,413,303,300,990
1494450166119453671,0,413,303,300,990
1494450166141030052,0,413,303,300,990
1494450166161076322,0,413,303,300,990
1494450166178296330,0,413,303,300,990
1494450166211560112,0,413,303,300,990
1494450166222603527,0,413,303,300,990
1494450166239720232,0,413,303,300,990
1494450166262125467,0,413,303,300,990
1494450166282955781,0,413,303,300,990
1494450166301625751,0,413,303,300,990
1494450166319152945,0,413,303,300,990
1494450166340172764,0,413,303,300,990
1494450166364435857,0,413,303,300,990
1494450166380737599,0,413,303,300,990
1494450166405478161,0,413,303,300,990
1494450166420403095,0,413,303,300,990
1494450166441490662,0,413,303,300,990
1494450166466893232,0,413,303,300,990
1494450166499852851,0,413,303,300,990
1494450166509178684,0,413,303,300,990
1494450166520072807,0,413,303,300,990
1494450166538875937,0,413,303,300,990
1494450166558613763,0,413,303,300,990
1494450166587830746,0,375,454,300,660
1494450166602348749,0,375,454,300,660
1494450166621374005,0,375,454,300,660
1494450166638834199,0,375,454,300,660
1494450166659142993,0,375,454,300,660
1494450166685093278,0,375,454,300,660
1494450166703840628,0,375,454,300,660
1494450166720418099,0,375,454,300,660
1494450166750807504,0,375,454,300,660
1494450166758286666,0,375,454,300,660
1494450166779202920,0,337,909,300,330
1494450166805920543,0,337,909,300,330
1494450166821443067,0,337,909,300,330
1494450166839735192,0,337,909,300,330
1494450166859495055,0,337,909,300,330
1494450166879446425,0,337,909,300,330
1494450166902490241,0,337,909,300,330
1494450166920092089,0,337,909,300,330
1494450166940106314,0,337,909,300,330
1494450166969900461,0,337,909,300,330
1494450166982643305,0,300,0,300,0
1494450167001510537,0,300,0,300,0
1494450167019211149,0,300,0,300,0
1494450167039350790,0,300,0,300,0
1494450167059030517,0,300,0,300,0
1494450167081831833,0,300,0,300,0
1494450167100020910,0,300,0,300,0
1494450167122068853,0,300,0,300,0
1494450167140191796,0,300,0,300,0
1494450167161794506,0,300,0,300,0
1494450167179653814,0,300,0,300,0
1494450167201376266,0,300,0,300,0
1494450167224194491,0,300,0,300,0
1494450167242088990,0,300,0,300,0
1494450167260129392,0,300,0,300,0
1494450167294931165,0,300,0,300,0
1494450167299813845,0,300,0,300,0
1494450167326071320,0,300,0,300,0
1494450167340264445,0,300,0,300,0
1494450167363655080,0,300,0,300,0
1494450167383746478,0,337,-909,300,-329
1494450167412465613,0,337,-909,300,-329
1494450167428610221,0,337,-909,300,-329
1494450167448622360,0,337,-909,300,-329
1494450167465778553,0,337,-909,300,-329
1494450167480327749,0,337,-909,300,-329
1494450167499319990,0,337,-909,300,-329
1494450167522687444,0,337,-909,300,-329
1494450167542032054,0,337,-909,300,-329
1494450167560716414,0,337,-909,300,-329
1494450167581812776,0,337,-909,300,-329
1494450167602155334,0,337,-909,300,-329
1494450167626577976,0,337,-909,300,-329
1494450167640112931,0,337,-909,300,-329
1494450167660785105,0,337,-909,300,-329
1494450167684579827,0,337,-909,300,-329
1494450167702709218,0,337,-909,300,-329
1494450167735082203,0,337,-909,300,-329
1494450167741904459,0,337,-909,300,-329
1494450167760540989,0,337,-909,300,-329
1494450167780916118,0,337,-909,300,-329
1494450167803078066,0,337,-909,300,-329
1494450167821297954,0,337,-909,300,-329
1494450167841803403,0,337,-909,300,-329
1494450167861384517,0,337,-909,300,-329
1494450167881037687,0,337,-909,300,-329
1494450167900559426,0,337,-909,300,-329
1494450167921574507,0,337,-909,300,-329
1494450167943812504,0,337,-909,300,-329
1494450167964271844,0,337,-909,300,-329
1494450167981532853,0,300,0,300,0
1494450168000854188,0,300,0,300,0
1494450168021476953,0,300,0,300,0
1494450168059074902,0,300,0,300,0
1494450168063165178,0,300,0,300,0
1494450168081201560,0,300,0,300,0
1494450168102087080,0,300,0,300,0
1494450168130239328,0,300,0,300,0
1494450168145438443,0,300,0,300,0
1494450168161751349,0,300,0,300,0
1494450168182669183,0,300,0,300,0
1494450168200485155,0,300,0,300,0
1494450168220665939,0,300,0,300,0
1494450168240668298,0,300,0,300,0
1494450168260741397,0,300,0,300,0
1494450168283825401,0,300,0,300,0
1494450168304736975,0,300,0,300,0
1494450168321385378,0,300,0,300,0
1494450168342385785,0,300,0,300,0
1494450168362068171,0,300,0,300,0
1494450168388830564,0,300,0,300,0
1494450168402759773,0,300,0,300,0
1494450168422261289,0,300,0,300,0
1494450168444021360,0,300,0,300,0
1494450168461576025,0,300,0,300,0
1494450168481745227,0,300,0,300,0
1494450168503044690,0,300,0,300,0
1494450168522816976,0,300,0,300,0
1494450168546017999,0,300,0,300,0
1494450168565438991,0,300,0,300,0
1494450168584287292,0,300,0,300,0
1494450168607996531,0,300,0,300,0
1494450168622741791,0,300,0,300,0
1494450168641866049,0,300,0,300,0
1494450168661722614,0,300,0,300,0
1494450168683093611,0,300,0,300,0
1494450168701462254,0,300,0,300,0
1494450168730426360,0,300,0,300,0
1494450168742598723,0,300,0,300,0
1494450168762261955,0,300,0,300,0
1494450168781618635,0,300,0,300,0
1494450168801541878,0,300,0,300,0
1494450168821700865,0,300,0,300,0
1494450168841709477,0,300,0,300,0
1494450168863382351,0,300,0,300,0
1494450168881157021,0,300,0,300,0
1494450168902263814,0,300,0,300,0
1494450168922364902,0,300,0,300,0
1494450168943974953,0,300,0,300,0
1494450168966283103,0,300,0,300,0
1494450168985241674,0,300,0,300,0
1494450169003908442,0,300,0,300,0
1494450169023266558,0,300,0,300,0
1494450169046442566,0,300,0,300,0
1494450169066119241,0,300,0,300,0
1494450169084097017,0,300,0,300,0
1494450169103448096,0,300,0,300,0
1494450169127307436,0,300,0,300,0
1494450169144707734,0,300,0,300,0
1494450169168327463,0,300,0,300,0
1494450169182187104,0,300,0,300,0
1494450169202211970,0,300,0,300,0
1494450169221639082,0,300,0,300,0
1494450169242010044,0,300,0,300,0
1494450169263408630,0,300,0,300,0
1494450169284541263,0,300,0,300,0
1494450169305870759,0,300,0,300,0
1494450169324621437,0,300,0,300,0
1494450169345332176,0,300,0,300,0
1494450169362212369,0,300,0,300,0
1494450169381863798,0,300,0,300,0
1494450169402240742,0,300,0,300,0
1494450169425210161,0,300,0,300,0
1494450169445015581,0,300,0,300,0
1494450169464380556,0,300,0,300,0
1494450169495351994,0,300,0,300,0
1494450169505826702,0,300,0,300,0
1494450169523601044,0,300,0,300,0
1494450169541988205,0,300,0,300,0
1494450169561918497,0,300,0,300,0
1494450169583619543,0,300,0,300,0
1494450169603629325,0,300,0,300,0
1494450169629741425,0,300,0,300,0
1494450169646642295,0,300,0,300,0
1494450169877688429,0,300,0,300,0
1494450169877773271,0,300,0,300,0
1494450169877780782,0,300,0,300,0
1494450169877788800,0,300,0,300,0
1494450169877796103,0,300,0,300,0
1494450169877802134,0,300,0,300,0
1494450169877813123,0,300,0,300,0
1494450169877828158,0,300,0,300,0
1494450169877833908,0,300,0,300,0
1494450169877841405,0,300,0,300,0
1494450169877869007,0,300,0,300,0
1494450169894424327,0,300,0,300,0
1494450169903802790,0,300,0,300,0
1494450169923651377,0,300,0,300,0
1494450169943134845,0,300,0,300,0
1494450169965595618,0,300,0,300,0
1494450169990353863,0,300,0,300,0
1494450170003722845,0,300,0,300,0
1494450170023152134,0,300,0,300,0
1494450170043780413,0,300,0,300,0
1494450170070017656,0,300,0,300,0
1494450170090872932,0,300,0,300,0
1494450170103451617,0,300,0,300,0
1494450170123090288,0,300,0,300,0
1494450170142444711,0,300,0,300,0
1494450170162682717,0,300,0,300,0
1494450170193168287,0,300,0,300,0
1494450170203795830,0,300,0,300,0
1494450170225070327,0,300,0,300,0
1494450170246686990,0,300,0,300,0
1494450170264469046,0,300,0,300,0
1494450170283032531,0,300,0,300,0
1494450170310370874,0,300,0,300,0
1494450170328523024,0,300,0,300,0
1494450170347416279,0,300,0,300,0
1494450170371621039,0,300,0,300,0
1494450170398091163,0,337,-909,300,-329
1494450170406079237,0,337,-909,300,-329
1494450170431582898,0,337,-909,300,-329
1494450170444638503,0,337,-909,300,-329
1494450170467794647,0,337,-909,300,-329
1494450170483913279,0,337,-909,300,-329
1494450170504112414,0,337,-909,300,-329
1494450170523925586,0,337,-909,300,-329
1494450170544662268,0,337,-909,300,-329
1494450170563718426,0,337,-909,300,-329
1494450170585595743,0,375,-454,300,-659
1494450170605754407,0,375,-454,300,-659
1494450170625393672,0,375,-454,300,-659
1494450170643903192,0,375,-454,300,-659
1494450170664273448,0,375,-454,300,-659
1494450170687671421,0,375,-454,300,-659
1494450170704914818,0,375,-454,300,-659
1494450170725779773,0,375,-454,300,-659
1494450170744372836,0,375,-454,300,-659
1494450170765656943,0,375,-454,300,-659
1494450170790905334,0,413,-303,300,-990
1494450170810402720,0,413,-303,300,-990
1494450170830411826,0,413,-303,300,-990
1494450170847241967,0,413,-303,300,-990
1494450170866813797,0,413,-303,300,-990
1494450170883953709,0,413,-303,300,-990
1494450170910076485,0,413,-303,300,-990
1494450170923460802,0,413,-303,300,-990
1494450170947459544,0,413,-303,300,-990
1494450170964847822,0,413,-303,300,-990
1494450170984112660,0,451,-227,300,-1320
1494450171004721015,0,451,-227,300,-1320
1494450171025995402,0,451,-227,300,-1320
1494450171071552831,0,451,-227,300,-1320
1494450171078248111,0,451,-227,300,-1320
1494450171085559014,0,451,-227,300,-1320
1494450171292933704,0,451,-227,300,-1320
1494450171292954961,0,451,-227,300,-1320
1494450171292963342,0,451,-227,300,-1320
1494450171292970228,0,451,-227,300,-1320
1494450171292977545,0,451,-227,300,-1320
1494450171292983902,0,451,-227,300,-1320
1494450171292989290,0,451,-227,300,-1320
1494450171292995851,0,451,-227,300,-1320
1494450171293002310,0,451,-227,300,-1320
1494450171293009162,0,489,-181,300,-1650
1494450171310908441,0,489,-181,300,-1650
1494450171327509646,0,489,-181,300,-1650
1494450171347197333,0,489,-181,300,-1650
1494450171364804330,0,489,-181,300,-1650
1494450171395522108,0,489,-181,300,-1650
1494450171406364555,0,489,-181,300,-1650
1494450171427109991,0,489,-181,300,-1650
1494450171448213168,0,489,-181,300,-1650
1494450171466425314,0,489,-181,300,-1650
1494450171484776456,0,451,-227,300,-1320
1494450171506449501,0,451,-227,300,-1320
1494450171525330795,0,451,-227,300,-1320
1494450171544608921,0,451,-227,300,-1320
1494450171569270013,0,451,-227,300,-1320
1494450171591031906,0,451,-227,300,-1320
1494450171606542357,0,451,-227,300,-1320
1494450171626461939,0,451,-227,300,-1320
1494450171645497533,0,451,-227,300,-1320
1494450171665280042,0,451,-227,300,-1320
1494450171685607220,0,413,-303,300,-990
1494450171707214773,0,413,-303,300,-990
1494450171729308835,0,413,-303,300,-990
1494450171745367153,0,413,-303,300,-990
1494450171765645917,0,413,-303,300,-990
1494450171786129950,0,413,-303,300,-990
1494450171805440011,0,413,-303,300,-990
1494450171832139251,0,413,-303,300,-990
1494450171845157364,0,413,-303,300,-990
1494450171865401456,0,413,-303,300,-990
1494450171885392983,0,375,-454,300,-659
1494450171905438371,0,375,-454,300,-659
1494450171926609779,0,375,-454,300,-659
1494450171945196700,0,375,-454,300,-659
1494450171965533194,0,375,-454,300,-659
1494450171985105392,0,375,-454,300,-659
1494450172008478797,0,375,-454,300,-659
1494450172029034673,0,375,-454,300,-659
1494450172047831552,0,375,-454,300,-659
1494450172066063182,0,375,-454,300,-659
1494450172086436286,0,375,-454,300,-659
1494450172105164357,0,375,-454,300,-659
1494450172130668230,0,375,-454,300,-659
1494450172151058227,0,375,-454,300,-659
1494450172166799954,0,375,-454,300,-659
1494450172185315671,0,337,-909,300,-329
1494450172207457438,0,337,-909,300,-329
1494450172227013662,0,337,-909,300,-329
1494450172248720734,0,337,-909,300,-329
1494450172271031656,0,337,-909,300,-329
1494450172290120685,0,337,-909,300,-329
1494450172307228370,0,337,-909,300,-329
1494450172330762900,0,337,-909,300,-329
1494450172348822920,0,337,-909,300,-329
1494450172365634920,0,337,-909,300,-329
1494450172386108773,0,300,0,300,0
1494450172405184384,0,300,0,300,0
1494450172427885990,0,300,0,300,0
1494450172449337938,0,300,0,300,0
1494450172467504251,0,300,0,300,0
1494450172485934663,0,300,0,300,0
1494450172506688556,0,300,0,300,0
1494450172526138558,0,300,0,300,0
1494450172548111284,0,300,0,300,0
1494450172565852148,0,300,0,300,0
1494450172588228865,0,300,0,300,0
1494450172609387952,0,300,0,300,0
1494450172630696644,0,300,0,300,0
1494450172650429257,0,300,0,300,0
1494450172666297445,0,300,0,300,0
1494450172687718465,0,337,909,300,330
1494450172711322287,0,337,909,300,330
1494450172732557300,0,337,909,300,330
1494450172752716074,0,337,909,300,330
1494450172766435353,0,337,909,300,330
1494450172789545770,0,337,909,300,330
1494450172809335444,0,337,909,300,330
1494450172828354406,0,337,909,300,330
1494450172854812737,0,337,909,300,330
1494450172868623095,0,337,909,300,330
1494450172886705354,0,337,909,300,330
1494450172905918762,0,337,909,300,330
1494450172927854993,0,337,909,300,330
1494450172949979138,0,337,909,300,330
1494450172966459632,0,337,909,300,330
1494450172991416449,0,337,909,300,330
1494450173009454498,0,337,909,300,330
1494450173027254978,0,337,909,300,330
1494450173047151112,0,337,909,300,330
1494450173066503433,0,337,909,300,330
1494450173097096825,0,337,909,300,330
1494450173107975086,0,337,909,300,330
1494450173127501108,0,337,909,300,330
1494450173146615417,0,337,909,300,330
1494450173167029066,0,337,909,300,330
1494450173186872787,0,337,909,300,330
1494450173208066558,0,337,909,300,330
1494450173226819322,0,337,909,300,330
1494450173247505351,0,337,909,300,330
1494450173267766816,0,337,909,300,330
1494450173287662061,0,300,0,300,0
1494450173310877145,0,300,0,300,0
1494450173328602658,0,300,0,300,0
1494450173349475504,0,300,0,300,0
1494450173367418641,0,300,0,300,0
1494450173388122513,0,300,0,300,0
1494450173407919349,0,300,0,300,0
1494450173427252940,0,300,0,300,0
1494450173448047107,0,300,0,300,0
1494450173471694008,0,300,0,300,0
1494450173492834532,0,300,0,300,0
1494450173508844266,0,300,0,300,0
1494450173529253358,0,300,0,300,0
1494450173546872223,0,300,0,300,0
1494450173566662467,0,300,0,300,0
1494450173589178365,0,300,0,300,0
1494450173610189828,0,300,0,300,0
1494450173634639332,0,300,0,300,0
1494450173651153431,0,300,0,300,0
1494450173666990490,0,300,0,300,0
1494450173687415270,0,300,0,300,0
1494450173708835919,0,300,0,300,0
1494450173726871461,0,300,0,300,0
1494450173747230301,0,300,0,300,0
1494450173768681379,0,300,0,300,0
1494450173788832180,0,300,0,300,0
1494450173809730053,0,300,0,300,0
1494450173829245779,0,300,0,300,0
1494450173849633272,0,300,0,300,0
1494450173871157086,0,300,0,300,0
1494450173891152387,0,300,0,300,0
1494450173907503694,0,300,0,300,0
1494450173928148717,0,300,0,300,0
1494450173947976567,0,300,0,300,0
1494450173968168093,0,300,0,300,0
1494450173987876649,0,300,0,300,0
1494450174007873141,0,300,0,300,0
1494450174028106452,0,300,0,300,0
1494450174048245794,0,300,0,300,0
1494450174071779226,0,300,0,300,0
1494450174090862689,0,300,0,300,0
1494450174108594117,0,300,0,300,0
1494450174127762000,0,300,0,300,0
1494450174150165218,0,300,0,300,0
1494450174167813101,0,300,0,300,0
1494450174191612798,0,300,0,300,0
1494450174213835335,0,300,0,300,0
1494450174229190330,0,300,0,300,0
1494450174249213322,0,300,0,300,0
1494450174268140958,0,300,0,300,0
1494450174289727870,0,300,0,300,0
1494450174308076809,0,300,0,300,0
1494450174330090520,0,300,0,300,0
1494450174349300503,0,300,0,300,0
1494450174367446059,0,300,0,300,0
1494450174393451527,0,300,0,300,0
1494450174407660616,0,300,0,300,0
1494450174429731130,0,300,0,300,0
1494450174449944140,0,300,0,300,0
1494450174470679065,0,300,0,300,0
1494450174494195223,0,300,0,300,0
1494450174514400979,0,300,0,300,0
1494450174534364964,0,300,0,300,0
1494450174549013218,0,300,0,300,0
1494450174569186152,0,300,0,300,0
1494450174590376591,0,300,0,300,0
1494450174610141906,0,300,0,300,0
1494450174630146362,0,300,0,300,0
1494450174648921062,0,300,0,300,0
1494450174668732973,0,300,0,300,0
1494450174690272640,0,300,0,300,0
1494450174709490342,0,300,0,300,0
1494450174729157034,0,300,0,300,0
1494450174750731105,0,300,0,300,0
1494450174769160564,0,300,0,300,0
1494450174792798907,0,300,0,300,0
1494450174808595916,0,300,0,300,0
1494450174828384622,0,300,0,300,0
1494450174849503861,0,300,0,300,0
1494450174879938991,0,300,0,300,0
1494450174890479130,0,300,0,300,0
1494450174922095285,0,300,0,300,0
1494450174929622544,0,300,0,300,0
1494450174949388363,0,300,0,300,0
1494450174971688033,0,300,0,300,0
1494450174990369245,0,300,0,300,0
1494450175008568475,0,300,0,300,0
1494450175028365141,0,300,0,300,0
1494450175048612323,0,300,0,300,0
1494450175071455120,0,300,0,300,0
1494450175094784769,0,250,0,250,0
1494450175109757713,0,250,0,250,0
1494450175128637636,0,250,0,250,0
1494450175148651871,0,250,0,250,0
1494450175168533615,0,250,0,250,0
1494450175188713803,0,200,0,200,0
1494450175210217994,0,200,0,200,0
1494450175230475074,0,200,0,200,0
1494450175248442630,0,200,0,200,0
1494450175269578299,0,200,0,200,0
1494450175289679305,0,200,0,200,0
1494450175314463780,0,200,0,200,0
1494450175330813660,0,200,0,200,0
1494450175351815190,0,200,0,200,0
1494450175369467352,0,200,0,200,0
1494450175389931703,0,150,0,150,0
1494450175409769648,0,150,0,150,0
1494450175430844947,0,150,0,150,0
1494450175449297655,0,150,0,150,0
1494450175470605361,0,150,0,150,0
1494450175489249219,0,150,0,150,0
1494450175509648316,0,150,0,150,0
1494450175530140227,0,150,0,150,0
1494450175552526354,0,150,0,150,0
1494450175572731675,0,150,0,150,0
1494450175591994947,0,150,0,150,0
1494450175611900847,0,150,0,150,0
1494450175634983292,0,150,0,150,0
1494450175654488645,0,150,0,150,0
1494450175685553093,0,150,0,150,0
1494450175691095612,0,187,454,150,330
1494450175710163786,0,187,454,150,330
1494450175730277152,0,187,454,150,330
1494450175749574558,0,187,454,150,330
1494450175770070812,0,187,454,150,330
1494450175789614283,0,187,454,150,330
1494450175809319629,0,187,454,150,330
1494450175828945005,0,187,454,150,330
1494450175849832881,0,187,454,150,330
1494450175871421252,0,187,454,150,330
1494450175890359316,0,187,454,150,330
1494450175909672118,0,187,454,150,330
1494450175930111917,0,187,454,150,330
1494450176032385510,0,187,454,150,330
1494450176035889757,0,187,454,150,330
1494450176035909181,0,187,454,150,330
1494450176035916236,0,187,454,150,330
1494450176035921659,0,187,454,150,330
1494450176099224281,0,187,454,150,330
1494450176103189857,0,187,454,150,330
1494450176103228526,0,187,454,150,330
1494450176111834929,0,187,454,150,330
1494450176249587546,0,187,454,150,330
1494450176253896175,0,187,454,150,330
1494450176253914144,0,187,454,150,330
1494450176253927716,0,187,454,150,330
1494450176253944701,0,187,454,150,330
1494450176254023573,0,187,454,150,330
1494450176254106409,0,187,454,150,330
1494450176271212037,0,187,454,150,330
1494450176302278944,0,187,454,150,330
1494450176310604521,0,187,454,150,330
1494450176330158421,0,187,454,150,330
1494450176577576792,0,187,454,150,330
1494450176629931204,0,187,454,150,330
1494450176629946903,0,187,454,150,330
1494450176629980799,0,187,454,150,330
1494450176629994235,0,187,454,150,330
1494450176630065980,0,187,454,150,330
1494450176630087916,0,187,454,150,330
1494450176630105739,0,187,454,150,330
1494450176630216744,0,187,454,150,330
1494450176630230839,0,187,454,150,330
1494450176630278991,0,187,454,150,330
1494450176648703520,0,187,454,150,330
1494450176648748235,0,187,454,150,330
1494450176648782434,0,187,454,150,330
1494450176648870314,0,187,454,150,330
1494450176660011653,0,187,454,150,330
1494450176672380992,0,187,454,150,330
1494450176691251022,0,187,454,150,330
1494450176710577308,0,187,454,150,330
1494450176730659417,0,187,454,150,330
1494450176750626864,0,187,454,150,330
1494450176777971492,0,187,454,150,330
1494450176799449186,0,187,454,150,330
1494450176812374765,0,187,454,150,330
1494450176831358905,0,187,454,150,330
1494450176850868160,0,187,454,150,330
1494450176871258955,0,187,454,150,330
1494450176891237558,0,187,454,150,330
1494450176914381721,0,187,454,150,330
1494450176932083322,0,187,454,150,330
1494450176951084821,0,187,454,150,330
1494450176971570286,0,187,454,150,330
1494450176993273508,0,187,454,150,330
1494450177010848968,0,187,454,150,330
1494450177031705780,0,187,454,150,330
1494450177053566750,0,187,454,150,330
1494450177075021800,0,187,454,150,330
1494450177092642269,0,187,454,150,330
1494450177111142285,0,187,454,150,330
1494450177132767642,0,187,454,150,330
1494450177155944708,0,187,454,150,330
1494450177177576677,0,187,454,150,330
1494450177192988967,0,187,454,150,330
1494450177212456866,0,187,454,150,330
1494450177230896956,0,187,454,150,330
1494450177251427234,0,187,454,150,330
1494450177271862167,0,187,454,150,330
1494450177290785287,0,150,0,150,0
1494450177310832201,0,150,0,150,0
1494450177330771101,0,150,0,150,0
1494450177353359644,0,150,0,150,0
1494450177372529806,0,150,0,150,0
1494450177392193815,0,150,0,150,0
1494450177412379665,0,150,0,150,0
1494450177431650382,0,150,0,150,0
1494450177451661723,0,150,0,150,0
1494450177472911854,0,150,0,150,0
1494450177501588272,0,150,0,150,0
1494450177514546921,0,150,0,150,0
1494450177530853763,0,150,0,150,0
1494450177553297363,0,150,0,150,0
1494450177572323872,0,150,0,150,0
1494450177593766040,0,150,0,150,0
1494450177613339005,0,150,0,150,0
1494450177634369180,0,150,0,150,0
1494450177655220642,0,150,0,150,0
1494450177675547319,0,150,0,150,0
1494450177696128843,0,150,0,150,0
1494450177712492872,0,150,0,150,0
1494450177732928143,0,150,0,150,0
1494450177752360400,0,150,0,150,0
1494450177771962641,0,150,0,150,0
1494450177792319719,0,187,-454,150,-329
1494450177813292437,0,187,-454,150,-329
1494450177835115326,0,187,-454,150,-329
1494450177857397213,0,187,-454,150,-329
1494450177874610463,0,187,-454,150,-329
1494450177893523760,0,187,-454,150,-329
1494450177913162864,0,187,-454,150,-329
1494450177933217692,0,187,-454,150,-329
1494450177951815531,0,187,-454,150,-329
1494450177976678269,0,187,-454,150,-329
1494450177994433989,0,187,-454,150,-329
1494450178016047587,0,187,-454,150,-329
1494450178035980224,0,187,-454,150,-329
1494450178055830849,0,187,-454,150,-329
1494450178079575486,0,187,-454,150,-329
1494450178092303738,0,187,-454,150,-329
1494450178112784505,0,187,-454,150,-329
1494450178134229807,0,187,-454,150,-329
1494450178157104539,0,187,-454,150,-329
1494450178183926111,0,187,-454,150,-329
1494450178193440949,0,187,-454,150,-329
1494450178214394221,0,187,-454,150,-329
1494450178234077708,0,187,-454,150,-329
1494450178254255042,0,187,-454,150,-329
1494450178274719929,0,187,-454,150,-329
1494450178294205177,0,187,-454,150,-329
1494450178312489417,0,187,-454,150,-329
1494450178332501037,0,187,-454,150,-329
1494450178352896559,0,187,-454,150,-329
1494450178372687890,0,187,-454,150,-329
1494450178392619308,0,187,-454,150,-329
1494450178412609089,0,187,-454,150,-329
1494450178432616088,0,187,-454,150,-329
1494450178452982356,0,187,-454,150,-329
1494450178473630807,0,187,-454,150,-329
1494450178493791098,0,187,-454,150,-329
1494450178516635436,0,187,-454,150,-329
1494450178532568359,0,187,-454,150,-329
1494450178553586506,0,187,-454,150,-329
1494450178573558248,0,187,-454,150,-329
1494450178600127730,0,187,-454,150,-329
1494450178613951311,0,187,-454,150,-329
1494450178654150055,0,187,-454,150,-329
1494450178674915808,0,187,-454,150,-329
1494450178674922691,0,187,-454,150,-329
1494450178694335125,0,187,-454,150,-329
1494450178712975903,0,187,-454,150,-329
1494450178732459254,0,187,-454,150,-329
1494450178754919093,0,187,-454,150,-329
1494450178776217052,0,187,-454,150,-329
1494450178795304220,0,187,-454,150,-329
1494450178815529338,0,187,-454,150,-329
1494450178832608806,0,187,-454,150,-329
1494450178852932378,0,187,-454,150,-329
1494450178873360433,0,187,-454,150,-329
1494450178896504702,0,187,-454,150,-329
1494450178913537801,0,187,-454,150,-329
1494450178939683935,0,187,-454,150,-329
1494450178953813082,0,187,-454,150,-329
1494450178974362676,0,187,-454,150,-329
1494450179000522593,0,150,0,150,0
1494450179015951468,0,150,0,150,0
1494450179033574536,0,150,0,150,0
1494450179054593287,0,150,0,150,0
1494450179074034360,0,150,0,150,0
1494450179093729331,0,150,0,150,0
1494450179113757243,0,150,0,150,0
1494450179133107576,0,150,0,150,0
1494450179157648480,0,150,0,150,0
1494450179179511069,0,150,0,150,0
1494450179193880944,0,150,0,150,0
1494450179214126973,0,150,0,150,0
1494450179233500767,0,150,0,150,0
1494450179255209173,0,150,0,150,0
1494450179273673998,0,150,0,150,0
1494450179298323756,0,187,454,150,330
1494450179314523054,0,187,454,150,330
1494450179335941446,0,187,454,150,330
1494450179357982486,0,187,454,150,330
1494450179375088238,0,187,454,150,330
1494450179393634680,0,187,454,150,330
1494450179416282325,0,187,454,150,330
1494450179450998815,0,187,454,150,330
1494450179456844289,0,187,454,150,330
1494450179489450719,0,187,454,150,330
1494450179498489003,0,187,454,150,330
1494450179518220055,0,187,454,150,330
1494450179536038462,0,187,454,150,330
1494450179558281206,0,187,454,150,330
1494450179579368004,0,225,227,150,660
1494450179600063210,0,225,227,150,660
1494450179618020771,0,225,227,150,660
1494450179641262879,0,225,227,150,660
1494450179659106368,0,225,227,150,660
1494450179687982175,0,225,227,150,660
1494450179697103498,0,225,227,150,660
1494450179715906279,0,225,227,150,660
1494450179735543040,0,225,227,150,660
1494450179755727840,0,225,227,150,660
1494450179775524347,0,225,227,150,660
1494450179798565395,0,263,151,150,990
1494450179820293048,0,263,151,150,990
1494450179834248353,0,263,151,150,990
1494450179857358616,0,263,151,150,990
1494450179875098820,0,263,151,150,990
1494450179893798544,0,263,151,150,990
1494450179915350363,0,263,151,150,990
1494450179934527375,0,263,151,150,990
1494450179954293221,0,263,151,150,990
1494450179974542543,0,263,151,150,990
1494450179996008742,0,301,113,150,1320
1494450180022578881,0,301,113,150,1320
1494450180035135317,0,301,113,150,1320
1494450180055127506,0,301,113,150,1320
1494450180077172395,0,301,113,150,1320
1494450180097004650,0,301,113,150,1320
1494450180117517052,0,301,113,150,1320
1494450180136482682,0,301,113,150,1320
1494450180163570757,0,301,113,150,1320
1494450180174067951,0,301,113,150,1320
1494450180195296270,0,301,113,150,1320
1494450180216394412,0,301,113,150,1320
1494450180237121942,0,301,113,150,1320
1494450180258435656,0,301,113,150,1320
1494450180277140336,0,339,90,150,1650
1494450180295219712,0,339,90,150,1650
1494450180315408128,0,339,90,150,1650
1494450180335414858,0,339,90,150,1650
1494450180360605107,0,339,90,150,1650
1494450180377348500,0,339,90,150,1650
1494450180396356514,0,339,90,150,1650
1494450180419532461,0,339,90,150,1650
1494450180436493096,0,339,90,150,1650
1494450180459869558,0,339,90,150,1650
1494450180477980782,0,0,0,0,0
1494450180495659130,0,0,0,0,0
1494450180516146748,0,0,0,0,0
1494450180536236021,0,0,0,0,0
1494450180555877801,0,0,0,0,0
1494450180577260881,0,0,0,0,0
1494450180595902933,0,0,0,0,0
1494450180615370939,0,0,0,0,0
1494450180638758710,0,0,0,0,0
1494450180656225378,0,0,0,0,0
1494450180675953521,0,0,0,0,0
1494450180697655077,0,339,90,150,1650
1494450180716085463,0,339,90,150,1650
1494450180740511551,0,339,90,150,1650
1494450180759418134,0,339,90,150,1650
1494450180782858696,0,339,90,150,1650
1494450180798342548,0,339,90,150,1650
1494450180816547824,0,339,90,150,1650
1494450180835705959,0,339,90,150,1650
1494450180855086361,0,339,90,150,1650
1494450180876004724,0,339,90,150,1650
1494450180895582760,0,339,90,150,1650
1494450180916944263,0,339,90,150,1650
1494450180936796779,0,339,90,150,1650
1494450180957104349,0,339,90,150,1650
1494450180980579182,0,339,90,150,1650
1494450180996848452,0,339,90,150,1650
1494450181016075080,0,339,90,150,1650
1494450181039116597,0,339,90,150,1650
1494450181055795091,0,339,90,150,1650
1494450181077532020,0,339,90,150,1650
1494450181097408708,0,339,90,150,1650
1494450181117137837,0,339,90,150,1650
1494450181141735567,0,339,90,150,1650
1494450181158341511,0,339,90,150,1650
1494450181176795191,0,339,90,150,1650
1494450181196567785,0,339,90,150,1650
1494450181217429335,0,339,90,150,1650
1494450181236144472,0,339,90,150,1650
1494450181256581337,0,339,90,150,1650
1494450181280159535,0,339,90,150,1650
1494450181300847286,0,339,90,150,1650
1494450181327410252,0,339,90,150,1650
1494450181338341329,0,339,90,150,1650
1494450181361126952,0,339,90,150,1650
1494450181378011041,0,0,0,0,0
1494450181395608274,0,0,0,0,0
1494450181416462354,0,0,0,0,0
1494450181436340356,0,0,0,0,0
1494450181458343100,0,0,0,0,0
1494450181489366341,0,0,0,0,0
1494450181496574288,0,0,0,0,0
1494450181519494183,0,0,0,0,0
1494450181539137279,0,0,0,0,0
1494450181559768523,0,0,0,0,0
1494450181578176351,0,0,0,0,0
1494450181596862126,0,0,0,0,0
1494450181617641032,0,0,0,0,0
1494450181637827946,0,0,0,0,0
1494450181662976123,0,0,0,0,0
1494450181678690539,0,339,90,150,1650
1494450181696437363,0,339,90,150,1650
1494450181717885374,0,339,90,150,1650
1494450181740022923,0,339,90,150,1650
1494450181757120991,0,339,90,150,1650
1494450181779141814,0,339,90,150,1650
1494450181797458302,0,339,90,150,1650
1494450181817467803,0,339,90,150,1650
1494450181838914799,0,339,90,150,1650
1494450181901668806,0,339,90,150,1650
1494450181905951355,0,0,0,0,0
1494450181905977812,0,0,0,0,0
1494450181918417782,0,0,0,0,0
1494450181938051467,0,0,0,0,0
1494450181970740567,0,0,0,0,0
1494450181977853076,0,0,0,0,0
1494450182000846419,0,0,0,0,0
1494450182020864670,0,0,0,0,0
1494450182052698789,0,0,0,0,0
1494450182064928172,0,0,0,0,0
1494450182079314686,0,0,0,0,0
1494450182097957751,0,0,0,0,0
1494450182116828478,0,0,0,0,0
1494450182137678103,0,0,0,0,0
1494450182156472117,0,0,0,0,0
1494450182181777076,0,339,90,150,1650
1494450182196415100,0,339,90,150,1650
1494450182216853518,0,339,90,150,1650
1494450182236646279,0,339,90,150,1650
1494450182263345200,0,339,90,150,1650
1494450182279315355,0,0,0,0,0
1494450182300374633,0,0,0,0,0
1494450182319594394,0,0,0,0,0
1494450182337287712,0,0,0,0,0
1494450182358515176,0,0,0,0,0
1494450182379530002,0,0,0,0,0
1494450182401534934,0,0,0,0,0
1494450182418994110,0,0,0,0,0
1494450182452494180,0,0,0,0,0
1494450182462821280,0,0,0,0,0
1494450182482580883,0,0,0,0,0
1494450182499489402,0,0,0,0,0
1494450182519641784,0,0,0,0,0
1494450182562916971,0,0,0,0,0
1494450182567789543,0,0,0,0,0
1494450182577667205,0,0,0,0,0
1494450182598835291,0,0,0,0,0
1494450182619691828,0,0,0,0,0
1494450182654563556,0,0,0,0,0
1494450182669265658,0,0,0,0,0
1494450182679177385,0,339,90,150,1650
1494450182699216981,0,339,90,150,1650
1494450182729568411,0,339,90,150,1650
1494450182738399661,0,339,90,150,1650
1494450182757338729,0,339,90,150,1650
1494450182790606317,0,0,0,0,0
1494450182797466854,0,0,0,0,0
1494450182818115688,0,0,0,0,0
1494450182839889975,0,0,0,0,0
1494450182864209080,0,0,0,0,0
1494450182892197262,0,0,0,0,0
1494450182899866233,0,0,0,0,0
1494450182918608152,0,0,0,0,0
1494450182937502973,0,0,0,0,0
1494450182957019451,0,0,0,0,0
1494450182980776727,0,339,90,150,1650
1494450183003474744,0,339,90,150,1650
1494450183019364904,0,339,90,150,1650
1494450183038203848,0,339,90,150,1650
1494450183268428501,0,339,90,150,1650
1494450183268437096,0,0,0,0,0
1494450183268453091,0,0,0,0,0
1494450183268463420,0,0,0,0,0
1494450183268471554,0,0,0,0,0
1494450183268479553,0,0,0,0,0
1494450183268485927,0,0,0,0,0
1494450183268491064,0,0,0,0,0
1494450183268498151,0,0,0,0,0
1494450183268508683,0,0,0,0,0
1494450183268531912,0,0,0,0,0
1494450183281452177,0,0,0,0,0
1494450183300992271,0,0,0,0,0
1494450183318986002,0,0,0,0,0
1494450183338639760,0,0,0,0,0
1494450183359570611,0,0,0,0,0
1494450183385151165,0,0,0,0,0
1494450183404284389,0,0,0,0,0
1494450183419237067,0,0,0,0,0
1494450183439289369,0,0,0,0,0
1494450183459404290,0,0,0,0,0
1494450183478153127,0,0,0,0,0
1494450183507527782,0,0,0,0,0
1494450183518301097,0,0,0,0,0
1494450183538747992,0,0,0,0,0
1494450183560294603,0,0,0,0,0
1494450183579478375,0,0,0,0,0
1494450183600343847,0,0,0,0,0
1494450183619395664,0,0,0,0,0
1494450183639377878,0,0,0,0,0
1494450183661632013,0,0,0,0,0
1494450183682263085,0,0,0,0,0
1494450183702321909,0,0,0,0,0
1494450183721575799,0,0,0,0,0
1494450183742262474,0,0,0,0,0
1494450183760066399,0,0,0,0,0
1494450183779233973,0,339,90,150,1650
1494450183799634683,0,339,90,150,1650
1494450183819698313,0,339,90,150,1650
1494450183840267788,0,339,90,150,1650
1494450183861389085,0,339,90,150,1650
1494450183881602981,0,339,90,150,1650
1494450183902058454,0,339,90,150,1650
1494450183919569895,0,339,90,150,1650
1494450183939136468,0,339,90,150,1650
1494450183960677355,0,339,90,150,1650
1494450183979176276,0,0,0,0,0
1494450184001852589,0,0,0,0,0
1494450184022795530,0,0,0,0,0
1494450184042400407,0,0,0,0,0
1494450184066304786,0,0,0,0,0
1494450184086524096,0,0,0,0,0
1494450184099852491,0,0,0,0,0
1494450184120773093,0,0,0,0,0
1494450184140766921,0,0,0,0,0
1494450184159673381,0,0,0,0,0
1494450184182302059,0,0,0,0,0
1494450184206086811,0,0,0,0,0
1494450184222497345,0,0,0,0,0
1494450184242707335,0,0,0,0,0
1494450184263590580,0,0,0,0,0
1494450184279886487,0,0,0,0,0
1494450184299659738,0,0,0,0,0
1494450184324773716,0,0,0,0,0
1494450184339529147,0,0,0,0,0
1494450184361041325,0,0,0,0,0
1494450184384250605,0,0,0,0,0
1494450184410639814,0,0,0,0,0
1494450184429163333,0,0,0,0,0
1494450184441507690,0,0,0,0,0
1494450184463157802,0,0,0,0,0
1494450184483090930,0,339,90,150,1650
1494450184501611602,0,339,90,150,1650
1494450184521749776,0,339,90,150,1650
1494450184541810597,0,339,90,150,1650
1494450184560595606,0,339,90,150,1650
1494450184580024087,0,339,90,150,1650
1494450184600149852,0,339,90,150,1650
1494450184624087358,0,339,90,150,1650
1494450184640072478,0,339,90,150,1650
1494450184661469728,0,339,90,150,1650
1494450184681309632,0,0,0,0,0
1494450184699643676,0,0,0,0,0
1494450184721217763,0,0,0,0,0
1494450184741939434,0,0,0,0,0
1494450184782385453,0,0,0,0,0
1494450184798363396,0,0,0,0,0
1494450184804247534,0,0,0,0,0
1494450184820911527,0,0,0,0,0
1494450184842868304,0,0,0,0,0
1494450184862086850,0,0,0,0,0
1494450184885460089,0,0,0,0,0
1494450184909477452,0,0,0,0,0
1494450184930962546,0,0,0,0,0
1494450184941563522,0,0,0,0,0
1494450184962481699,0,0,0,0,0
1494450184983566688,0,0,0,0,0
1494450185004998370,0,0,0,0,0
1494450185033076059,0,0,0,0,0
1494450185058161639,0,0,0,0,0
1494450185061425788,0,0,0,0,0
1494450185084546601,0,0,0,0,0
1494450185102142335,0,0,0,0,0
1494450185124095688,0,0,0,0,0
1494450185144887456,0,0,0,0,0
1494450185160686301,0,0,0,0,0
1494450185181981032,0,339,90,150,1650
1494450185209402385,0,339,90,150,1650
1494450185225007970,0,339,90,150,1650
1494450185247684525,0,339,90,150,1650
1494450185262520281,0,339,90,150,1650
1494450185282879075,0,339,90,150,1650
1494450185301677845,0,339,90,150,1650
1494450185323051983,0,339,90,150,1650
1494450185348582768,0,339,90,150,1650
1494450185360376393,0,339,90,150,1650
1494450185381097359,0,0,0,0,0
1494450185401081409,0,0,0,0,0
1494450185421288302,0,0,0,0,0
1494450185444500334,0,0,0,0,0
1494450185465165944,0,0,0,0,0
1494450185482835004,0,0,0,0,0
1494450185500678309,0,0,0,0,0
1494450185522001657,0,0,0,0,0
1494450185546173254,0,0,0,0,0
1494450185564259221,0,0,0,0,0
1494450185583509980,0,0,0,0,0
1494450185601741106,0,0,0,0,0
1494450185621093117,0,0,0,0,0
1494450185642050761,0,0,0,0,0
1494450185661770287,0,0,0,0,0
1494450185682160841,0,0,0,0,0
1494450185702405625,0,0,0,0,0
1494450185723734330,0,0,0,0,0
1494450185744466414,0,0,0,0,0
1494450185761380501,0,0,0,0,0
1494450185782484809,0,0,0,0,0
1494450185802484346,0,0,0,0,0
1494450185822417318,0,0,0,0,0
1494450185843269824,0,0,0,0,0
1494450185865393082,0,0,0,0,0
1494450185884154164,0,0,0,0,0
1494450185902881165,0,0,0,0,0
1494450185922039783,0,0,0,0,0
1494450185941813332,0,0,0,0,0
1494450185964293490,0,0,0,0,0
1494450185981921946,0,339,90,150,1650
1494450186001854879,0,339,90,150,1650
1494450186022621007,0,339,90,150,1650
1494450186043928992,0,339,90,150,1650
1494450186064624045,0,339,90,150,1650
1494450186085434515,0,339,90,150,1650
1494450186103721976,0,339,90,150,1650
