%time,field.header.seq,field.header.stamp,field.header.frame_id,field.id,field.instance_id,field.active,field.heartbeat_timeout,field.heartbeat_period
1494450135520517340,10,1494450135575843942,,/mobile_base_42a672ed-1deb-4e4c-990c-1c60891eff2e,5fe201b6-0e33-4586-bdbb-3a06dedcd6aa,1,4.0,1.0
1494450135684730706,30,1494450135735988256,,/kobuki_safety_controller_8fd8deea-d982-4389-b1a0-e78970efbd97,bdce96b2-fed1-42b6-8c58-28b28baaebb6,1,4.0,1.0
1494450135850557623,6,1494450135906531976,,/kobuki_safety_controller_8fd8deea-d982-4389-b1a0-e78970efbd97,7e691695-e3f1-4c21-bfd8-2fa2627062c4,1,4.0,1.0
1494450136094468087,31,1494450136145751789,,/keyop_vel_smoother_1c4c8f77-2701-4e79-8e4a-337f5772753e,746ba034-66c2-48e9-a62f-70c49b797af0,1,4.0,1.0
1494450136155459042,6,1494450136211791906,,/keyop_vel_smoother_1c4c8f77-2701-4e79-8e4a-337f5772753e,21bd5465-816b-4ae0-9d9f-781066196e5f,1,4.0,1.0
1494450136257090880,32,1494450136311410637,,/cmd_vel_mux_1b048a92-d775-4cf6-94e6-6273f69e5f0b,4e30b056-4db4-4b90-84a8-eb140f9b03f9,1,4.0,1.0
1494450136356638227,33,1494450136410028962,,/mobile_base_42a672ed-1deb-4e4c-990c-1c60891eff2e,2cff6056-892b-4e9a-b052-cde731698faf,1,4.0,1.0
1494450136394425821,7,1494450136448034579,,/cmd_vel_mux_1b048a92-d775-4cf6-94e6-6273f69e5f0b,203f2be6-92be-4791-b69f-46aa334944c9,1,4.0,1.0
1494450136524962693,11,1494450136578430702,,/mobile_base_42a672ed-1deb-4e4c-990c-1c60891eff2e,5fe201b6-0e33-4586-bdbb-3a06dedcd6aa,1,4.0,1.0
1494450136680934929,34,1494450136735825749,,/kobuki_safety_controller_8fd8deea-d982-4389-b1a0-e78970efbd97,bdce96b2-fed1-42b6-8c58-28b28baaebb6,1,4.0,1.0
1494450136853237602,7,1494450136909150570,,/kobuki_safety_controller_8fd8deea-d982-4389-b1a0-e78970efbd97,7e691695-e3f1-4c21-bfd8-2fa2627062c4,1,4.0,1.0
1494450137091113545,35,1494450137145459493,,/keyop_vel_smoother_1c4c8f77-2701-4e79-8e4a-337f5772753e,746ba034-66c2-48e9-a62f-70c49b797af0,1,4.0,1.0
1494450137157614018,7,1494450137214231669,,/keyop_vel_smoother_1c4c8f77-2701-4e79-8e4a-337f5772753e,21bd5465-816b-4ae0-9d9f-781066196e5f,1,4.0,1.0
1494450137257713751,36,1494450137311603879,,/cmd_vel_mux_1b048a92-d775-4cf6-94e6-6273f69e5f0b,4e30b056-4db4-4b90-84a8-eb140f9b03f9,1,4.0,1.0
1494450137355209484,37,1494450137410379286,,/mobile_base_42a672ed-1deb-4e4c-990c-1c60891eff2e,2cff6056-892b-4e9a-b052-cde731698faf,1,4.0,1.0
1494450137394416790,8,1494450137450344053,,/cmd_vel_mux_1b048a92-d775-4cf6-94e6-6273f69e5f0b,203f2be6-92be-4791-b69f-46aa334944c9,1,4.0,1.0
1494450137527935408,12,1494450137581059590,,/mobile_base_42a672ed-1deb-4e4c-990c-1c60891eff2e,5fe201b6-0e33-4586-bdbb-3a06dedcd6aa,1,4.0,1.0
1494450137682524364,38,1494450137736163408,,/kobuki_safety_controller_8fd8deea-d982-4389-b1a0-e78970efbd97,bdce96b2-fed1-42b6-8c58-28b28baaebb6,1,4.0,1.0
1494450137872987820,8,1494450137911639960,,/kobuki_safety_controller_8fd8deea-d982-4389-b1a0-e78970efbd97,7e691695-e3f1-4c21-bfd8-2fa2627062c4,1,4.0,1.0
1494450138099463570,39,1494450138145238242,,/keyop_vel_smoother_1c4c8f77-2701-4e79-8e4a-337f5772753e,746ba034-66c2-48e9-a62f-70c49b797af0,1,4.0,1.0
1494450138161653963,8,1494450138217281305,,/keyop_vel_smoother_1c4c8f77-2701-4e79-8e4a-337f5772753e,21bd5465-816b-4ae0-9d9f-781066196e5f,1,4.0,1.0
1494450138257793906,40,1494450138311854083,,/cmd_vel_mux_1b048a92-d775-4cf6-94e6-6273f69e5f0b,4e30b056-4db4-4b90-84a8-eb140f9b03f9,1,4.0,1.0
1494450138355126015,41,1494450138410493325,,/mobile_base_42a672ed-1deb-4e4c-990c-1c60891eff2e,2cff6056-892b-4e9a-b052-cde731698faf,1,4.0,1.0
1494450138401868911,9,1494450138452864028,,/cmd_vel_mux_1b048a92-d775-4cf6-94e6-6273f69e5f0b,203f2be6-92be-4791-b69f-46aa334944c9,1,4.0,1.0
1494450138529724926,13,1494450138583686565,,/mobile_base_42a672ed-1deb-4e4c-990c-1c60891eff2e,5fe201b6-0e33-4586-bdbb-3a06dedcd6aa,1,4.0,1.0
1494450138680570523,42,1494450138735823202,,/kobuki_safety_controller_8fd8deea-d982-4389-b1a0-e78970efbd97,bdce96b2-fed1-42b6-8c58-28b28baaebb6,1,4.0,1.0
1494450138859476022,9,1494450138914457602,,/kobuki_safety_controller_8fd8deea-d982-4389-b1a0-e78970efbd97,7e691695-e3f1-4c21-bfd8-2fa2627062c4,1,4.0,1.0
1494450139089991736,43,1494450139145704156,,/keyop_vel_smoother_1c4c8f77-2701-4e79-8e4a-337f5772753e,746ba034-66c2-48e9-a62f-70c49b797af0,1,4.0,1.0
1494450139168240702,9,1494450139221923640,,/keyop_vel_smoother_1c4c8f77-2701-4e79-8e4a-337f5772753e,21bd5465-816b-4ae0-9d9f-781066196e5f,1,4.0,1.0
1494450139256057760,44,1494450139311747127,,/cmd_vel_mux_1b048a92-d775-4cf6-94e6-6273f69e5f0b,4e30b056-4db4-4b90-84a8-eb140f9b03f9,1,4.0,1.0
1494450139355186736,45,1494450139410306120,,/mobile_base_42a672ed-1deb-4e4c-990c-1c60891eff2e,2cff6056-892b-4e9a-b052-cde731698faf,1,4.0,1.0
1494450139404743092,10,1494450139455769421,,/cmd_vel_mux_1b048a92-d775-4cf6-94e6-6273f69e5f0b,203f2be6-92be-4791-b69f-46aa334944c9,1,4.0,1.0
1494450139531651884,14,1494450139586509834,,/mobile_base_42a672ed-1deb-4e4c-990c-1c60891eff2e,5fe201b6-0e33-4586-bdbb-3a06dedcd6aa,1,4.0,1.0
1494450139680707101,46,1494450139735767539,,/kobuki_safety_controller_8fd8deea-d982-4389-b1a0-e78970efbd97,bdce96b2-fed1-42b6-8c58-28b28baaebb6,1,4.0,1.0
1494450139862938807,10,1494450139917280081,,/kobuki_safety_controller_8fd8deea-d982-4389-b1a0-e78970efbd97,7e691695-e3f1-4c21-bfd8-2fa2627062c4,1,4.0,1.0
1494450140091597168,47,1494450140145598078,,/keyop_vel_smoother_1c4c8f77-2701-4e79-8e4a-337f5772753e,746ba034-66c2-48e9-a62f-70c49b797af0,1,4.0,1.0
1494450140168543200,10,1494450140224256124,,/keyop_vel_smoother_1c4c8f77-2701-4e79-8e4a-337f5772753e,21bd5465-816b-4ae0-9d9f-781066196e5f,1,4.0,1.0
1494450140257144765,48,1494450140311283304,,/cmd_vel_mux_1b048a92-d775-4cf6-94e6-6273f69e5f0b,4e30b056-4db4-4b90-84a8-eb140f9b03f9,1,4.0,1.0
1494450140371604200,49,1494450140410746664,,/mobile_base_42a672ed-1deb-4e4c-990c-1c60891eff2e,2cff6056-892b-4e9a-b052-cde731698faf,1,4.0,1.0
1494450140412524752,11,1494450140458258197,,/cmd_vel_mux_1b048a92-d775-4cf6-94e6-6273f69e5f0b,203f2be6-92be-4791-b69f-46aa334944c9,1,4.0,1.0
1494450140533290491,15,1494450140588848320,,/mobile_base_42a672ed-1deb-4e4c-990c-1c60891eff2e,5fe201b6-0e33-4586-bdbb-3a06dedcd6aa,1,4.0,1.0
1494450140681418865,50,1494450140736761371,,/kobuki_safety_controller_8fd8deea-d982-4389-b1a0-e78970efbd97,bdce96b2-fed1-42b6-8c58-28b28baaebb6,1,4.0,1.0
1494450140864145964,11,1494450140919924648,,/kobuki_safety_controller_8fd8deea-d982-4389-b1a0-e78970efbd97,7e691695-e3f1-4c21-bfd8-2fa2627062c4,1,4.0,1.0
1494450141097610163,51,1494450141146106124,,/keyop_vel_smoother_1c4c8f77-2701-4e79-8e4a-337f5772753e,746ba034-66c2-48e9-a62f-70c49b797af0,1,4.0,1.0
1494450141173314442,11,1494450141228597761,,/keyop_vel_smoother_1c4c8f77-2701-4e79-8e4a-337f5772753e,21bd5465-816b-4ae0-9d9f-781066196e5f,1,4.0,1.0
1494450141256095530,52,1494450141311813475,,/cmd_vel_mux_1b048a92-d775-4cf6-94e6-6273f69e5f0b,4e30b056-4db4-4b90-84a8-eb140f9b03f9,1,4.0,1.0
1494450141355999950,53,1494450141410539259,,/mobile_base_42a672ed-1deb-4e4c-990c-1c60891eff2e,2cff6056-892b-4e9a-b052-cde731698faf,1,4.0,1.0
1494450141405518779,12,1494450141460727685,,/cmd_vel_mux_1b048a92-d775-4cf6-94e6-6273f69e5f0b,203f2be6-92be-4791-b69f-46aa334944c9,1,4.0,1.0
1494450141538077736,16,1494450141591656847,,/mobile_base_42a672ed-1deb-4e4c-990c-1c60891eff2e,5fe201b6-0e33-4586-bdbb-3a06dedcd6aa,1,4.0,1.0
1494450141684967015,54,1494450141737748956,,/kobuki_safety_controller_8fd8deea-d982-4389-b1a0-e78970efbd97,bdce96b2-fed1-42b6-8c58-28b28baaebb6,1,4.0,1.0
1494450141867442921,12,1494450141922724385,,/kobuki_safety_controller_8fd8deea-d982-4389-b1a0-e78970efbd97,7e691695-e3f1-4c21-bfd8-2fa2627062c4,1,4.0,1.0
1494450142091264633,55,1494450142145276728,,/keyop_vel_smoother_1c4c8f77-2701-4e79-8e4a-337f5772753e,746ba034-66c2-48e9-a62f-70c49b797af0,1,4.0,1.0
1494450142174583149,12,1494450142231105335,,/keyop_vel_smoother_1c4c8f77-2701-4e79-8e4a-337f5772753e,21bd5465-816b-4ae0-9d9f-781066196e5f,1,4.0,1.0
1494450142259174449,56,1494450142312266985,,/cmd_vel_mux_1b048a92-d775-4cf6-94e6-6273f69e5f0b,4e30b056-4db4-4b90-84a8-eb140f9b03f9,1,4.0,1.0
1494450142354754850,57,1494450142410192276,,/mobile_base_42a672ed-1deb-4e4c-990c-1c60891eff2e,2cff6056-892b-4e9a-b052-cde731698faf,1,4.0,1.0
1494450142410453678,13,1494450142463152885,,/cmd_vel_mux_1b048a92-d775-4cf6-94e6-6273f69e5f0b,203f2be6-92be-4791-b69f-46aa334944c9,1,4.0,1.0
1494450142544211076,17,1494450142594205713,,/mobile_base_42a672ed-1deb-4e4c-990c-1c60891eff2e,5fe201b6-0e33-4586-bdbb-3a06dedcd6aa,1,4.0,1.0
1494450142680704312,58,1494450142736526024,,/kobuki_safety_controller_8fd8deea-d982-4389-b1a0-e78970efbd97,bdce96b2-fed1-42b6-8c58-28b28baaebb6,1,4.0,1.0
1494450142869728714,13,1494450142925489251,,/kobuki_safety_controller_8fd8deea-d982-4389-b1a0-e78970efbd97,7e691695-e3f1-4c21-bfd8-2fa2627062c4,1,4.0,1.0
1494450143090758502,59,1494450143146030571,,/keyop_vel_smoother_1c4c8f77-2701-4e79-8e4a-337f5772753e,746ba034-66c2-48e9-a62f-70c49b797af0,1,4.0,1.0
1494450143177962986,13,1494450143233333624,,/keyop_vel_smoother_1c4c8f77-2701-4e79-8e4a-337f5772753e,21bd5465-816b-4ae0-9d9f-781066196e5f,1,4.0,1.0
1494450143261055224,60,1494450143311598591,,/cmd_vel_mux_1b048a92-d775-4cf6-94e6-6273f69e5f0b,4e30b056-4db4-4b90-84a8-eb140f9b03f9,1,4.0,1.0
1494450143356331583,61,1494450143410245959,,/mobile_base_42a672ed-1deb-4e4c-990c-1c60891eff2e,2cff6056-892b-4e9a-b052-cde731698faf,1,4.0,1.0
1494450143410321315,14,1494450143466089419,,/cmd_vel_mux_1b048a92-d775-4cf6-94e6-6273f69e5f0b,203f2be6-92be-4791-b69f-46aa334944c9,1,4.0,1.0
1494450143560942425,18,1494450143597244830,,/mobile_base_42a672ed-1deb-4e4c-990c-1c60891eff2e,5fe201b6-0e33-4586-bdbb-3a06dedcd6aa,1,4.0,1.0
1494450143687176259,62,1494450143737074955,,/kobuki_safety_controller_8fd8deea-d982-4389-b1a0-e78970efbd97,bdce96b2-fed1-42b6-8c58-28b28baaebb6,1,4.0,1.0
1494450143878714709,14,1494450143927949874,,/kobuki_safety_controller_8fd8deea-d982-4389-b1a0-e78970efbd97,7e691695-e3f1-4c21-bfd8-2fa2627062c4,1,4.0,1.0
1494450144090123712,63,1494450144145565054,,/keyop_vel_smoother_1c4c8f77-2701-4e79-8e4a-337f5772753e,746ba034-66c2-48e9-a62f-70c49b797af0,1,4.0,1.0
1494450144182915514,14,1494450144236639157,,/keyop_vel_smoother_1c4c8f77-2701-4e79-8e4a-337f5772753e,21bd5465-816b-4ae0-9d9f-781066196e5f,1,4.0,1.0
1494450144258502938,64,1494450144312167274,,/cmd_vel_mux_1b048a92-d775-4cf6-94e6-6273f69e5f0b,4e30b056-4db4-4b90-84a8-eb140f9b03f9,1,4.0,1.0
1494450144355929817,65,1494450144410868892,,/mobile_base_42a672ed-1deb-4e4c-990c-1c60891eff2e,2cff6056-892b-4e9a-b052-cde731698faf,1,4.0,1.0
1494450144413008454,15,1494450144468645043,,/cmd_vel_mux_1b048a92-d775-4cf6-94e6-6273f69e5f0b,203f2be6-92be-4791-b69f-46aa334944c9,1,4.0,1.0
1494450144544319212,19,1494450144599724621,,/mobile_base_42a672ed-1deb-4e4c-990c-1c60891eff2e,5fe201b6-0e33-4586-bdbb-3a06dedcd6aa,1,4.0,1.0
1494450144681145457,66,1494450144736526857,,/kobuki_safety_controller_8fd8deea-d982-4389-b1a0-e78970efbd97,bdce96b2-fed1-42b6-8c58-28b28baaebb6,1,4.0,1.0
1494450144876058036,15,1494450144930438958,,/kobuki_safety_controller_8fd8deea-d982-4389-b1a0-e78970efbd97,7e691695-e3f1-4c21-bfd8-2fa2627062c4,1,4.0,1.0
1494450145091993780,67,1494450145145304831,,/keyop_vel_smoother_1c4c8f77-2701-4e79-8e4a-337f5772753e,746ba034-66c2-48e9-a62f-70c49b797af0,1,4.0,1.0
1494450145183088322,15,1494450145239022411,,/keyop_vel_smoother_1c4c8f77-2701-4e79-8e4a-337f5772753e,21bd5465-816b-4ae0-9d9f-781066196e5f,1,4.0,1.0
1494450145257615434,68,1494450145311681803,,/cmd_vel_mux_1b048a92-d775-4cf6-94e6-6273f69e5f0b,4e30b056-4db4-4b90-84a8-eb140f9b03f9,1,4.0,1.0
1494450145358249600,69,1494450145410869543,,/mobile_base_42a672ed-1deb-4e4c-990c-1c60891eff2e,2cff6056-892b-4e9a-b052-cde731698faf,1,4.0,1.0
1494450145415683305,16,1494450145471009339,,/cmd_vel_mux_1b048a92-d775-4cf6-94e6-6273f69e5f0b,203f2be6-92be-4791-b69f-46aa334944c9,1,4.0,1.0
1494450145547361991,20,1494450145602921577,,/mobile_base_42a672ed-1deb-4e4c-990c-1c60891eff2e,5fe201b6-0e33-4586-bdbb-3a06dedcd6aa,1,4.0,1.0
1494450145680244176,70,1494450145736100971,,/kobuki_safety_controller_8fd8deea-d982-4389-b1a0-e78970efbd97,bdce96b2-fed1-42b6-8c58-28b28baaebb6,1,4.0,1.0
1494450145878073187,16,1494450145933331960,,/kobuki_safety_controller_8fd8deea-d982-4389-b1a0-e78970efbd97,7e691695-e3f1-4c21-bfd8-2fa2627062c4,1,4.0,1.0
1494450146091508636,71,1494450146145787938,,/keyop_vel_smoother_1c4c8f77-2701-4e79-8e4a-337f5772753e,746ba034-66c2-48e9-a62f-70c49b797af0,1,4.0,1.0
1494450146185164860,16,1494450146241341877,,/keyop_vel_smoother_1c4c8f77-2701-4e79-8e4a-337f5772753e,21bd5465-816b-4ae0-9d9f-781066196e5f,1,4.0,1.0
1494450146260584052,72,1494450146311326002,,/cmd_vel_mux_1b048a92-d775-4cf6-94e6-6273f69e5f0b,4e30b056-4db4-4b90-84a8-eb140f9b03f9,1,4.0,1.0
1494450146355605133,73,1494450146409817165,,/mobile_base_42a672ed-1deb-4e4c-990c-1c60891eff2e,2cff6056-892b-4e9a-b052-cde731698faf,1,4.0,1.0
1494450146419355648,17,1494450146473380139,,/cmd_vel_mux_1b048a92-d775-4cf6-94e6-6273f69e5f0b,203f2be6-92be-4791-b69f-46aa334944c9,1,4.0,1.0
1494450146550853189,21,1494450146606221411,,/mobile_base_42a672ed-1deb-4e4c-990c-1c60891eff2e,5fe201b6-0e33-4586-bdbb-3a06dedcd6aa,1,4.0,1.0
1494450146682502090,74,1494450146736711580,,/kobuki_safety_controller_8fd8deea-d982-4389-b1a0-e78970efbd97,bdce96b2-fed1-42b6-8c58-28b28baaebb6,1,4.0,1.0
1494450146882316802,17,1494450146936405964,,/kobuki_safety_controller_8fd8deea-d982-4389-b1a0-e78970efbd97,7e691695-e3f1-4c21-bfd8-2fa2627062c4,1,4.0,1.0
1494450147090041391,75,1494450147145534223,,/keyop_vel_smoother_1c4c8f77-2701-4e79-8e4a-337f5772753e,746ba034-66c2-48e9-a62f-70c49b797af0,1,4.0,1.0
1494450147187224134,17,1494450147243727013,,/keyop_vel_smoother_1c4c8f77-2701-4e79-8e4a-337f5772753e,21bd5465-816b-4ae0-9d9f-781066196e5f,1,4.0,1.0
1494450147256649799,76,1494450147311152536,,/cmd_vel_mux_1b048a92-d775-4cf6-94e6-6273f69e5f0b,4e30b056-4db4-4b90-84a8-eb140f9b03f9,1,4.0,1.0
1494450147356989641,77,1494450147410184028,,/mobile_base_42a672ed-1deb-4e4c-990c-1c60891eff2e,2cff6056-892b-4e9a-b052-cde731698faf,1,4.0,1.0
1494450147420206773,18,1494450147476099440,,/cmd_vel_mux_1b048a92-d775-4cf6-94e6-6273f69e5f0b,203f2be6-92be-4791-b69f-46aa334944c9,1,4.0,1.0
1494450147554296606,22,1494450147608985004,,/mobile_base_42a672ed-1deb-4e4c-990c-1c60891eff2e,5fe201b6-0e33-4586-bdbb-3a06dedcd6aa,1,4.0,1.0
1494450147681785535,78,1494450147736905613,,/kobuki_safety_controller_8fd8deea-d982-4389-b1a0-e78970efbd97,bdce96b2-fed1-42b6-8c58-28b28baaebb6,1,4.0,1.0
1494450147885510236,18,1494450147938998643,,/kobuki_safety_controller_8fd8deea-d982-4389-b1a0-e78970efbd97,7e691695-e3f1-4c21-bfd8-2fa2627062c4,1,4.0,1.0
1494450148090709702,79,1494450148145424468,,/keyop_vel_smoother_1c4c8f77-2701-4e79-8e4a-337f5772753e,746ba034-66c2-48e9-a62f-70c49b797af0,1,4.0,1.0
1494450148191025415,18,1494450148246790189,,/keyop_vel_smoother_1c4c8f77-2701-4e79-8e4a-337f5772753e,21bd5465-816b-4ae0-9d9f-781066196e5f,1,4.0,1.0
1494450148255994277,80,1494450148311573194,,/cmd_vel_mux_1b048a92-d775-4cf6-94e6-6273f69e5f0b,4e30b056-4db4-4b90-84a8-eb140f9b03f9,1,4.0,1.0
1494450148355039752,81,1494450148410199481,,/mobile_base_42a672ed-1deb-4e4c-990c-1c60891eff2e,2cff6056-892b-4e9a-b052-cde731698faf,1,4.0,1.0
1494450148423195033,19,1494450148478454498,,/cmd_vel_mux_1b048a92-d775-4cf6-94e6-6273f69e5f0b,203f2be6-92be-4791-b69f-46aa334944c9,1,4.0,1.0
1494450148555891753,23,1494450148611581185,,/mobile_base_42a672ed-1deb-4e4c-990c-1c60891eff2e,5fe201b6-0e33-4586-bdbb-3a06dedcd6aa,1,4.0,1.0
1494450148682012222,82,1494450148736583487,,/kobuki_safety_controller_8fd8deea-d982-4389-b1a0-e78970efbd97,bdce96b2-fed1-42b6-8c58-28b28baaebb6,1,4.0,1.0
1494450148886172411,19,1494450148941628783,,/kobuki_safety_controller_8fd8deea-d982-4389-b1a0-e78970efbd97,7e691695-e3f1-4c21-bfd8-2fa2627062c4,1,4.0,1.0
1494450149098152318,83,1494450149146338083,,/keyop_vel_smoother_1c4c8f77-2701-4e79-8e4a-337f5772753e,746ba034-66c2-48e9-a62f-70c49b797af0,1,4.0,1.0
1494450149193710981,19,1494450149249677328,,/keyop_vel_smoother_1c4c8f77-2701-4e79-8e4a-337f5772753e,21bd5465-816b-4ae0-9d9f-781066196e5f,1,4.0,1.0
1494450149256739831,84,1494450149311114947,,/cmd_vel_mux_1b048a92-d775-4cf6-94e6-6273f69e5f0b,4e30b056-4db4-4b90-84a8-eb140f9b03f9,1,4.0,1.0
1494450149355119276,85,1494450149410668268,,/mobile_base_42a672ed-1deb-4e4c-990c-1c60891eff2e,2cff6056-892b-4e9a-b052-cde731698faf,1,4.0,1.0
1494450149425681035,20,1494450149480854142,,/cmd_vel_mux_1b048a92-d775-4cf6-94e6-6273f69e5f0b,203f2be6-92be-4791-b69f-46aa334944c9,1,4.0,1.0
1494450149558396650,24,1494450149614148746,,/mobile_base_42a672ed-1deb-4e4c-990c-1c60891eff2e,5fe201b6-0e33-4586-bdbb-3a06dedcd6aa,1,4.0,1.0
1494450149681319928,86,1494450149736833652,,/kobuki_safety_controller_8fd8deea-d982-4389-b1a0-e78970efbd97,bdce96b2-fed1-42b6-8c58-28b28baaebb6,1,4.0,1.0
1494450149893839969,20,1494450149949464673,,/kobuki_safety_controller_8fd8deea-d982-4389-b1a0-e78970efbd97,7e691695-e3f1-4c21-bfd8-2fa2627062c4,1,4.0,1.0
1494450150089412595,87,1494450150145314594,,/keyop_vel_smoother_1c4c8f77-2701-4e79-8e4a-337f5772753e,746ba034-66c2-48e9-a62f-70c49b797af0,1,4.0,1.0
1494450150195639045,20,1494450150251874728,,/keyop_vel_smoother_1c4c8f77-2701-4e79-8e4a-337f5772753e,21bd5465-816b-4ae0-9d9f-781066196e5f,1,4.0,1.0
1494450150257356263,88,1494450150311772486,,/cmd_vel_mux_1b048a92-d775-4cf6-94e6-6273f69e5f0b,4e30b056-4db4-4b90-84a8-eb140f9b03f9,1,4.0,1.0
1494450150355964216,89,1494450150410424982,,/mobile_base_42a672ed-1deb-4e4c-990c-1c60891eff2e,2cff6056-892b-4e9a-b052-cde731698faf,1,4.0,1.0
1494450150429237538,21,1494450150483301207,,/cmd_vel_mux_1b048a92-d775-4cf6-94e6-6273f69e5f0b,203f2be6-92be-4791-b69f-46aa334944c9,1,4.0,1.0
1494450150561303488,25,1494450150616700144,,/mobile_base_42a672ed-1deb-4e4c-990c-1c60891eff2e,5fe201b6-0e33-4586-bdbb-3a06dedcd6aa,1,4.0,1.0
1494450150680629063,90,1494450150735784291,,/kobuki_safety_controller_8fd8deea-d982-4389-b1a0-e78970efbd97,bdce96b2-fed1-42b6-8c58-28b28baaebb6,1,4.0,1.0
1494450150896067368,21,1494450150951895115,,/kobuki_safety_controller_8fd8deea-d982-4389-b1a0-e78970efbd97,7e691695-e3f1-4c21-bfd8-2fa2627062c4,1,4.0,1.0
1494450151089853629,91,1494450151145230018,,/keyop_vel_smoother_1c4c8f77-2701-4e79-8e4a-337f5772753e,746ba034-66c2-48e9-a62f-70c49b797af0,1,4.0,1.0
1494450151197906691,21,1494450151254155464,,/keyop_vel_smoother_1c4c8f77-2701-4e79-8e4a-337f5772753e,21bd5465-816b-4ae0-9d9f-781066196e5f,1,4.0,1.0
1494450151256229769,92,1494450151311486203,,/cmd_vel_mux_1b048a92-d775-4cf6-94e6-6273f69e5f0b,4e30b056-4db4-4b90-84a8-eb140f9b03f9,1,4.0,1.0
1494450151355367248,93,1494450151410427447,,/mobile_base_42a672ed-1deb-4e4c-990c-1c60891eff2e,2cff6056-892b-4e9a-b052-cde731698faf,1,4.0,1.0
1494450151430619214,22,1494450151485871817,,/cmd_vel_mux_1b048a92-d775-4cf6-94e6-6273f69e5f0b,203f2be6-92be-4791-b69f-46aa334944c9,1,4.0,1.0
1494450151564503426,26,1494450151619087338,,/mobile_base_42a672ed-1deb-4e4c-990c-1c60891eff2e,5fe201b6-0e33-4586-bdbb-3a06dedcd6aa,1,4.0,1.0
1494450151682413480,94,1494450151736732499,,/kobuki_safety_controller_8fd8deea-d982-4389-b1a0-e78970efbd97,bdce96b2-fed1-42b6-8c58-28b28baaebb6,1,4.0,1.0
1494450151899967991,22,1494450151954142354,,/kobuki_safety_controller_8fd8deea-d982-4389-b1a0-e78970efbd97,7e691695-e3f1-4c21-bfd8-2fa2627062c4,1,4.0,1.0
1494450152089896626,95,1494450152144952405,,/keyop_vel_smoother_1c4c8f77-2701-4e79-8e4a-337f5772753e,746ba034-66c2-48e9-a62f-70c49b797af0,1,4.0,1.0
1494450152200278976,22,1494450152256627369,,/keyop_vel_smoother_1c4c8f77-2701-4e79-8e4a-337f5772753e,21bd5465-816b-4ae0-9d9f-781066196e5f,1,4.0,1.0
1494450152255406019,96,1494450152310819220,,/cmd_vel_mux_1b048a92-d775-4cf6-94e6-6273f69e5f0b,4e30b056-4db4-4b90-84a8-eb140f9b03f9,1,4.0,1.0
1494450152357175562,97,1494450152410589873,,/mobile_base_42a672ed-1deb-4e4c-990c-1c60891eff2e,2cff6056-892b-4e9a-b052-cde731698faf,1,4.0,1.0
1494450152432490642,23,1494450152488285306,,/cmd_vel_mux_1b048a92-d775-4cf6-94e6-6273f69e5f0b,203f2be6-92be-4791-b69f-46aa334944c9,1,4.0,1.0
1494450152572049984,27,1494450152622246655,,/mobile_base_42a672ed-1deb-4e4c-990c-1c60891eff2e,5fe201b6-0e33-4586-bdbb-3a06dedcd6aa,1,4.0,1.0
1494450152683443493,98,1494450152736954176,,/kobuki_safety_controller_8fd8deea-d982-4389-b1a0-e78970efbd97,bdce96b2-fed1-42b6-8c58-28b28baaebb6,1,4.0,1.0
1494450152901072447,23,1494450152956852843,,/kobuki_safety_controller_8fd8deea-d982-4389-b1a0-e78970efbd97,7e691695-e3f1-4c21-bfd8-2fa2627062c4,1,4.0,1.0
1494450153093005604,99,1494450153144908044,,/keyop_vel_smoother_1c4c8f77-2701-4e79-8e4a-337f5772753e,746ba034-66c2-48e9-a62f-70c49b797af0,1,4.0,1.0
1494450153202436220,23,1494450153258668448,,/keyop_vel_smoother_1c4c8f77-2701-4e79-8e4a-337f5772753e,21bd5465-816b-4ae0-9d9f-781066196e5f,1,4.0,1.0
1494450153256533904,100,1494450153311711851,,/cmd_vel_mux_1b048a92-d775-4cf6-94e6-6273f69e5f0b,4e30b056-4db4-4b90-84a8-eb140f9b03f9,1,4.0,1.0
1494450153357129589,101,1494450153410532597,,/mobile_base_42a672ed-1deb-4e4c-990c-1c60891eff2e,2cff6056-892b-4e9a-b052-cde731698faf,1,4.0,1.0
1494450153436734406,24,1494450153490867923,,/cmd_vel_mux_1b048a92-d775-4cf6-94e6-6273f69e5f0b,203f2be6-92be-4791-b69f-46aa334944c9,1,4.0,1.0
1494450153569521911,28,1494450153624778273,,/mobile_base_42a672ed-1deb-4e4c-990c-1c60891eff2e,5fe201b6-0e33-4586-bdbb-3a06dedcd6aa,1,4.0,1.0
1494450153680691376,102,1494450153736561778,,/kobuki_safety_controller_8fd8deea-d982-4389-b1a0-e78970efbd97,bdce96b2-fed1-42b6-8c58-28b28baaebb6,1,4.0,1.0
1494450153903783365,24,1494450153959161714,,/kobuki_safety_controller_8fd8deea-d982-4389-b1a0-e78970efbd97,7e691695-e3f1-4c21-bfd8-2fa2627062c4,1,4.0,1.0
1494450154089525582,103,1494450154145395765,,/keyop_vel_smoother_1c4c8f77-2701-4e79-8e4a-337f5772753e,746ba034-66c2-48e9-a62f-70c49b797af0,1,4.0,1.0
1494450154205834964,24,1494450154261076278,,/keyop_vel_smoother_1c4c8f77-2701-4e79-8e4a-337f5772753e,21bd5465-816b-4ae0-9d9f-781066196e5f,1,4.0,1.0
1494450154256556481,104,1494450154311485538,,/cmd_vel_mux_1b048a92-d775-4cf6-94e6-6273f69e5f0b,4e30b056-4db4-4b90-84a8-eb140f9b03f9,1,4.0,1.0
1494450154354810256,105,1494450154410183951,,/mobile_base_42a672ed-1deb-4e4c-990c-1c60891eff2e,2cff6056-892b-4e9a-b052-cde731698faf,1,4.0,1.0
1494450154439549972,25,1494450154493419753,,/cmd_vel_mux_1b048a92-d775-4cf6-94e6-6273f69e5f0b,203f2be6-92be-4791-b69f-46aa334944c9,1,4.0,1.0
1494450154572726855,29,1494450154627487060,,/mobile_base_42a672ed-1deb-4e4c-990c-1c60891eff2e,5fe201b6-0e33-4586-bdbb-3a06dedcd6aa,1,4.0,1.0
1494450154680568445,106,1494450154736061719,,/kobuki_safety_controller_8fd8deea-d982-4389-b1a0-e78970efbd97,bdce96b2-fed1-42b6-8c58-28b28baaebb6,1,4.0,1.0
1494450154905859230,25,1494450154961863960,,/kobuki_safety_controller_8fd8deea-d982-4389-b1a0-e78970efbd97,7e691695-e3f1-4c21-bfd8-2fa2627062c4,1,4.0,1.0
1494450155091201656,107,1494450155145335329,,/keyop_vel_smoother_1c4c8f77-2701-4e79-8e4a-337f5772753e,746ba034-66c2-48e9-a62f-70c49b797af0,1,4.0,1.0
1494450155211012920,25,1494450155267600200,,/keyop_vel_smoother_1c4c8f77-2701-4e79-8e4a-337f5772753e,21bd5465-816b-4ae0-9d9f-781066196e5f,1,4.0,1.0
1494450155257737620,108,1494450155311552184,,/cmd_vel_mux_1b048a92-d775-4cf6-94e6-6273f69e5f0b,4e30b056-4db4-4b90-84a8-eb140f9b03f9,1,4.0,1.0
1494450155355344478,109,1494450155410142557,,/mobile_base_42a672ed-1deb-4e4c-990c-1c60891eff2e,2cff6056-892b-4e9a-b052-cde731698faf,1,4.0,1.0
1494450155441386351,26,1494450155496539914,,/cmd_vel_mux_1b048a92-d775-4cf6-94e6-6273f69e5f0b,203f2be6-92be-4791-b69f-46aa334944c9,1,4.0,1.0
1494450155574343594,30,1494450155629928770,,/mobile_base_42a672ed-1deb-4e4c-990c-1c60891eff2e,5fe201b6-0e33-4586-bdbb-3a06dedcd6aa,1,4.0,1.0
1494450155681118743,110,1494450155736819486,,/kobuki_safety_controller_8fd8deea-d982-4389-b1a0-e78970efbd97,bdce96b2-fed1-42b6-8c58-28b28baaebb6,1,4.0,1.0
1494450155910220030,26,1494450155964624294,,/kobuki_safety_controller_8fd8deea-d982-4389-b1a0-e78970efbd97,7e691695-e3f1-4c21-bfd8-2fa2627062c4,1,4.0,1.0
1494450156091458976,111,1494450156145593935,,/keyop_vel_smoother_1c4c8f77-2701-4e79-8e4a-337f5772753e,746ba034-66c2-48e9-a62f-70c49b797af0,1,4.0,1.0
1494450156213565045,26,1494450156270102120,,/keyop_vel_smoother_1c4c8f77-2701-4e79-8e4a-337f5772753e,21bd5465-816b-4ae0-9d9f-781066196e5f,1,4.0,1.0
1494450156258070185,112,1494450156311200963,,/cmd_vel_mux_1b048a92-d775-4cf6-94e6-6273f69e5f0b,4e30b056-4db4-4b90-84a8-eb140f9b03f9,1,4.0,1.0
1494450156355833476,113,1494450156410820744,,/mobile_base_42a672ed-1deb-4e4c-990c-1c60891eff2e,2cff6056-892b-4e9a-b052-cde731698faf,1,4.0,1.0
1494450156450767935,27,1494450156498844753,,/cmd_vel_mux_1b048a92-d775-4cf6-94e6-6273f69e5f0b,203f2be6-92be-4791-b69f-46aa334944c9,1,4.0,1.0
1494450156579379755,31,1494450156632444608,,/mobile_base_42a672ed-1deb-4e4c-990c-1c60891eff2e,5fe201b6-0e33-4586-bdbb-3a06dedcd6aa,1,4.0,1.0
1494450156707102564,114,1494450156736840221,,/kobuki_safety_controller_8fd8deea-d982-4389-b1a0-e78970efbd97,bdce96b2-fed1-42b6-8c58-28b28baaebb6,1,4.0,1.0
1494450156910945753,27,1494450156967013175,,/kobuki_safety_controller_8fd8deea-d982-4389-b1a0-e78970efbd97,7e691695-e3f1-4c21-bfd8-2fa2627062c4,1,4.0,1.0
1494450157093854740,115,1494450157145430049,,/keyop_vel_smoother_1c4c8f77-2701-4e79-8e4a-337f5772753e,746ba034-66c2-48e9-a62f-70c49b797af0,1,4.0,1.0
1494450157215868607,27,1494450157272293588,,/keyop_vel_smoother_1c4c8f77-2701-4e79-8e4a-337f5772753e,21bd5465-816b-4ae0-9d9f-781066196e5f,1,4.0,1.0
1494450157256287727,116,1494450157311741238,,/cmd_vel_mux_1b048a92-d775-4cf6-94e6-6273f69e5f0b,4e30b056-4db4-4b90-84a8-eb140f9b03f9,1,4.0,1.0
1494450157355092696,117,1494450157410331028,,/mobile_base_42a672ed-1deb-4e4c-990c-1c60891eff2e,2cff6056-892b-4e9a-b052-cde731698faf,1,4.0,1.0
1494450157445490112,28,1494450157501084930,,/cmd_vel_mux_1b048a92-d775-4cf6-94e6-6273f69e5f0b,203f2be6-92be-4791-b69f-46aa334944c9,1,4.0,1.0
1494450157579359797,32,1494450157634770868,,/mobile_base_42a672ed-1deb-4e4c-990c-1c60891eff2e,5fe201b6-0e33-4586-bdbb-3a06dedcd6aa,1,4.0,1.0
1494450157681254776,118,1494450157736751712,,/kobuki_safety_controller_8fd8deea-d982-4389-b1a0-e78970efbd97,bdce96b2-fed1-42b6-8c58-28b28baaebb6,1,4.0,1.0
1494450157913914297,28,1494450157969311312,,/kobuki_safety_controller_8fd8deea-d982-4389-b1a0-e78970efbd97,7e691695-e3f1-4c21-bfd8-2fa2627062c4,1,4.0,1.0
1494450158093664801,119,1494450158144896378,,/keyop_vel_smoother_1c4c8f77-2701-4e79-8e4a-337f5772753e,746ba034-66c2-48e9-a62f-70c49b797af0,1,4.0,1.0
1494450158218315406,28,1494450158274421644,,/keyop_vel_smoother_1c4c8f77-2701-4e79-8e4a-337f5772753e,21bd5465-816b-4ae0-9d9f-781066196e5f,1,4.0,1.0
1494450158256508305,120,1494450158311163484,,/cmd_vel_mux_1b048a92-d775-4cf6-94e6-6273f69e5f0b,4e30b056-4db4-4b90-84a8-eb140f9b03f9,1,4.0,1.0
1494450158355034695,121,1494450158410234396,,/mobile_base_42a672ed-1deb-4e4c-990c-1c60891eff2e,2cff6056-892b-4e9a-b052-cde731698faf,1,4.0,1.0
1494450158447399967,29,1494450158503264945,,/cmd_vel_mux_1b048a92-d775-4cf6-94e6-6273f69e5f0b,203f2be6-92be-4791-b69f-46aa334944c9,1,4.0,1.0
1494450158582556432,33,1494450158637030007,,/mobile_base_42a672ed-1deb-4e4c-990c-1c60891eff2e,5fe201b6-0e33-4586-bdbb-3a06dedcd6aa,1,4.0,1.0
1494450158681009852,122,1494450158736099377,,/kobuki_safety_controller_8fd8deea-d982-4389-b1a0-e78970efbd97,bdce96b2-fed1-42b6-8c58-28b28baaebb6,1,4.0,1.0
1494450158916267014,29,1494450158971720076,,/kobuki_safety_controller_8fd8deea-d982-4389-b1a0-e78970efbd97,7e691695-e3f1-4c21-bfd8-2fa2627062c4,1,4.0,1.0
1494450159089762369,123,1494450159145166078,,/keyop_vel_smoother_1c4c8f77-2701-4e79-8e4a-337f5772753e,746ba034-66c2-48e9-a62f-70c49b797af0,1,4.0,1.0
1494450159220694875,29,1494450159276920950,,/keyop_vel_smoother_1c4c8f77-2701-4e79-8e4a-337f5772753e,21bd5465-816b-4ae0-9d9f-781066196e5f,1,4.0,1.0
1494450159256291651,124,1494450159311654225,,/cmd_vel_mux_1b048a92-d775-4cf6-94e6-6273f69e5f0b,4e30b056-4db4-4b90-84a8-eb140f9b03f9,1,4.0,1.0
1494450159355724229,125,1494450159410371474,,/mobile_base_42a672ed-1deb-4e4c-990c-1c60891eff2e,2cff6056-892b-4e9a-b052-cde731698faf,1,4.0,1.0
1494450159451186801,30,1494450159505655878,,/cmd_vel_mux_1b048a92-d775-4cf6-94e6-6273f69e5f0b,203f2be6-92be-4791-b69f-46aa334944c9,1,4.0,1.0
1494450159585944024,34,1494450159640457515,,/mobile_base_42a672ed-1deb-4e4c-990c-1c60891eff2e,5fe201b6-0e33-4586-bdbb-3a06dedcd6aa,1,4.0,1.0
1494450159681039960,126,1494450159736125582,,/kobuki_safety_controller_8fd8deea-d982-4389-b1a0-e78970efbd97,bdce96b2-fed1-42b6-8c58-28b28baaebb6,1,4.0,1.0
1494450159918317300,30,1494450159974254427,,/kobuki_safety_controller_8fd8deea-d982-4389-b1a0-e78970efbd97,7e691695-e3f1-4c21-bfd8-2fa2627062c4,1,4.0,1.0
1494450160090698570,127,1494450160145346533,,/keyop_vel_smoother_1c4c8f77-2701-4e79-8e4a-337f5772753e,746ba034-66c2-48e9-a62f-70c49b797af0,1,4.0,1.0
1494450160223849146,30,1494450160279076597,,/keyop_vel_smoother_1c4c8f77-2701-4e79-8e4a-337f5772753e,21bd5465-816b-4ae0-9d9f-781066196e5f,1,4.0,1.0
1494450160259722920,128,1494450160311021230,,/cmd_vel_mux_1b048a92-d775-4cf6-94e6-6273f69e5f0b,4e30b056-4db4-4b90-84a8-eb140f9b03f9,1,4.0,1.0
1494450160355695565,129,1494450160410594638,,/mobile_base_42a672ed-1deb-4e4c-990c-1c60891eff2e,2cff6056-892b-4e9a-b052-cde731698faf,1,4.0,1.0
1494450160452148509,31,1494450160508155981,,/cmd_vel_mux_1b048a92-d775-4cf6-94e6-6273f69e5f0b,203f2be6-92be-4791-b69f-46aa334944c9,1,4.0,1.0
1494450160488865472,35,1494450160542783507,,/mobile_base_42a672ed-1deb-4e4c-990c-1c60891eff2e,5fe201b6-0e33-4586-bdbb-3a06dedcd6aa,1,4.0,1.0
1494450160681013503,130,1494450160736035042,,/kobuki_safety_controller_8fd8deea-d982-4389-b1a0-e78970efbd97,bdce96b2-fed1-42b6-8c58-28b28baaebb6,1,4.0,1.0
1494450160920527961,31,1494450160976602366,,/kobuki_safety_controller_8fd8deea-d982-4389-b1a0-e78970efbd97,7e691695-e3f1-4c21-bfd8-2fa2627062c4,1,4.0,1.0
1494450161105367800,131,1494450161148277510,,/keyop_vel_smoother_1c4c8f77-2701-4e79-8e4a-337f5772753e,746ba034-66c2-48e9-a62f-70c49b797af0,1,4.0,1.0
1494450161225348008,31,1494450161281614077,,/keyop_vel_smoother_1c4c8f77-2701-4e79-8e4a-337f5772753e,21bd5465-816b-4ae0-9d9f-781066196e5f,1,4.0,1.0
1494450161255513479,132,1494450161311286814,,/cmd_vel_mux_1b048a92-d775-4cf6-94e6-6273f69e5f0b,4e30b056-4db4-4b90-84a8-eb140f9b03f9,1,4.0,1.0
1494450161355457801,133,1494450161410872264,,/mobile_base_42a672ed-1deb-4e4c-990c-1c60891eff2e,2cff6056-892b-4e9a-b052-cde731698faf,1,4.0,1.0
1494450161456092994,32,1494450161510601296,,/cmd_vel_mux_1b048a92-d775-4cf6-94e6-6273f69e5f0b,203f2be6-92be-4791-b69f-46aa334944c9,1,4.0,1.0
1494450161495002784,36,1494450161549661283,,/mobile_base_42a672ed-1deb-4e4c-990c-1c60891eff2e,5fe201b6-0e33-4586-bdbb-3a06dedcd6aa,1,4.0,1.0
1494450161686522722,134,1494450161736873748,,/kobuki_safety_controller_8fd8deea-d982-4389-b1a0-e78970efbd97,bdce96b2-fed1-42b6-8c58-28b28baaebb6,1,4.0,1.0
1494450161924893309,32,1494450161980253547,,/kobuki_safety_controller_8fd8deea-d982-4389-b1a0-e78970efbd97,7e691695-e3f1-4c21-bfd8-2fa2627062c4,1,4.0,1.0
1494450162090480218,135,1494450162146136785,,/keyop_vel_smoother_1c4c8f77-2701-4e79-8e4a-337f5772753e,746ba034-66c2-48e9-a62f-70c49b797af0,1,4.0,1.0
1494450162230706851,32,1494450162286399791,,/keyop_vel_smoother_1c4c8f77-2701-4e79-8e4a-337f5772753e,21bd5465-816b-4ae0-9d9f-781066196e5f,1,4.0,1.0
1494450162259155533,136,1494450162311519194,,/cmd_vel_mux_1b048a92-d775-4cf6-94e6-6273f69e5f0b,4e30b056-4db4-4b90-84a8-eb140f9b03f9,1,4.0,1.0
1494450162363425011,137,1494450162410483941,,/mobile_base_42a672ed-1deb-4e4c-990c-1c60891eff2e,2cff6056-892b-4e9a-b052-cde731698faf,1,4.0,1.0
1494450162460791687,33,1494450162514207147,,/cmd_vel_mux_1b048a92-d775-4cf6-94e6-6273f69e5f0b,203f2be6-92be-4791-b69f-46aa334944c9,1,4.0,1.0
1494450162497075102,37,1494450162552366683,,/mobile_base_42a672ed-1deb-4e4c-990c-1c60891eff2e,5fe201b6-0e33-4586-bdbb-3a06dedcd6aa,1,4.0,1.0
1494450162680845623,138,1494450162736612175,,/kobuki_safety_controller_8fd8deea-d982-4389-b1a0-e78970efbd97,bdce96b2-fed1-42b6-8c58-28b28baaebb6,1,4.0,1.0
1494450162928342696,33,1494450162982616952,,/kobuki_safety_controller_8fd8deea-d982-4389-b1a0-e78970efbd97,7e691695-e3f1-4c21-bfd8-2fa2627062c4,1,4.0,1.0
1494450163091003630,139,1494450163145319844,,/keyop_vel_smoother_1c4c8f77-2701-4e79-8e4a-337f5772753e,746ba034-66c2-48e9-a62f-70c49b797af0,1,4.0,1.0
1494450163235134388,33,1494450163288682115,,/keyop_vel_smoother_1c4c8f77-2701-4e79-8e4a-337f5772753e,21bd5465-816b-4ae0-9d9f-781066196e5f,1,4.0,1.0
1494450163256969076,140,1494450163311553412,,/cmd_vel_mux_1b048a92-d775-4cf6-94e6-6273f69e5f0b,4e30b056-4db4-4b90-84a8-eb140f9b03f9,1,4.0,1.0
1494450163360083365,141,1494450163410642951,,/mobile_base_42a672ed-1deb-4e4c-990c-1c60891eff2e,2cff6056-892b-4e9a-b052-cde731698faf,1,4.0,1.0
1494450163460403873,34,1494450163516595970,,/cmd_vel_mux_1b048a92-d775-4cf6-94e6-6273f69e5f0b,203f2be6-92be-4791-b69f-46aa334944c9,1,4.0,1.0
1494450163499480645,38,1494450163554737924,,/mobile_base_42a672ed-1deb-4e4c-990c-1c60891eff2e,5fe201b6-0e33-4586-bdbb-3a06dedcd6aa,1,4.0,1.0
1494450163684990830,142,1494450163736749144,,/kobuki_safety_controller_8fd8deea-d982-4389-b1a0-e78970efbd97,bdce96b2-fed1-42b6-8c58-28b28baaebb6,1,4.0,1.0
1494450163929200709,34,1494450163985160859,,/kobuki_safety_controller_8fd8deea-d982-4389-b1a0-e78970efbd97,7e691695-e3f1-4c21-bfd8-2fa2627062c4,1,4.0,1.0
1494450164090200597,143,1494450164145615063,,/keyop_vel_smoother_1c4c8f77-2701-4e79-8e4a-337f5772753e,746ba034-66c2-48e9-a62f-70c49b797af0,1,4.0,1.0
1494450164235282775,34,1494450164291451938,,/keyop_vel_smoother_1c4c8f77-2701-4e79-8e4a-337f5772753e,21bd5465-816b-4ae0-9d9f-781066196e5f,1,4.0,1.0
1494450164257819226,144,1494450164311104805,,/cmd_vel_mux_1b048a92-d775-4cf6-94e6-6273f69e5f0b,4e30b056-4db4-4b90-84a8-eb140f9b03f9,1,4.0,1.0
1494450164357480032,145,1494450164411038545,,/mobile_base_42a672ed-1deb-4e4c-990c-1c60891eff2e,2cff6056-892b-4e9a-b052-cde731698faf,1,4.0,1.0
1494450164464207359,35,1494450164519209253,,/cmd_vel_mux_1b048a92-d775-4cf6-94e6-6273f69e5f0b,203f2be6-92be-4791-b69f-46aa334944c9,1,4.0,1.0
1494450164502135303,39,1494450164557045543,,/mobile_base_42a672ed-1deb-4e4c-990c-1c60891eff2e,5fe201b6-0e33-4586-bdbb-3a06dedcd6aa,1,4.0,1.0
1494450164680659064,146,1494450164736651452,,/kobuki_safety_controller_8fd8deea-d982-4389-b1a0-e78970efbd97,bdce96b2-fed1-42b6-8c58-28b28baaebb6,1,4.0,1.0
1494450164831681041,35,1494450164887355159,,/kobuki_safety_controller_8fd8deea-d982-4389-b1a0-e78970efbd97,7e691695-e3f1-4c21-bfd8-2fa2627062c4,1,4.0,1.0
1494450165245364484,35,1494450165293954683,,/keyop_vel_smoother_1c4c8f77-2701-4e79-8e4a-337f5772753e,21bd5465-816b-4ae0-9d9f-781066196e5f,1,4.0,1.0
1494450165318237264,147,1494450165145761037,,/keyop_vel_smoother_1c4c8f77-2701-4e79-8e4a-337f5772753e,746ba034-66c2-48e9-a62f-70c49b797af0,1,4.0,1.0
1494450165318244036,148,1494450165310746451,,/cmd_vel_mux_1b048a92-d775-4cf6-94e6-6273f69e5f0b,4e30b056-4db4-4b90-84a8-eb140f9b03f9,1,4.0,1.0
1494450165354647622,149,1494450165410259529,,/mobile_base_42a672ed-1deb-4e4c-990c-1c60891eff2e,2cff6056-892b-4e9a-b052-cde731698faf,1,4.0,1.0
1494450165465912265,36,1494450165521681709,,/cmd_vel_mux_1b048a92-d775-4cf6-94e6-6273f69e5f0b,203f2be6-92be-4791-b69f-46aa334944c9,1,4.0,1.0
1494450165503891547,40,1494450165559399291,,/mobile_base_42a672ed-1deb-4e4c-990c-1c60891eff2e,5fe201b6-0e33-4586-bdbb-3a06dedcd6aa,1,4.0,1.0
1494450165688133440,150,1494450165736289225,,/kobuki_safety_controller_8fd8deea-d982-4389-b1a0-e78970efbd97,bdce96b2-fed1-42b6-8c58-28b28baaebb6,1,4.0,1.0
1494450165833997015,36,1494450165889487119,,/kobuki_safety_controller_8fd8deea-d982-4389-b1a0-e78970efbd97,7e691695-e3f1-4c21-bfd8-2fa2627062c4,1,4.0,1.0
1494450166089929372,151,1494450166145234771,,/keyop_vel_smoother_1c4c8f77-2701-4e79-8e4a-337f5772753e,746ba034-66c2-48e9-a62f-70c49b797af0,1,4.0,1.0
1494450166140193754,36,1494450166196174737,,/keyop_vel_smoother_1c4c8f77-2701-4e79-8e4a-337f5772753e,21bd5465-816b-4ae0-9d9f-781066196e5f,1,4.0,1.0
1494450166256854285,152,1494450166311188552,,/cmd_vel_mux_1b048a92-d775-4cf6-94e6-6273f69e5f0b,4e30b056-4db4-4b90-84a8-eb140f9b03f9,1,4.0,1.0
1494450166361765588,153,1494450166411118001,,/mobile_base_42a672ed-1deb-4e4c-990c-1c60891eff2e,2cff6056-892b-4e9a-b052-cde731698faf,1,4.0,1.0
1494450166471366693,37,1494450166523957419,,/cmd_vel_mux_1b048a92-d775-4cf6-94e6-6273f69e5f0b,203f2be6-92be-4791-b69f-46aa334944c9,1,4.0,1.0
1494450166506665188,41,1494450166561730418,,/mobile_base_42a672ed-1deb-4e4c-990c-1c60891eff2e,5fe201b6-0e33-4586-bdbb-3a06dedcd6aa,1,4.0,1.0
1494450166686304227,154,1494450166736913034,,/kobuki_safety_controller_8fd8deea-d982-4389-b1a0-e78970efbd97,bdce96b2-fed1-42b6-8c58-28b28baaebb6,1,4.0,1.0
1494450166836457423,37,1494450166892087494,,/kobuki_safety_controller_8fd8deea-d982-4389-b1a0-e78970efbd97,7e691695-e3f1-4c21-bfd8-2fa2627062c4,1,4.0,1.0
1494450167092102322,155,1494450167145294420,,/keyop_vel_smoother_1c4c8f77-2701-4e79-8e4a-337f5772753e,746ba034-66c2-48e9-a62f-70c49b797af0,1,4.0,1.0
1494450167143085586,37,1494450167199712106,,/keyop_vel_smoother_1c4c8f77-2701-4e79-8e4a-337f5772753e,21bd5465-816b-4ae0-9d9f-781066196e5f,1,4.0,1.0
1494450167255338025,156,1494450167310732873,,/cmd_vel_mux_1b048a92-d775-4cf6-94e6-6273f69e5f0b,4e30b056-4db4-4b90-84a8-eb140f9b03f9,1,4.0,1.0
1494450167355627858,157,1494450167410335034,,/mobile_base_42a672ed-1deb-4e4c-990c-1c60891eff2e,2cff6056-892b-4e9a-b052-cde731698faf,1,4.0,1.0
1494450167475689724,38,1494450167529830352,,/cmd_vel_mux_1b048a92-d775-4cf6-94e6-6273f69e5f0b,203f2be6-92be-4791-b69f-46aa334944c9,1,4.0,1.0
1494450167508209221,42,1494450167564091674,,/mobile_base_42a672ed-1deb-4e4c-990c-1c60891eff2e,5fe201b6-0e33-4586-bdbb-3a06dedcd6aa,1,4.0,1.0
1494450167684643527,158,1494450167735810529,,/kobuki_safety_controller_8fd8deea-d982-4389-b1a0-e78970efbd97,bdce96b2-fed1-42b6-8c58-28b28baaebb6,1,4.0,1.0
1494450167839512444,38,1494450167894661041,,/kobuki_safety_controller_8fd8deea-d982-4389-b1a0-e78970efbd97,7e691695-e3f1-4c21-bfd8-2fa2627062c4,1,4.0,1.0
1494450168089725683,159,1494450168145161075,,/keyop_vel_smoother_1c4c8f77-2701-4e79-8e4a-337f5772753e,746ba034-66c2-48e9-a62f-70c49b797af0,1,4.0,1.0
1494450168145801435,38,1494450168202013239,,/keyop_vel_smoother_1c4c8f77-2701-4e79-8e4a-337f5772753e,21bd5465-816b-4ae0-9d9f-781066196e5f,1,4.0,1.0
1494450168255777183,160,1494450168311209357,,/cmd_vel_mux_1b048a92-d775-4cf6-94e6-6273f69e5f0b,4e30b056-4db4-4b90-84a8-eb140f9b03f9,1,4.0,1.0
1494450168355207019,161,1494450168410904267,,/mobile_base_42a672ed-1deb-4e4c-990c-1c60891eff2e,2cff6056-892b-4e9a-b052-cde731698faf,1,4.0,1.0
1494450168379086889,39,1494450168432802698,,/cmd_vel_mux_1b048a92-d775-4cf6-94e6-6273f69e5f0b,203f2be6-92be-4791-b69f-46aa334944c9,1,4.0,1.0
1494450168511132176,43,1494450168566502057,,/mobile_base_42a672ed-1deb-4e4c-990c-1c60891eff2e,5fe201b6-0e33-4586-bdbb-3a06dedcd6aa,1,4.0,1.0
1494450168681061547,162,1494450168736454013,,/kobuki_safety_controller_8fd8deea-d982-4389-b1a0-e78970efbd97,bdce96b2-fed1-42b6-8c58-28b28baaebb6,1,4.0,1.0
1494450168841200001,39,1494450168897091134,,/kobuki_safety_controller_8fd8deea-d982-4389-b1a0-e78970efbd97,7e691695-e3f1-4c21-bfd8-2fa2627062c4,1,4.0,1.0
1494450169089929300,163,1494450169145376897,,/keyop_vel_smoother_1c4c8f77-2701-4e79-8e4a-337f5772753e,746ba034-66c2-48e9-a62f-70c49b797af0,1,4.0,1.0
1494450169148497186,39,1494450169204480583,,/keyop_vel_smoother_1c4c8f77-2701-4e79-8e4a-337f5772753e,21bd5465-816b-4ae0-9d9f-781066196e5f,1,4.0,1.0
1494450169255887557,164,1494450169311540303,,/cmd_vel_mux_1b048a92-d775-4cf6-94e6-6273f69e5f0b,4e30b056-4db4-4b90-84a8-eb140f9b03f9,1,4.0,1.0
1494450169356837945,165,1494450169410476137,,/mobile_base_42a672ed-1deb-4e4c-990c-1c60891eff2e,2cff6056-892b-4e9a-b052-cde731698faf,1,4.0,1.0
1494450169379465154,40,1494450169435492583,,/cmd_vel_mux_1b048a92-d775-4cf6-94e6-6273f69e5f0b,203f2be6-92be-4791-b69f-46aa334944c9,1,4.0,1.0
1494450169518715991,44,1494450169568980694,,/mobile_base_42a672ed-1deb-4e4c-990c-1c60891eff2e,5fe201b6-0e33-4586-bdbb-3a06dedcd6aa,1,4.0,1.0
1494450169683191397,166,1494450169736138300,,/kobuki_safety_controller_8fd8deea-d982-4389-b1a0-e78970efbd97,bdce96b2-fed1-42b6-8c58-28b28baaebb6,1,4.0,1.0
1494450169846696098,40,1494450169900248766,,/kobuki_safety_controller_8fd8deea-d982-4389-b1a0-e78970efbd97,7e691695-e3f1-4c21-bfd8-2fa2627062c4,1,4.0,1.0
1494450170100104277,167,1494450170145704430,,/keyop_vel_smoother_1c4c8f77-2701-4e79-8e4a-337f5772753e,746ba034-66c2-48e9-a62f-70c49b797af0,1,4.0,1.0
1494450170150598431,40,1494450170207256970,,/keyop_vel_smoother_1c4c8f77-2701-4e79-8e4a-337f5772753e,21bd5465-816b-4ae0-9d9f-781066196e5f,1,4.0,1.0
1494450170257384980,168,1494450170311408424,,/cmd_vel_mux_1b048a92-d775-4cf6-94e6-6273f69e5f0b,4e30b056-4db4-4b90-84a8-eb140f9b03f9,1,4.0,1.0
1494450170357501679,169,1494450170410558340,,/mobile_base_42a672ed-1deb-4e4c-990c-1c60891eff2e,2cff6056-892b-4e9a-b052-cde731698faf,1,4.0,1.0
1494450170385108193,41,1494450170438205137,,/cmd_vel_mux_1b048a92-d775-4cf6-94e6-6273f69e5f0b,203f2be6-92be-4791-b69f-46aa334944c9,1,4.0,1.0
1494450170519386643,45,1494450170571625083,,/mobile_base_42a672ed-1deb-4e4c-990c-1c60891eff2e,5fe201b6-0e33-4586-bdbb-3a06dedcd6aa,1,4.0,1.0
1494450170684589062,170,1494450170737387285,,/kobuki_safety_controller_8fd8deea-d982-4389-b1a0-e78970efbd97,bdce96b2-fed1-42b6-8c58-28b28baaebb6,1,4.0,1.0
1494450170849093762,41,1494450170903068280,,/kobuki_safety_controller_8fd8deea-d982-4389-b1a0-e78970efbd97,7e691695-e3f1-4c21-bfd8-2fa2627062c4,1,4.0,1.0
1494450171153243374,41,1494450171209567531,,/keyop_vel_smoother_1c4c8f77-2701-4e79-8e4a-337f5772753e,21bd5465-816b-4ae0-9d9f-781066196e5f,1,4.0,1.0
1494450171302885200,171,1494450171145373806,,/keyop_vel_smoother_1c4c8f77-2701-4e79-8e4a-337f5772753e,746ba034-66c2-48e9-a62f-70c49b797af0,1,4.0,1.0
1494450171302899473,172,1494450171312224499,,/cmd_vel_mux_1b048a92-d775-4cf6-94e6-6273f69e5f0b,4e30b056-4db4-4b90-84a8-eb140f9b03f9,1,4.0,1.0
1494450171354359788,173,1494450171409821470,,/mobile_base_42a672ed-1deb-4e4c-990c-1c60891eff2e,2cff6056-892b-4e9a-b052-cde731698faf,1,4.0,1.0
1494450171394586964,42,1494450171440646823,,/cmd_vel_mux_1b048a92-d775-4cf6-94e6-6273f69e5f0b,203f2be6-92be-4791-b69f-46aa334944c9,1,4.0,1.0
1494450171524086980,46,1494450171575191551,,/mobile_base_42a672ed-1deb-4e4c-990c-1c60891eff2e,5fe201b6-0e33-4586-bdbb-3a06dedcd6aa,1,4.0,1.0
1494450171682320476,174,1494450171736136963,,/kobuki_safety_controller_8fd8deea-d982-4389-b1a0-e78970efbd97,bdce96b2-fed1-42b6-8c58-28b28baaebb6,1,4.0,1.0
1494450171849920693,42,1494450171906179545,,/kobuki_safety_controller_8fd8deea-d982-4389-b1a0-e78970efbd97,7e691695-e3f1-4c21-bfd8-2fa2627062c4,1,4.0,1.0
1494450172089997551,175,1494450172145261850,,/keyop_vel_smoother_1c4c8f77-2701-4e79-8e4a-337f5772753e,746ba034-66c2-48e9-a62f-70c49b797af0,1,4.0,1.0
1494450172156142650,42,1494450172212273925,,/keyop_vel_smoother_1c4c8f77-2701-4e79-8e4a-337f5772753e,21bd5465-816b-4ae0-9d9f-781066196e5f,1,4.0,1.0
1494450172255440895,176,1494450172311391717,,/cmd_vel_mux_1b048a92-d775-4cf6-94e6-6273f69e5f0b,4e30b056-4db4-4b90-84a8-eb140f9b03f9,1,4.0,1.0
1494450172354522352,177,1494450172409883306,,/mobile_base_42a672ed-1deb-4e4c-990c-1c60891eff2e,2cff6056-892b-4e9a-b052-cde731698faf,1,4.0,1.0
1494450172392409989,43,1494450172447946011,,/cmd_vel_mux_1b048a92-d775-4cf6-94e6-6273f69e5f0b,203f2be6-92be-4791-b69f-46aa334944c9,1,4.0,1.0
1494450172522102081,47,1494450172577702407,,/mobile_base_42a672ed-1deb-4e4c-990c-1c60891eff2e,5fe201b6-0e33-4586-bdbb-3a06dedcd6aa,1,4.0,1.0
1494450172681238765,178,1494450172736415506,,/kobuki_safety_controller_8fd8deea-d982-4389-b1a0-e78970efbd97,bdce96b2-fed1-42b6-8c58-28b28baaebb6,1,4.0,1.0
1494450172855357460,43,1494450172908761276,,/kobuki_safety_controller_8fd8deea-d982-4389-b1a0-e78970efbd97,7e691695-e3f1-4c21-bfd8-2fa2627062c4,1,4.0,1.0
1494450173098181059,179,1494450173145884892,,/keyop_vel_smoother_1c4c8f77-2701-4e79-8e4a-337f5772753e,746ba034-66c2-48e9-a62f-70c49b797af0,1,4.0,1.0
1494450173161946363,43,1494450173214693451,,/keyop_vel_smoother_1c4c8f77-2701-4e79-8e4a-337f5772753e,21bd5465-816b-4ae0-9d9f-781066196e5f,1,4.0,1.0
1494450173257443898,180,1494450173310791728,,/cmd_vel_mux_1b048a92-d775-4cf6-94e6-6273f69e5f0b,4e30b056-4db4-4b90-84a8-eb140f9b03f9,1,4.0,1.0
1494450173359049048,181,1494450173410588097,,/mobile_base_42a672ed-1deb-4e4c-990c-1c60891eff2e,2cff6056-892b-4e9a-b052-cde731698faf,1,4.0,1.0
1494450173396087861,44,1494450173451492403,,/cmd_vel_mux_1b048a92-d775-4cf6-94e6-6273f69e5f0b,203f2be6-92be-4791-b69f-46aa334944c9,1,4.0,1.0
1494450173527436673,48,1494450173580607472,,/mobile_base_42a672ed-1deb-4e4c-990c-1c60891eff2e,5fe201b6-0e33-4586-bdbb-3a06dedcd6aa,1,4.0,1.0
1494450173680716531,182,1494450173736474680,,/kobuki_safety_controller_8fd8deea-d982-4389-b1a0-e78970efbd97,bdce96b2-fed1-42b6-8c58-28b28baaebb6,1,4.0,1.0
1494450173856878031,44,1494450173911622551,,/kobuki_safety_controller_8fd8deea-d982-4389-b1a0-e78970efbd97,7e691695-e3f1-4c21-bfd8-2fa2627062c4,1,4.0,1.0
1494450174092032177,183,1494450174145629403,,/keyop_vel_smoother_1c4c8f77-2701-4e79-8e4a-337f5772753e,746ba034-66c2-48e9-a62f-70c49b797af0,1,4.0,1.0
1494450174160359243,44,1494450174216918357,,/keyop_vel_smoother_1c4c8f77-2701-4e79-8e4a-337f5772753e,21bd5465-816b-4ae0-9d9f-781066196e5f,1,4.0,1.0
1494450174255333420,184,1494450174311013486,,/cmd_vel_mux_1b048a92-d775-4cf6-94e6-6273f69e5f0b,4e30b056-4db4-4b90-84a8-eb140f9b03f9,1,4.0,1.0
1494450174354446256,185,1494450174410594482,,/mobile_base_42a672ed-1deb-4e4c-990c-1c60891eff2e,2cff6056-892b-4e9a-b052-cde731698faf,1,4.0,1.0
1494450174398441671,45,1494450174454193889,,/cmd_vel_mux_1b048a92-d775-4cf6-94e6-6273f69e5f0b,203f2be6-92be-4791-b69f-46aa334944c9,1,4.0,1.0
1494450174532959449,49,1494450174583158752,,/mobile_base_42a672ed-1deb-4e4c-990c-1c60891eff2e,5fe201b6-0e33-4586-bdbb-3a06dedcd6aa,1,4.0,1.0
1494450174680957097,186,1494450174736749689,,/kobuki_safety_controller_8fd8deea-d982-4389-b1a0-e78970efbd97,bdce96b2-fed1-42b6-8c58-28b28baaebb6,1,4.0,1.0
1494450174858831758,45,1494450174914118666,,/kobuki_safety_controller_8fd8deea-d982-4389-b1a0-e78970efbd97,7e691695-e3f1-4c21-bfd8-2fa2627062c4,1,4.0,1.0
1494450175092781455,187,1494450175145576291,,/keyop_vel_smoother_1c4c8f77-2701-4e79-8e4a-337f5772753e,746ba034-66c2-48e9-a62f-70c49b797af0,1,4.0,1.0
1494450175163487035,45,1494450175219014477,,/keyop_vel_smoother_1c4c8f77-2701-4e79-8e4a-337f5772753e,21bd5465-816b-4ae0-9d9f-781066196e5f,1,4.0,1.0
1494450175255583258,188,1494450175311369413,,/cmd_vel_mux_1b048a92-d775-4cf6-94e6-6273f69e5f0b,4e30b056-4db4-4b90-84a8-eb140f9b03f9,1,4.0,1.0
1494450175356301154,189,1494450175410368040,,/mobile_base_42a672ed-1deb-4e4c-990c-1c60891eff2e,2cff6056-892b-4e9a-b052-cde731698faf,1,4.0,1.0
1494450175401423528,46,1494450175456909171,,/cmd_vel_mux_1b048a92-d775-4cf6-94e6-6273f69e5f0b,203f2be6-92be-4791-b69f-46aa334944c9,1,4.0,1.0
1494450175532426119,50,1494450175586949524,,/mobile_base_42a672ed-1deb-4e4c-990c-1c60891eff2e,5fe201b6-0e33-4586-bdbb-3a06dedcd6aa,1,4.0,1.0
1494450175684882220,190,1494450175737662987,,/kobuki_safety_controller_8fd8deea-d982-4389-b1a0-e78970efbd97,bdce96b2-fed1-42b6-8c58-28b28baaebb6,1,4.0,1.0
1494450175861637856,46,1494450175916555451,,/kobuki_safety_controller_8fd8deea-d982-4389-b1a0-e78970efbd97,7e691695-e3f1-4c21-bfd8-2fa2627062c4,1,4.0,1.0
1494450176099808390,191,1494450176145591349,,/keyop_vel_smoother_1c4c8f77-2701-4e79-8e4a-337f5772753e,746ba034-66c2-48e9-a62f-70c49b797af0,1,4.0,1.0
1494450176249621158,46,1494450176221166891,,/keyop_vel_smoother_1c4c8f77-2701-4e79-8e4a-337f5772753e,21bd5465-816b-4ae0-9d9f-781066196e5f,1,4.0,1.0
1494450176257854693,192,1494450176311218222,,/cmd_vel_mux_1b048a92-d775-4cf6-94e6-6273f69e5f0b,4e30b056-4db4-4b90-84a8-eb140f9b03f9,1,4.0,1.0
1494450176578532423,193,1494450176410783553,,/mobile_base_42a672ed-1deb-4e4c-990c-1c60891eff2e,2cff6056-892b-4e9a-b052-cde731698faf,1,4.0,1.0
1494450176579536576,47,1494450176459767413,,/cmd_vel_mux_1b048a92-d775-4cf6-94e6-6273f69e5f0b,203f2be6-92be-4791-b69f-46aa334944c9,1,4.0,1.0
1494450176629084347,51,1494450176590397303,,/mobile_base_42a672ed-1deb-4e4c-990c-1c60891eff2e,5fe201b6-0e33-4586-bdbb-3a06dedcd6aa,1,4.0,1.0
1494450176680826181,194,1494450176736768013,,/kobuki_safety_controller_8fd8deea-d982-4389-b1a0-e78970efbd97,bdce96b2-fed1-42b6-8c58-28b28baaebb6,1,4.0,1.0
1494450176863221177,47,1494450176918822534,,/kobuki_safety_controller_8fd8deea-d982-4389-b1a0-e78970efbd97,7e691695-e3f1-4c21-bfd8-2fa2627062c4,1,4.0,1.0
1494450177090442863,195,1494450177145375871,,/keyop_vel_smoother_1c4c8f77-2701-4e79-8e4a-337f5772753e,746ba034-66c2-48e9-a62f-70c49b797af0,1,4.0,1.0
1494450177167634334,47,1494450177223392308,,/keyop_vel_smoother_1c4c8f77-2701-4e79-8e4a-337f5772753e,21bd5465-816b-4ae0-9d9f-781066196e5f,1,4.0,1.0
1494450177258093527,196,1494450177310808080,,/cmd_vel_mux_1b048a92-d775-4cf6-94e6-6273f69e5f0b,4e30b056-4db4-4b90-84a8-eb140f9b03f9,1,4.0,1.0
1494450177355379873,197,1494450177410562493,,/mobile_base_42a672ed-1deb-4e4c-990c-1c60891eff2e,2cff6056-892b-4e9a-b052-cde731698faf,1,4.0,1.0
1494450177406582000,48,1494450177462559285,,/cmd_vel_mux_1b048a92-d775-4cf6-94e6-6273f69e5f0b,203f2be6-92be-4791-b69f-46aa334944c9,1,4.0,1.0
1494450177537954961,52,1494450177593596797,,/mobile_base_42a672ed-1deb-4e4c-990c-1c60891eff2e,5fe201b6-0e33-4586-bdbb-3a06dedcd6aa,1,4.0,1.0
1494450177682400737,198,1494450177736723619,,/kobuki_safety_controller_8fd8deea-d982-4389-b1a0-e78970efbd97,bdce96b2-fed1-42b6-8c58-28b28baaebb6,1,4.0,1.0
1494450177874184142,48,1494450177921289951,,/kobuki_safety_controller_8fd8deea-d982-4389-b1a0-e78970efbd97,7e691695-e3f1-4c21-bfd8-2fa2627062c4,1,4.0,1.0
1494450178090074796,199,1494450178145649934,,/keyop_vel_smoother_1c4c8f77-2701-4e79-8e4a-337f5772753e,746ba034-66c2-48e9-a62f-70c49b797af0,1,4.0,1.0
1494450178171887905,48,1494450178225953060,,/keyop_vel_smoother_1c4c8f77-2701-4e79-8e4a-337f5772753e,21bd5465-816b-4ae0-9d9f-781066196e5f,1,4.0,1.0
1494450178257366486,200,1494450178311644097,,/cmd_vel_mux_1b048a92-d775-4cf6-94e6-6273f69e5f0b,4e30b056-4db4-4b90-84a8-eb140f9b03f9,1,4.0,1.0
1494450178354843563,201,1494450178410375186,,/mobile_base_42a672ed-1deb-4e4c-990c-1c60891eff2e,2cff6056-892b-4e9a-b052-cde731698faf,1,4.0,1.0
1494450178409430127,49,1494450178464793998,,/cmd_vel_mux_1b048a92-d775-4cf6-94e6-6273f69e5f0b,203f2be6-92be-4791-b69f-46aa334944c9,1,4.0,1.0
1494450178540576291,53,1494450178596098758,,/mobile_base_42a672ed-1deb-4e4c-990c-1c60891eff2e,5fe201b6-0e33-4586-bdbb-3a06dedcd6aa,1,4.0,1.0
1494450178683968510,202,1494450178735868902,,/kobuki_safety_controller_8fd8deea-d982-4389-b1a0-e78970efbd97,bdce96b2-fed1-42b6-8c58-28b28baaebb6,1,4.0,1.0
1494450178868224813,49,1494450178924208077,,/kobuki_safety_controller_8fd8deea-d982-4389-b1a0-e78970efbd97,7e691695-e3f1-4c21-bfd8-2fa2627062c4,1,4.0,1.0
1494450179089798092,203,1494450179145463713,,/keyop_vel_smoother_1c4c8f77-2701-4e79-8e4a-337f5772753e,746ba034-66c2-48e9-a62f-70c49b797af0,1,4.0,1.0
1494450179172221980,49,1494450179228486690,,/keyop_vel_smoother_1c4c8f77-2701-4e79-8e4a-337f5772753e,21bd5465-816b-4ae0-9d9f-781066196e5f,1,4.0,1.0
1494450179257567981,204,1494450179311756374,,/cmd_vel_mux_1b048a92-d775-4cf6-94e6-6273f69e5f0b,4e30b056-4db4-4b90-84a8-eb140f9b03f9,1,4.0,1.0
1494450179359560498,205,1494450179410549129,,/mobile_base_42a672ed-1deb-4e4c-990c-1c60891eff2e,2cff6056-892b-4e9a-b052-cde731698faf,1,4.0,1.0
1494450179411644733,50,1494450179467714709,,/cmd_vel_mux_1b048a92-d775-4cf6-94e6-6273f69e5f0b,203f2be6-92be-4791-b69f-46aa334944c9,1,4.0,1.0
1494450179544602292,54,1494450179598699556,,/mobile_base_42a672ed-1deb-4e4c-990c-1c60891eff2e,5fe201b6-0e33-4586-bdbb-3a06dedcd6aa,1,4.0,1.0
1494450179688017647,206,1494450179735963264,,/kobuki_safety_controller_8fd8deea-d982-4389-b1a0-e78970efbd97,bdce96b2-fed1-42b6-8c58-28b28baaebb6,1,4.0,1.0
1494450179871720048,50,1494450179927896991,,/kobuki_safety_controller_8fd8deea-d982-4389-b1a0-e78970efbd97,7e691695-e3f1-4c21-bfd8-2fa2627062c4,1,4.0,1.0
1494450180092233065,207,1494450180145896240,,/keyop_vel_smoother_1c4c8f77-2701-4e79-8e4a-337f5772753e,746ba034-66c2-48e9-a62f-70c49b797af0,1,4.0,1.0
1494450180175817792,50,1494450180232253730,,/keyop_vel_smoother_1c4c8f77-2701-4e79-8e4a-337f5772753e,21bd5465-816b-4ae0-9d9f-781066196e5f,1,4.0,1.0
1494450180256529897,208,1494450180310804705,,/cmd_vel_mux_1b048a92-d775-4cf6-94e6-6273f69e5f0b,4e30b056-4db4-4b90-84a8-eb140f9b03f9,1,4.0,1.0
1494450180363055929,209,1494450180410672285,,/mobile_base_42a672ed-1deb-4e4c-990c-1c60891eff2e,2cff6056-892b-4e9a-b052-cde731698faf,1,4.0,1.0
1494450180417352440,51,1494450180470583174,,/cmd_vel_mux_1b048a92-d775-4cf6-94e6-6273f69e5f0b,203f2be6-92be-4791-b69f-46aa334944c9,1,4.0,1.0
1494450180546702676,55,1494450180601735604,,/mobile_base_42a672ed-1deb-4e4c-990c-1c60891eff2e,5fe201b6-0e33-4586-bdbb-3a06dedcd6aa,1,4.0,1.0
1494450180680221849,210,1494450180736324086,,/kobuki_safety_controller_8fd8deea-d982-4389-b1a0-e78970efbd97,bdce96b2-fed1-42b6-8c58-28b28baaebb6,1,4.0,1.0
1494450180875595986,51,1494450180930295254,,/kobuki_safety_controller_8fd8deea-d982-4389-b1a0-e78970efbd97,7e691695-e3f1-4c21-bfd8-2fa2627062c4,1,4.0,1.0
1494450181091031376,211,1494450181145787108,,/keyop_vel_smoother_1c4c8f77-2701-4e79-8e4a-337f5772753e,746ba034-66c2-48e9-a62f-70c49b797af0,1,4.0,1.0
1494450181179022663,51,1494450181234631535,,/keyop_vel_smoother_1c4c8f77-2701-4e79-8e4a-337f5772753e,21bd5465-816b-4ae0-9d9f-781066196e5f,1,4.0,1.0
1494450181255829342,212,1494450181311228820,,/cmd_vel_mux_1b048a92-d775-4cf6-94e6-6273f69e5f0b,4e30b056-4db4-4b90-84a8-eb140f9b03f9,1,4.0,1.0
1494450181356921676,213,1494450181410425406,,/mobile_base_42a672ed-1deb-4e4c-990c-1c60891eff2e,2cff6056-892b-4e9a-b052-cde731698faf,1,4.0,1.0
1494450181416706253,52,1494450181472776732,,/cmd_vel_mux_1b048a92-d775-4cf6-94e6-6273f69e5f0b,203f2be6-92be-4791-b69f-46aa334944c9,1,4.0,1.0
1494450181550908747,56,1494450181604075661,,/mobile_base_42a672ed-1deb-4e4c-990c-1c60891eff2e,5fe201b6-0e33-4586-bdbb-3a06dedcd6aa,1,4.0,1.0
1494450181680473462,214,1494450181736391330,,/kobuki_safety_controller_8fd8deea-d982-4389-b1a0-e78970efbd97,bdce96b2-fed1-42b6-8c58-28b28baaebb6,1,4.0,1.0
1494450181901694933,52,1494450181933141391,,/kobuki_safety_controller_8fd8deea-d982-4389-b1a0-e78970efbd97,7e691695-e3f1-4c21-bfd8-2fa2627062c4,1,4.0,1.0
1494450182089455323,215,1494450182145302109,,/keyop_vel_smoother_1c4c8f77-2701-4e79-8e4a-337f5772753e,746ba034-66c2-48e9-a62f-70c49b797af0,1,4.0,1.0
1494450182183723300,52,1494450182237420008,,/keyop_vel_smoother_1c4c8f77-2701-4e79-8e4a-337f5772753e,21bd5465-816b-4ae0-9d9f-781066196e5f,1,4.0,1.0
1494450182258734114,216,1494450182311758229,,/cmd_vel_mux_1b048a92-d775-4cf6-94e6-6273f69e5f0b,4e30b056-4db4-4b90-84a8-eb140f9b03f9,1,4.0,1.0
1494450182355002897,217,1494450182410318987,,/mobile_base_42a672ed-1deb-4e4c-990c-1c60891eff2e,2cff6056-892b-4e9a-b052-cde731698faf,1,4.0,1.0
1494450182419322937,53,1494450182475184042,,/cmd_vel_mux_1b048a92-d775-4cf6-94e6-6273f69e5f0b,203f2be6-92be-4791-b69f-46aa334944c9,1,4.0,1.0
1494450182563237682,57,1494450182606526346,,/mobile_base_42a672ed-1deb-4e4c-990c-1c60891eff2e,5fe201b6-0e33-4586-bdbb-3a06dedcd6aa,1,4.0,1.0
1494450182685525915,218,1494450182736867616,,/kobuki_safety_controller_8fd8deea-d982-4389-b1a0-e78970efbd97,bdce96b2-fed1-42b6-8c58-28b28baaebb6,1,4.0,1.0
1494450182883206684,53,1494450182935988699,,/kobuki_safety_controller_8fd8deea-d982-4389-b1a0-e78970efbd97,7e691695-e3f1-4c21-bfd8-2fa2627062c4,1,4.0,1.0
1494450183094734791,219,1494450183145439150,,/keyop_vel_smoother_1c4c8f77-2701-4e79-8e4a-337f5772753e,746ba034-66c2-48e9-a62f-70c49b797af0,1,4.0,1.0
1494450183184635670,53,1494450183239723154,,/keyop_vel_smoother_1c4c8f77-2701-4e79-8e4a-337f5772753e,21bd5465-816b-4ae0-9d9f-781066196e5f,1,4.0,1.0
1494450183255702516,220,1494450183311209651,,/cmd_vel_mux_1b048a92-d775-4cf6-94e6-6273f69e5f0b,4e30b056-4db4-4b90-84a8-eb140f9b03f9,1,4.0,1.0
1494450183357173409,221,1494450183410848775,,/mobile_base_42a672ed-1deb-4e4c-990c-1c60891eff2e,2cff6056-892b-4e9a-b052-cde731698faf,1,4.0,1.0
1494450183421726641,54,1494450183477379482,,/cmd_vel_mux_1b048a92-d775-4cf6-94e6-6273f69e5f0b,203f2be6-92be-4791-b69f-46aa334944c9,1,4.0,1.0
1494450183555117134,58,1494450183609011742,,/mobile_base_42a672ed-1deb-4e4c-990c-1c60891eff2e,5fe201b6-0e33-4586-bdbb-3a06dedcd6aa,1,4.0,1.0
1494450183683660092,222,1494450183735830669,,/kobuki_safety_controller_8fd8deea-d982-4389-b1a0-e78970efbd97,bdce96b2-fed1-42b6-8c58-28b28baaebb6,1,4.0,1.0
1494450183884529457,54,1494450183938842552,,/kobuki_safety_controller_8fd8deea-d982-4389-b1a0-e78970efbd97,7e691695-e3f1-4c21-bfd8-2fa2627062c4,1,4.0,1.0
1494450184090418993,223,1494450184145853525,,/keyop_vel_smoother_1c4c8f77-2701-4e79-8e4a-337f5772753e,746ba034-66c2-48e9-a62f-70c49b797af0,1,4.0,1.0
1494450184185516519,54,1494450184242194428,,/keyop_vel_smoother_1c4c8f77-2701-4e79-8e4a-337f5772753e,21bd5465-816b-4ae0-9d9f-781066196e5f,1,4.0,1.0
1494450184258797853,224,1494450184311853483,,/cmd_vel_mux_1b048a92-d775-4cf6-94e6-6273f69e5f0b,4e30b056-4db4-4b90-84a8-eb140f9b03f9,1,4.0,1.0
1494450184354824509,225,1494450184410250744,,/mobile_base_42a672ed-1deb-4e4c-990c-1c60891eff2e,2cff6056-892b-4e9a-b052-cde731698faf,1,4.0,1.0
1494450184427966982,55,1494450184479868007,,/cmd_vel_mux_1b048a92-d775-4cf6-94e6-6273f69e5f0b,203f2be6-92be-4791-b69f-46aa334944c9,1,4.0,1.0
1494450184558205449,59,1494450184611891097,,/mobile_base_42a672ed-1deb-4e4c-990c-1c60891eff2e,5fe201b6-0e33-4586-bdbb-3a06dedcd6aa,1,4.0,1.0
1494450184682031730,226,1494450184736698126,,/kobuki_safety_controller_8fd8deea-d982-4389-b1a0-e78970efbd97,bdce96b2-fed1-42b6-8c58-28b28baaebb6,1,4.0,1.0
1494450184888017103,55,1494450184941444202,,/kobuki_safety_controller_8fd8deea-d982-4389-b1a0-e78970efbd97,7e691695-e3f1-4c21-bfd8-2fa2627062c4,1,4.0,1.0
1494450185091996088,227,1494450185145852324,,/keyop_vel_smoother_1c4c8f77-2701-4e79-8e4a-337f5772753e,746ba034-66c2-48e9-a62f-70c49b797af0,1,4.0,1.0
1494450185191945088,55,1494450185244505332,,/keyop_vel_smoother_1c4c8f77-2701-4e79-8e4a-337f5772753e,21bd5465-816b-4ae0-9d9f-781066196e5f,1,4.0,1.0
1494450185255961618,228,1494450185311198163,,/cmd_vel_mux_1b048a92-d775-4cf6-94e6-6273f69e5f0b,4e30b056-4db4-4b90-84a8-eb140f9b03f9,1,4.0,1.0
1494450185355685272,229,1494450185410758206,,/mobile_base_42a672ed-1deb-4e4c-990c-1c60891eff2e,2cff6056-892b-4e9a-b052-cde731698faf,1,4.0,1.0
1494450185428141899,56,1494450185483979938,,/cmd_vel_mux_1b048a92-d775-4cf6-94e6-6273f69e5f0b,203f2be6-92be-4791-b69f-46aa334944c9,1,4.0,1.0
1494450185561543246,60,1494450185614764248,,/mobile_base_42a672ed-1deb-4e4c-990c-1c60891eff2e,5fe201b6-0e33-4586-bdbb-3a06dedcd6aa,1,4.0,1.0
1494450185680779013,230,1494450185736320722,,/kobuki_safety_controller_8fd8deea-d982-4389-b1a0-e78970efbd97,bdce96b2-fed1-42b6-8c58-28b28baaebb6,1,4.0,1.0
1494450185889006979,56,1494450185943638985,,/kobuki_safety_controller_8fd8deea-d982-4389-b1a0-e78970efbd97,7e691695-e3f1-4c21-bfd8-2fa2627062c4,1,4.0,1.0
1494450186093364164,231,1494450186145434630,,/keyop_vel_smoother_1c4c8f77-2701-4e79-8e4a-337f5772753e,746ba034-66c2-48e9-a62f-70c49b797af0,1,4.0,1.0
