%time,field.linear.x,field.linear.y,field.linear.z,field.angular.x,field.angular.y,field.angular.z
1494527470242523484,0.0,0.0,0.0,0.0,0.0,0.0
1494527470295900905,0.0,0.0,0.0,0.0,0.0,0.0
1494527470349067460,0.0,0.0,0.0,0.0,0.0,0.0
1494527470401186063,0.0,0.0,0.0,0.0,0.0,0.0
1494527470441765249,0.0,0.0,0.0,0.0,0.0,0.0
1494527470491452629,0.0,0.0,0.0,0.0,0.0,0.0
1494527473392069240,0.05,0.0,0.0,0.0,0.0,0.0
1494527473442223372,0.05,0.0,0.0,0.0,0.0,0.0
1494527473493388090,0.05,0.0,0.0,0.0,0.0,0.0
1494527473542609717,0.05,0.0,0.0,0.0,0.0,0.0
1494527473610936897,0.05,0.0,0.0,0.0,0.0,0.0
1494527473649755902,0.1,0.0,0.0,0.0,0.0,0.0
1494527473694472290,0.1,0.0,0.0,0.0,0.0,0.0
1494527473741522731,0.1,0.0,0.0,0.0,0.0,0.0
1494527473792217089,0.15,0.0,0.0,0.0,0.0,0.0
1494527473841607124,0.15,0.0,0.0,0.0,0.0,0.0
1494527473892247144,0.15,0.0,0.0,0.0,0.0,0.0
1494527473941648400,0.15,0.0,0.0,0.0,0.0,0.0
1494527473991907073,0.15,0.0,0.0,0.0,0.0,0.0
1494527474042530695,0.15,0.0,0.0,0.0,0.0,0.0
1494527474091946642,0.2,0.0,0.0,0.0,0.0,0.0
1494527474141900784,0.2,0.0,0.0,0.0,0.0,0.0
1494527474191559924,0.2,0.0,0.0,0.0,0.0,0.0
1494527474242170350,0.2,0.0,0.0,0.0,0.0,0.0
1494527474292318790,0.2,0.0,0.0,0.0,0.0,0.0
1494527474342305122,0.2,0.0,0.0,0.0,0.0,0.0
1494527474392382686,0.2,0.0,0.0,0.0,0.0,0.0
1494527474441786090,0.2,0.0,0.0,0.0,0.0,0.0
1494527474493805132,0.2,0.0,0.0,0.0,0.0,0.0
1494527474541744102,0.2,0.0,0.0,0.0,0.0,0.0
1494527474598634833,0.25,0.0,0.0,0.0,0.0,0.0
1494527474641449755,0.25,0.0,0.0,0.0,0.0,0.0
1494527474703516760,0.25,0.0,0.0,0.0,0.0,0.0
1494527474743115660,0.25,0.0,0.0,0.0,0.0,0.0
1494527474791236646,0.3,0.0,0.0,0.0,0.0,0.0
1494527474841806493,0.3,0.0,0.0,0.0,0.0,0.0
1494527474891216466,0.3,0.0,0.0,0.0,0.0,0.0
1494527474941610912,0.3,0.0,0.0,0.0,0.0,0.0
1494527474992410051,0.3,0.0,0.0,0.0,0.0,0.0
1494527475042475866,0.3,0.0,0.0,0.0,0.0,0.0
1494527475091885887,0.35,0.0,0.0,0.0,0.0,0.0
1494527475141722372,0.35,0.0,0.0,0.0,0.0,0.0
1494527475193638284,0.35,0.0,0.0,0.0,0.0,0.0
1494527475241661173,0.35,0.0,0.0,0.0,0.0,0.0
1494527475291836294,0.35,0.0,0.0,0.0,0.0,0.0
1494527475355410691,0.35,0.0,0.0,0.0,0.0,0.0
1494527475391261307,0.35,0.0,0.0,0.0,0.0,0.0
1494527475441619583,0.35,0.0,0.0,0.0,0.0,0.0
1494527475498243272,0.35,0.0,0.0,0.0,0.0,-0.33
1494527475542886487,0.35,0.0,0.0,0.0,0.0,-0.33
1494527475591127125,0.35,0.0,0.0,0.0,0.0,-0.33
1494527475644416355,0.35,0.0,0.0,0.0,0.0,-0.33
1494527475692132247,0.35,0.0,0.0,0.0,0.0,-0.33
1494527475741954643,0.35,0.0,0.0,0.0,0.0,-0.33
1494527475791099763,0.35,0.0,0.0,0.0,0.0,-0.33
1494527475849183028,0.35,0.0,0.0,0.0,0.0,-0.33
1494527475891417643,0.35,0.0,0.0,0.0,0.0,-0.33
1494527475976504744,0.35,0.0,0.0,0.0,0.0,-0.33
1494527475992588856,0.35,0.0,0.0,0.0,0.0,-0.33
1494527476041633250,0.35,0.0,0.0,0.0,0.0,-0.33
1494527476091430680,0.35,0.0,0.0,0.0,0.0,-0.33
1494527476142224904,0.35,0.0,0.0,0.0,0.0,-0.33
1494527476193055250,0.35,0.0,0.0,0.0,0.0,-0.33
1494527476241632725,0.35,0.0,0.0,0.0,0.0,-0.33
1494527476291827117,0.35,0.0,0.0,0.0,0.0,-0.33
1494527476341376774,0.35,0.0,0.0,0.0,0.0,-0.33
1494527476391170173,0.35,0.0,0.0,0.0,0.0,-0.33
1494527476441856787,0.35,0.0,0.0,0.0,0.0,-0.33
1494527476491737703,0.35,0.0,0.0,0.0,0.0,-0.33
1494527476543363943,0.35,0.0,0.0,0.0,0.0,-0.33
1494527476592621242,0.35,0.0,0.0,0.0,0.0,-0.33
1494527476644176574,0.35,0.0,0.0,0.0,0.0,-0.33
1494527476691424712,0.35,0.0,0.0,0.0,0.0,-0.33
1494527476746710102,0.35,0.0,0.0,0.0,0.0,-0.33
1494527476791238280,0.35,0.0,0.0,0.0,0.0,-0.33
1494527476841245419,0.35,0.0,0.0,0.0,0.0,-0.33
1494527476892657919,0.35,0.0,0.0,0.0,0.0,-0.33
1494527476941866092,0.35,0.0,0.0,0.0,0.0,-0.33
1494527476991358382,0.35,0.0,0.0,0.0,0.0,-0.66
1494527477041945077,0.35,0.0,0.0,0.0,0.0,-0.66
1494527477094618783,0.35,0.0,0.0,0.0,0.0,-0.66
1494527477142037044,0.35,0.0,0.0,0.0,0.0,-0.66
1494527477192741257,0.35,0.0,0.0,0.0,0.0,-0.66
1494527477241728851,0.35,0.0,0.0,0.0,0.0,-0.66
1494527477295004956,0.35,0.0,0.0,0.0,0.0,-0.99
1494527477362111034,0.35,0.0,0.0,0.0,0.0,-0.99
1494527477392619046,0.35,0.0,0.0,0.0,0.0,-0.99
1494527477469834708,0.35,0.0,0.0,0.0,0.0,-0.99
1494527477491663530,0.35,0.0,0.0,0.0,0.0,-0.99
1494527477543416758,0.35,0.0,0.0,0.0,0.0,-0.99
1494527477594487984,0.35,0.0,0.0,0.0,0.0,-0.99
1494527477641605702,0.35,0.0,0.0,0.0,0.0,-0.99
1494527477692692385,0.35,0.0,0.0,0.0,0.0,-0.66
1494527477742000732,0.35,0.0,0.0,0.0,0.0,-0.66
1494527477791172278,0.35,0.0,0.0,0.0,0.0,-0.66
1494527477843322212,0.35,0.0,0.0,0.0,0.0,-0.66
1494527477891773099,0.35,0.0,0.0,0.0,0.0,-0.66
1494527477941873021,0.35,0.0,0.0,0.0,0.0,-0.66
1494527477992267081,0.35,0.0,0.0,0.0,0.0,-0.66
1494527478041552416,0.35,0.0,0.0,0.0,0.0,-0.66
1494527478093466313,0.35,0.0,0.0,0.0,0.0,-0.66
1494527478141830970,0.35,0.0,0.0,0.0,0.0,-0.66
1494527478191637321,0.4,0.0,0.0,0.0,0.0,-0.66
1494527478242912674,0.4,0.0,0.0,0.0,0.0,-0.66
1494527478291319718,0.4,0.0,0.0,0.0,0.0,-0.66
1494527478342805175,0.4,0.0,0.0,0.0,0.0,-0.66
1494527478399059477,0.4,0.0,0.0,0.0,0.0,-0.33
1494527478441859995,0.4,0.0,0.0,0.0,0.0,-0.33
1494527478493951895,0.4,0.0,0.0,0.0,0.0,-0.33
1494527478541669050,0.4,0.0,0.0,0.0,0.0,-0.33
1494527478593621716,0.4,0.0,0.0,0.0,0.0,1.11022302463e-16
1494527478643520724,0.4,0.0,0.0,0.0,0.0,1.11022302463e-16
1494527478694676431,0.4,0.0,0.0,0.0,0.0,1.11022302463e-16
1494527478742958851,0.4,0.0,0.0,0.0,0.0,1.11022302463e-16
1494527478796675408,0.4,0.0,0.0,0.0,0.0,1.11022302463e-16
1494527478841456411,0.4,0.0,0.0,0.0,0.0,1.11022302463e-16
1494527478891863409,0.4,0.0,0.0,0.0,0.0,1.11022302463e-16
1494527478949596962,0.4,0.0,0.0,0.0,0.0,1.11022302463e-16
1494527478999790133,0.4,0.0,0.0,0.0,0.0,1.11022302463e-16
1494527479042330383,0.4,0.0,0.0,0.0,0.0,1.11022302463e-16
1494527479108176709,0.4,0.0,0.0,0.0,0.0,1.11022302463e-16
1494527479141578834,0.4,0.0,0.0,0.0,0.0,1.11022302463e-16
1494527479197886883,0.4,0.0,0.0,0.0,0.0,1.11022302463e-16
1494527479253497465,0.4,0.0,0.0,0.0,0.0,1.11022302463e-16
1494527479292815547,0.4,0.0,0.0,0.0,0.0,1.11022302463e-16
1494527479343105295,0.4,0.0,0.0,0.0,0.0,1.11022302463e-16
1494527479394723448,0.4,0.0,0.0,0.0,0.0,1.11022302463e-16
1494527479445457380,0.4,0.0,0.0,0.0,0.0,1.11022302463e-16
1494527479493551602,0.4,0.0,0.0,0.0,0.0,1.11022302463e-16
1494527479541385870,0.4,0.0,0.0,0.0,0.0,1.11022302463e-16
1494527479593102102,0.4,0.0,0.0,0.0,0.0,1.11022302463e-16
1494527479660614907,0.4,0.0,0.0,0.0,0.0,1.11022302463e-16
1494527479692303425,0.4,0.0,0.0,0.0,0.0,1.11022302463e-16
1494527479741420373,0.4,0.0,0.0,0.0,0.0,1.11022302463e-16
1494527479793042194,0.4,0.0,0.0,0.0,0.0,1.11022302463e-16
1494527479843243508,0.4,0.0,0.0,0.0,0.0,1.11022302463e-16
1494527479894621559,0.4,0.0,0.0,0.0,0.0,1.11022302463e-16
1494527479941705591,0.4,0.0,0.0,0.0,0.0,1.11022302463e-16
1494527479994022220,0.4,0.0,0.0,0.0,0.0,1.11022302463e-16
1494527480041452435,0.4,0.0,0.0,0.0,0.0,1.11022302463e-16
1494527480093289999,0.45,0.0,0.0,0.0,0.0,1.11022302463e-16
1494527480142161669,0.45,0.0,0.0,0.0,0.0,1.11022302463e-16
1494527480192930785,0.45,0.0,0.0,0.0,0.0,1.11022302463e-16
1494527480241487557,0.45,0.0,0.0,0.0,0.0,1.11022302463e-16
1494527480291340073,0.45,0.0,0.0,0.0,0.0,1.11022302463e-16
1494527480346398564,0.45,0.0,0.0,0.0,0.0,1.11022302463e-16
1494527480391993096,0.45,0.0,0.0,0.0,0.0,1.11022302463e-16
1494527480441388530,0.45,0.0,0.0,0.0,0.0,1.11022302463e-16
1494527480492040089,0.45,0.0,0.0,0.0,0.0,1.11022302463e-16
1494527480541662285,0.45,0.0,0.0,0.0,0.0,1.11022302463e-16
1494527480592184671,0.45,0.0,0.0,0.0,0.0,1.11022302463e-16
1494527480642098720,0.45,0.0,0.0,0.0,0.0,1.11022302463e-16
1494527480692764378,0.45,0.0,0.0,0.0,0.0,1.11022302463e-16
1494527480743255695,0.45,0.0,0.0,0.0,0.0,1.11022302463e-16
1494527480798481746,0.45,0.0,0.0,0.0,0.0,1.11022302463e-16
1494527480844149987,0.45,0.0,0.0,0.0,0.0,1.11022302463e-16
1494527480891442399,0.45,0.0,0.0,0.0,0.0,1.11022302463e-16
1494527480944961792,0.45,0.0,0.0,0.0,0.0,1.11022302463e-16
1494527480992004530,0.45,0.0,0.0,0.0,0.0,1.11022302463e-16
1494527481041278951,0.45,0.0,0.0,0.0,0.0,1.11022302463e-16
1494527481091515459,0.45,0.0,0.0,0.0,0.0,1.11022302463e-16
1494527481141533438,0.45,0.0,0.0,0.0,0.0,1.11022302463e-16
1494527481192502711,0.45,0.0,0.0,0.0,0.0,1.11022302463e-16
1494527481241269821,0.45,0.0,0.0,0.0,0.0,1.11022302463e-16
1494527481291710964,0.45,0.0,0.0,0.0,0.0,1.11022302463e-16
1494527481341937652,0.45,0.0,0.0,0.0,0.0,1.11022302463e-16
1494527481391473329,0.4,0.0,0.0,0.0,0.0,1.11022302463e-16
1494527481444340468,0.4,0.0,0.0,0.0,0.0,1.11022302463e-16
1494527481491675316,0.4,0.0,0.0,0.0,0.0,1.11022302463e-16
1494527481541572116,0.4,0.0,0.0,0.0,0.0,1.11022302463e-16
1494527481592217321,0.35,0.0,0.0,0.0,0.0,1.11022302463e-16
1494527481641582243,0.35,0.0,0.0,0.0,0.0,1.11022302463e-16
1494527481692173509,0.3,0.0,0.0,0.0,0.0,1.11022302463e-16
1494527481742185454,0.3,0.0,0.0,0.0,0.0,1.11022302463e-16
1494527481792420364,0.3,0.0,0.0,0.0,0.0,1.11022302463e-16
1494527481843948892,0.3,0.0,0.0,0.0,0.0,1.11022302463e-16
1494527481891339682,0.3,0.0,0.0,0.0,0.0,1.11022302463e-16
1494527481941445111,0.3,0.0,0.0,0.0,0.0,1.11022302463e-16
1494527481994011168,0.3,0.0,0.0,0.0,0.0,-0.33
1494527482041634989,0.3,0.0,0.0,0.0,0.0,-0.33
1494527482092600685,0.3,0.0,0.0,0.0,0.0,-0.33
1494527482141562620,0.3,0.0,0.0,0.0,0.0,-0.33
1494527482191548908,0.3,0.0,0.0,0.0,0.0,-0.33
1494527482241692929,0.3,0.0,0.0,0.0,0.0,-0.33
1494527482292037686,0.3,0.0,0.0,0.0,0.0,-0.66
1494527482341405368,0.3,0.0,0.0,0.0,0.0,-0.66
1494527482400644979,0.3,0.0,0.0,0.0,0.0,-0.66
1494527482452025929,0.3,0.0,0.0,0.0,0.0,-0.66
1494527482491928831,0.3,0.0,0.0,0.0,0.0,-0.99
1494527482556690030,0.3,0.0,0.0,0.0,0.0,-0.99
1494527482592359255,0.3,0.0,0.0,0.0,0.0,-0.99
1494527482642335311,0.3,0.0,0.0,0.0,0.0,-0.99
1494527482691422395,0.3,0.0,0.0,0.0,0.0,-1.32
1494527482750806490,0.3,0.0,0.0,0.0,0.0,-1.32
1494527482793432229,0.3,0.0,0.0,0.0,0.0,-1.32
1494527482841345833,0.3,0.0,0.0,0.0,0.0,-1.32
1494527482892089318,0.3,0.0,0.0,0.0,0.0,-1.32
1494527482946568121,0.3,0.0,0.0,0.0,0.0,-1.32
1494527482994512182,0.3,0.0,0.0,0.0,0.0,-1.32
1494527483048568926,0.3,0.0,0.0,0.0,0.0,-1.32
1494527483096896822,0.3,0.0,0.0,0.0,0.0,-1.32
1494527483143429945,0.3,0.0,0.0,0.0,0.0,-1.32
1494527483191531345,0.3,0.0,0.0,0.0,0.0,-1.32
1494527483241444778,0.3,0.0,0.0,0.0,0.0,-1.32
1494527483291634315,0.3,0.0,0.0,0.0,0.0,-1.32
1494527483343343951,0.3,0.0,0.0,0.0,0.0,-1.32
1494527483391556042,0.3,0.0,0.0,0.0,0.0,-1.32
1494527483442387764,0.3,0.0,0.0,0.0,0.0,-1.32
1494527483494356554,0.3,0.0,0.0,0.0,0.0,-1.32
1494527483542058090,0.3,0.0,0.0,0.0,0.0,-1.32
1494527483591552406,0.3,0.0,0.0,0.0,0.0,-0.99
1494527483641263201,0.3,0.0,0.0,0.0,0.0,-0.99
1494527483691839547,0.3,0.0,0.0,0.0,0.0,-0.66
1494527483744137726,0.3,0.0,0.0,0.0,0.0,-0.66
1494527483792340235,0.3,0.0,0.0,0.0,0.0,-0.66
1494527483841770698,0.3,0.0,0.0,0.0,0.0,-0.66
1494527483891484464,0.3,0.0,0.0,0.0,0.0,-0.66
1494527483942117137,0.3,0.0,0.0,0.0,0.0,-0.66
1494527483992297212,0.3,0.0,0.0,0.0,0.0,-0.33
1494527484041244388,0.3,0.0,0.0,0.0,0.0,-0.33
1494527484091392256,0.3,0.0,0.0,0.0,0.0,-0.33
1494527484143847858,0.3,0.0,0.0,0.0,0.0,-0.33
1494527484191678179,0.3,0.0,0.0,0.0,0.0,-0.33
1494527484249144585,0.3,0.0,0.0,0.0,0.0,-0.33
1494527484291434559,0.3,0.0,0.0,0.0,0.0,1.11022302463e-16
1494527484343871709,0.3,0.0,0.0,0.0,0.0,1.11022302463e-16
1494527484391602012,0.3,0.0,0.0,0.0,0.0,1.11022302463e-16
1494527484441773247,0.3,0.0,0.0,0.0,0.0,1.11022302463e-16
1494527484491682956,0.3,0.0,0.0,0.0,0.0,1.11022302463e-16
1494527484541244405,0.3,0.0,0.0,0.0,0.0,1.11022302463e-16
1494527484591352132,0.3,0.0,0.0,0.0,0.0,1.11022302463e-16
1494527484641092423,0.3,0.0,0.0,0.0,0.0,1.11022302463e-16
1494527484692077163,0.3,0.0,0.0,0.0,0.0,1.11022302463e-16
1494527484741098357,0.3,0.0,0.0,0.0,0.0,1.11022302463e-16
1494527484791286782,0.3,0.0,0.0,0.0,0.0,1.11022302463e-16
1494527484841683911,0.3,0.0,0.0,0.0,0.0,1.11022302463e-16
1494527484891630887,0.35,0.0,0.0,0.0,0.0,1.11022302463e-16
1494527484942744639,0.35,0.0,0.0,0.0,0.0,1.11022302463e-16
1494527484991282770,0.35,0.0,0.0,0.0,0.0,1.11022302463e-16
1494527485042751802,0.35,0.0,0.0,0.0,0.0,1.11022302463e-16
1494527485091746972,0.4,0.0,0.0,0.0,0.0,1.11022302463e-16
1494527485150940935,0.4,0.0,0.0,0.0,0.0,1.11022302463e-16
1494527485192299736,0.4,0.0,0.0,0.0,0.0,1.11022302463e-16
1494527485245854928,0.4,0.0,0.0,0.0,0.0,1.11022302463e-16
1494527485291644514,0.45,0.0,0.0,0.0,0.0,1.11022302463e-16
1494527485343239837,0.45,0.0,0.0,0.0,0.0,1.11022302463e-16
1494527485391506216,0.45,0.0,0.0,0.0,0.0,1.11022302463e-16
1494527485442447497,0.45,0.0,0.0,0.0,0.0,1.11022302463e-16
1494527485491946228,0.5,0.0,0.0,0.0,0.0,1.11022302463e-16
1494527485542116982,0.5,0.0,0.0,0.0,0.0,1.11022302463e-16
1494527485592732938,0.5,0.0,0.0,0.0,0.0,1.11022302463e-16
1494527485642159636,0.5,0.0,0.0,0.0,0.0,1.11022302463e-16
1494527485692009147,0.5,0.0,0.0,0.0,0.0,1.11022302463e-16
1494527485741415457,0.5,0.0,0.0,0.0,0.0,1.11022302463e-16
1494527485792428416,0.5,0.0,0.0,0.0,0.0,1.11022302463e-16
1494527485842300643,0.5,0.0,0.0,0.0,0.0,1.11022302463e-16
1494527485891496058,0.5,0.0,0.0,0.0,0.0,1.11022302463e-16
1494527485948483433,0.5,0.0,0.0,0.0,0.0,1.11022302463e-16
1494527485991985269,0.5,0.0,0.0,0.0,0.0,0.33
1494527486079750432,0.5,0.0,0.0,0.0,0.0,0.33
1494527486091689477,0.5,0.0,0.0,0.0,0.0,0.33
1494527486144334148,0.5,0.0,0.0,0.0,0.0,0.33
1494527486191634569,0.5,0.0,0.0,0.0,0.0,0.33
1494527486242925871,0.5,0.0,0.0,0.0,0.0,0.33
1494527486293634589,0.5,0.0,0.0,0.0,0.0,0.66
1494527486342165042,0.5,0.0,0.0,0.0,0.0,0.66
1494527486391310516,0.5,0.0,0.0,0.0,0.0,0.66
1494527486444134973,0.5,0.0,0.0,0.0,0.0,0.66
1494527486492950761,0.5,0.0,0.0,0.0,0.0,0.66
1494527486541368972,0.5,0.0,0.0,0.0,0.0,0.66
1494527486592536041,0.5,0.0,0.0,0.0,0.0,0.33
1494527486644313811,0.5,0.0,0.0,0.0,0.0,0.33
1494527486692618638,0.5,0.0,0.0,0.0,0.0,0.33
1494527486751025513,0.5,0.0,0.0,0.0,0.0,0.33
1494527486800732609,0.5,0.0,0.0,0.0,0.0,1.11022302463e-16
1494527486842282898,0.5,0.0,0.0,0.0,0.0,1.11022302463e-16
1494527486891378586,0.5,0.0,0.0,0.0,0.0,1.11022302463e-16
1494527486943462748,0.5,0.0,0.0,0.0,0.0,1.11022302463e-16
1494527486994147436,0.5,0.0,0.0,0.0,0.0,1.11022302463e-16
1494527487042365333,0.5,0.0,0.0,0.0,0.0,1.11022302463e-16
1494527487092167494,0.5,0.0,0.0,0.0,0.0,-0.33
1494527487143441125,0.5,0.0,0.0,0.0,0.0,-0.33
1494527487193691220,0.5,0.0,0.0,0.0,0.0,-0.33
1494527487244336644,0.5,0.0,0.0,0.0,0.0,-0.33
1494527487293835000,0.5,0.0,0.0,0.0,0.0,-0.66
1494527487346612007,0.5,0.0,0.0,0.0,0.0,-0.66
1494527487396277248,0.5,0.0,0.0,0.0,0.0,-0.66
1494527487443001110,0.5,0.0,0.0,0.0,0.0,-0.66
1494527487491482658,0.5,0.0,0.0,0.0,0.0,-0.99
1494527487548912424,0.5,0.0,0.0,0.0,0.0,-0.99
1494527487608336081,0.5,0.0,0.0,0.0,0.0,-1.32
1494527487642154806,0.5,0.0,0.0,0.0,0.0,-1.32
1494527487691186661,0.5,0.0,0.0,0.0,0.0,-1.32
1494527487742543594,0.5,0.0,0.0,0.0,0.0,-1.32
1494527487791488325,0.5,0.0,0.0,0.0,0.0,-1.32
1494527487843806169,0.5,0.0,0.0,0.0,0.0,-1.32
1494527487891468496,0.5,0.0,0.0,0.0,0.0,-1.32
1494527487944577418,0.5,0.0,0.0,0.0,0.0,-1.32
1494527487993349324,0.5,0.0,0.0,0.0,0.0,-1.32
1494527488058389440,0.5,0.0,0.0,0.0,0.0,-1.32
1494527488094725687,0.5,0.0,0.0,0.0,0.0,-1.32
1494527488141810383,0.5,0.0,0.0,0.0,0.0,-1.32
1494527488192177825,0.5,0.0,0.0,0.0,0.0,-1.32
1494527488242227288,0.5,0.0,0.0,0.0,0.0,-1.32
1494527488292278155,0.5,0.0,0.0,0.0,0.0,-1.32
1494527488344721671,0.5,0.0,0.0,0.0,0.0,-1.32
1494527488391429777,0.5,0.0,0.0,0.0,0.0,-1.32
1494527488444238593,0.5,0.0,0.0,0.0,0.0,-1.32
1494527488491472873,0.5,0.0,0.0,0.0,0.0,-1.32
1494527488541788921,0.5,0.0,0.0,0.0,0.0,-1.32
1494527488591549765,0.5,0.0,0.0,0.0,0.0,-0.99
1494527488642320569,0.5,0.0,0.0,0.0,0.0,-0.99
1494527488691494862,0.5,0.0,0.0,0.0,0.0,-0.99
1494527488742505205,0.5,0.0,0.0,0.0,0.0,-0.99
1494527488792561094,0.5,0.0,0.0,0.0,0.0,-0.66
1494527488841318019,0.5,0.0,0.0,0.0,0.0,-0.66
1494527488891300177,0.5,0.0,0.0,0.0,0.0,-0.66
1494527488941771488,0.5,0.0,0.0,0.0,0.0,-0.66
1494527488996493120,0.5,0.0,0.0,0.0,0.0,-0.66
1494527489042255149,0.5,0.0,0.0,0.0,0.0,-0.66
1494527489091486649,0.5,0.0,0.0,0.0,0.0,-0.33
1494527489141592022,0.5,0.0,0.0,0.0,0.0,-0.33
1494527489191278526,0.5,0.0,0.0,0.0,0.0,-0.33
1494527489242805129,0.5,0.0,0.0,0.0,0.0,-0.33
1494527489291199333,0.5,0.0,0.0,0.0,0.0,-0.33
1494527489344743119,0.5,0.0,0.0,0.0,0.0,-0.33
1494527489391341729,0.5,0.0,0.0,0.0,0.0,-0.33
1494527489441990057,0.5,0.0,0.0,0.0,0.0,-0.33
1494527489491585187,0.5,0.0,0.0,0.0,0.0,-0.33
1494527489541433467,0.5,0.0,0.0,0.0,0.0,-0.33
1494527489592374031,0.5,0.0,0.0,0.0,0.0,-0.33
1494527489655187673,0.5,0.0,0.0,0.0,0.0,-0.33
1494527489691313512,0.5,0.0,0.0,0.0,0.0,-0.33
1494527489741507272,0.5,0.0,0.0,0.0,0.0,-0.33
1494527489791373973,0.5,0.0,0.0,0.0,0.0,-0.33
1494527489841663597,0.5,0.0,0.0,0.0,0.0,-0.33
1494527489891651504,0.5,0.0,0.0,0.0,0.0,-0.33
1494527489941525090,0.5,0.0,0.0,0.0,0.0,-0.33
1494527489992815886,0.5,0.0,0.0,0.0,0.0,-0.33
1494527490041995138,0.5,0.0,0.0,0.0,0.0,-0.33
1494527490092781106,0.5,0.0,0.0,0.0,0.0,-0.33
1494527490142941914,0.5,0.0,0.0,0.0,0.0,-0.33
1494527490191466756,0.5,0.0,0.0,0.0,0.0,-0.33
1494527490241616380,0.5,0.0,0.0,0.0,0.0,-0.33
1494527490291508335,0.5,0.0,0.0,0.0,0.0,-0.33
1494527490341622102,0.5,0.0,0.0,0.0,0.0,-0.33
1494527490391654531,0.5,0.0,0.0,0.0,0.0,-0.33
1494527490441499995,0.5,0.0,0.0,0.0,0.0,-0.33
1494527490491850059,0.5,0.0,0.0,0.0,0.0,-0.33
1494527490541709328,0.5,0.0,0.0,0.0,0.0,-0.33
1494527490591254784,0.5,0.0,0.0,0.0,0.0,-0.33
1494527490641507459,0.5,0.0,0.0,0.0,0.0,-0.33
1494527490691588896,0.5,0.0,0.0,0.0,0.0,-0.33
1494527490741621654,0.5,0.0,0.0,0.0,0.0,-0.33
1494527490791206781,0.5,0.0,0.0,0.0,0.0,-0.33
1494527490841743638,0.5,0.0,0.0,0.0,0.0,-0.33
1494527490892089462,0.5,0.0,0.0,0.0,0.0,-0.66
1494527490942325216,0.5,0.0,0.0,0.0,0.0,-0.66
1494527490991985064,0.5,0.0,0.0,0.0,0.0,-0.66
1494527491041579983,0.5,0.0,0.0,0.0,0.0,-0.66
1494527491091328337,0.5,0.0,0.0,0.0,0.0,-0.99
1494527491147228922,0.5,0.0,0.0,0.0,0.0,-0.99
1494527491191503500,0.5,0.0,0.0,0.0,0.0,-0.99
1494527491241455185,0.5,0.0,0.0,0.0,0.0,-0.99
1494527491291688865,0.5,0.0,0.0,0.0,0.0,-0.99
1494527491342132886,0.5,0.0,0.0,0.0,0.0,-0.99
1494527491392401380,0.5,0.0,0.0,0.0,0.0,-0.99
1494527491441268247,0.5,0.0,0.0,0.0,0.0,-0.99
1494527491492825336,0.5,0.0,0.0,0.0,0.0,-0.66
1494527491547019185,0.5,0.0,0.0,0.0,0.0,-0.66
1494527491594750772,0.5,0.0,0.0,0.0,0.0,-0.66
1494527491641783932,0.5,0.0,0.0,0.0,0.0,-0.66
1494527491691311654,0.5,0.0,0.0,0.0,0.0,-0.66
1494527491741449634,0.5,0.0,0.0,0.0,0.0,-0.66
1494527491791612863,0.5,0.0,0.0,0.0,0.0,-0.66
1494527491841687789,0.5,0.0,0.0,0.0,0.0,-0.66
1494527491893954880,0.5,0.0,0.0,0.0,0.0,-0.33
1494527491941637555,0.5,0.0,0.0,0.0,0.0,-0.33
1494527491992347081,0.5,0.0,0.0,0.0,0.0,-0.33
1494527492041564940,0.5,0.0,0.0,0.0,0.0,-0.33
1494527492091483544,0.5,0.0,0.0,0.0,0.0,-0.33
1494527492147417407,0.5,0.0,0.0,0.0,0.0,-0.33
1494527492194909830,0.5,0.0,0.0,0.0,0.0,1.11022302463e-16
1494527492244665642,0.5,0.0,0.0,0.0,0.0,1.11022302463e-16
1494527492291453829,0.5,0.0,0.0,0.0,0.0,1.11022302463e-16
1494527492341812614,0.5,0.0,0.0,0.0,0.0,1.11022302463e-16
1494527492418309110,0.5,0.0,0.0,0.0,0.0,1.11022302463e-16
1494527492444141431,0.5,0.0,0.0,0.0,0.0,1.11022302463e-16
1494527492491797491,0.45,0.0,0.0,0.0,0.0,1.11022302463e-16
1494527492541497583,0.45,0.0,0.0,0.0,0.0,1.11022302463e-16
1494527492591412603,0.45,0.0,0.0,0.0,0.0,1.11022302463e-16
1494527492642422834,0.45,0.0,0.0,0.0,0.0,1.11022302463e-16
1494527492694308671,0.45,0.0,0.0,0.0,0.0,1.11022302463e-16
1494527492742136798,0.45,0.0,0.0,0.0,0.0,1.11022302463e-16
1494527492792266681,0.45,0.0,0.0,0.0,0.0,1.11022302463e-16
1494527492843720306,0.45,0.0,0.0,0.0,0.0,1.11022302463e-16
1494527492891365557,0.45,0.0,0.0,0.0,0.0,1.11022302463e-16
1494527492941540202,0.45,0.0,0.0,0.0,0.0,1.11022302463e-16
1494527492996025098,0.45,0.0,0.0,0.0,0.0,1.11022302463e-16
1494527493043751370,0.45,0.0,0.0,0.0,0.0,1.11022302463e-16
1494527493092980845,0.45,0.0,0.0,0.0,0.0,1.11022302463e-16
1494527493141682903,0.45,0.0,0.0,0.0,0.0,1.11022302463e-16
1494527493196159114,0.45,0.0,0.0,0.0,0.0,-0.33
1494527493241546976,0.45,0.0,0.0,0.0,0.0,-0.33
1494527493292218216,0.45,0.0,0.0,0.0,0.0,-0.33
1494527493342236286,0.45,0.0,0.0,0.0,0.0,-0.33
1494527493394961635,0.45,0.0,0.0,0.0,0.0,-0.33
1494527493441551112,0.45,0.0,0.0,0.0,0.0,-0.33
1494527493492404909,0.45,0.0,0.0,0.0,0.0,-0.66
1494527493543420999,0.45,0.0,0.0,0.0,0.0,-0.66
1494527493591430726,0.45,0.0,0.0,0.0,0.0,-0.66
1494527493643570120,0.45,0.0,0.0,0.0,0.0,-0.66
1494527493691494294,0.45,0.0,0.0,0.0,0.0,-0.99
1494527493745061217,0.45,0.0,0.0,0.0,0.0,-0.99
1494527493793785644,0.45,0.0,0.0,0.0,0.0,-0.99
1494527493841677376,0.45,0.0,0.0,0.0,0.0,-0.99
1494527493891569951,0.45,0.0,0.0,0.0,0.0,-0.99
1494527493941704978,0.45,0.0,0.0,0.0,0.0,-0.99
1494527493996552110,0.45,0.0,0.0,0.0,0.0,-0.99
1494527494042739548,0.45,0.0,0.0,0.0,0.0,-0.99
1494527494093551503,0.45,0.0,0.0,0.0,0.0,-0.99
1494527494141707075,0.45,0.0,0.0,0.0,0.0,-0.99
1494527494192889970,0.45,0.0,0.0,0.0,0.0,-0.99
1494527494241552913,0.45,0.0,0.0,0.0,0.0,-0.99
1494527494293488858,0.45,0.0,0.0,0.0,0.0,-1.32
1494527494341294465,0.45,0.0,0.0,0.0,0.0,-1.32
1494527494394897024,0.45,0.0,0.0,0.0,0.0,-1.32
1494527494441466647,0.45,0.0,0.0,0.0,0.0,-1.32
1494527494491743290,0.45,0.0,0.0,0.0,0.0,-1.32
1494527494551319102,0.45,0.0,0.0,0.0,0.0,-1.32
1494527494598327745,0.45,0.0,0.0,0.0,0.0,-1.32
1494527494642481273,0.45,0.0,0.0,0.0,0.0,-1.32
1494527494692676505,0.45,0.0,0.0,0.0,0.0,-1.32
1494527494741937620,0.45,0.0,0.0,0.0,0.0,-1.32
1494527494795200166,0.45,0.0,0.0,0.0,0.0,-1.32
1494527494841641908,0.45,0.0,0.0,0.0,0.0,-1.32
1494527494895986737,0.45,0.0,0.0,0.0,0.0,-1.32
1494527494941289855,0.45,0.0,0.0,0.0,0.0,-1.32
1494527494993880386,0.45,0.0,0.0,0.0,0.0,-1.32
1494527495041464184,0.45,0.0,0.0,0.0,0.0,-1.32
1494527495093069765,0.45,0.0,0.0,0.0,0.0,-1.32
1494527495141642647,0.45,0.0,0.0,0.0,0.0,-1.32
1494527495192249917,0.45,0.0,0.0,0.0,0.0,-1.32
1494527495244552327,0.45,0.0,0.0,0.0,0.0,-1.32
1494527495296839474,0.45,0.0,0.0,0.0,0.0,-1.32
1494527495342523816,0.45,0.0,0.0,0.0,0.0,-1.32
1494527495393550126,0.45,0.0,0.0,0.0,0.0,-1.32
1494527495451198320,0.45,0.0,0.0,0.0,0.0,-1.32
1494527495492640539,0.45,0.0,0.0,0.0,0.0,-1.32
1494527495541476877,0.45,0.0,0.0,0.0,0.0,-1.32
1494527495594125377,0.45,0.0,0.0,0.0,0.0,-1.32
1494527495642433961,0.45,0.0,0.0,0.0,0.0,-1.32
1494527495692522587,0.45,0.0,0.0,0.0,0.0,-1.32
1494527495742127322,0.45,0.0,0.0,0.0,0.0,-1.32
1494527495793616374,0.45,0.0,0.0,0.0,0.0,-1.32
1494527495841600619,0.45,0.0,0.0,0.0,0.0,-1.32
1494527495895368965,0.45,0.0,0.0,0.0,0.0,-1.32
1494527495941439508,0.45,0.0,0.0,0.0,0.0,-1.32
1494527495992335502,0.45,0.0,0.0,0.0,0.0,-0.99
1494527496041148443,0.45,0.0,0.0,0.0,0.0,-0.99
1494527496091652459,0.45,0.0,0.0,0.0,0.0,-0.99
1494527496150116917,0.45,0.0,0.0,0.0,0.0,-0.99
1494527496191797266,0.45,0.0,0.0,0.0,0.0,-0.99
1494527496241544851,0.45,0.0,0.0,0.0,0.0,-0.99
1494527496297132824,0.45,0.0,0.0,0.0,0.0,-0.66
1494527496341983707,0.45,0.0,0.0,0.0,0.0,-0.66
1494527496394624720,0.45,0.0,0.0,0.0,0.0,-0.33
1494527496447389984,0.45,0.0,0.0,0.0,0.0,-0.33
1494527496492038344,0.45,0.0,0.0,0.0,0.0,-0.33
1494527496542047687,0.45,0.0,0.0,0.0,0.0,-0.33
1494527496596137953,0.45,0.0,0.0,0.0,0.0,1.11022302463e-16
1494527496642442011,0.45,0.0,0.0,0.0,0.0,1.11022302463e-16
1494527496693162355,0.45,0.0,0.0,0.0,0.0,1.11022302463e-16
1494527496741463007,0.45,0.0,0.0,0.0,0.0,1.11022302463e-16
1494527496791290991,0.45,0.0,0.0,0.0,0.0,1.11022302463e-16
1494527496853821872,0.45,0.0,0.0,0.0,0.0,1.11022302463e-16
1494527496895473008,0.45,0.0,0.0,0.0,0.0,1.11022302463e-16
1494527496943173319,0.45,0.0,0.0,0.0,0.0,1.11022302463e-16
1494527497003019174,0.45,0.0,0.0,0.0,0.0,1.11022302463e-16
1494527497045634074,0.45,0.0,0.0,0.0,0.0,1.11022302463e-16
1494527497091763491,0.45,0.0,0.0,0.0,0.0,0.33
1494527497141620761,0.45,0.0,0.0,0.0,0.0,0.33
1494527497191430224,0.45,0.0,0.0,0.0,0.0,0.33
1494527497241640107,0.45,0.0,0.0,0.0,0.0,0.33
1494527497291532919,0.45,0.0,0.0,0.0,0.0,0.66
1494527497341241745,0.45,0.0,0.0,0.0,0.0,0.66
1494527497391303025,0.45,0.0,0.0,0.0,0.0,0.66
1494527497446370256,0.45,0.0,0.0,0.0,0.0,0.66
1494527497491257118,0.45,0.0,0.0,0.0,0.0,0.66
1494527497541319304,0.45,0.0,0.0,0.0,0.0,0.66
1494527497591369138,0.45,0.0,0.0,0.0,0.0,0.66
1494527497641678731,0.45,0.0,0.0,0.0,0.0,0.66
1494527497691481595,0.45,0.0,0.0,0.0,0.0,0.66
1494527497741501294,0.45,0.0,0.0,0.0,0.0,0.66
1494527497792788246,0.45,0.0,0.0,0.0,0.0,0.66
1494527497843843888,0.45,0.0,0.0,0.0,0.0,0.66
1494527497891962340,0.45,0.0,0.0,0.0,0.0,0.66
1494527497943810958,0.45,0.0,0.0,0.0,0.0,0.66
1494527497992296371,0.45,0.0,0.0,0.0,0.0,0.66
1494527498047276760,0.45,0.0,0.0,0.0,0.0,0.66
1494527498091417751,0.45,0.0,0.0,0.0,0.0,0.66
1494527498141572719,0.45,0.0,0.0,0.0,0.0,0.66
1494527498191414563,0.45,0.0,0.0,0.0,0.0,0.66
1494527498241813173,0.45,0.0,0.0,0.0,0.0,0.66
1494527498291519827,0.45,0.0,0.0,0.0,0.0,0.99
1494527498341228762,0.45,0.0,0.0,0.0,0.0,0.99
1494527498392212210,0.45,0.0,0.0,0.0,0.0,0.99
1494527498441271619,0.45,0.0,0.0,0.0,0.0,0.99
1494527498492113454,0.45,0.0,0.0,0.0,0.0,1.32
1494527498541700657,0.45,0.0,0.0,0.0,0.0,1.32
1494527498601395380,0.45,0.0,0.0,0.0,0.0,1.32
1494527498648695566,0.45,0.0,0.0,0.0,0.0,1.32
1494527498691369738,0.45,0.0,0.0,0.0,0.0,1.32
1494527498741216692,0.45,0.0,0.0,0.0,0.0,1.32
1494527498791467978,0.45,0.0,0.0,0.0,0.0,1.32
1494527498841679122,0.45,0.0,0.0,0.0,0.0,1.32
1494527498891665993,0.45,0.0,0.0,0.0,0.0,1.32
1494527498941565482,0.45,0.0,0.0,0.0,0.0,1.32
1494527498991545165,0.45,0.0,0.0,0.0,0.0,1.32
1494527499041433144,0.45,0.0,0.0,0.0,0.0,1.32
1494527499093436760,0.45,0.0,0.0,0.0,0.0,1.32
1494527499142204080,0.45,0.0,0.0,0.0,0.0,1.32
1494527499192110487,0.45,0.0,0.0,0.0,0.0,1.32
1494527499241374629,0.45,0.0,0.0,0.0,0.0,1.32
1494527499291886433,0.45,0.0,0.0,0.0,0.0,1.32
1494527499341980079,0.45,0.0,0.0,0.0,0.0,1.32
1494527499401019955,0.45,0.0,0.0,0.0,0.0,1.32
1494527499442047232,0.45,0.0,0.0,0.0,0.0,1.32
1494527499491695193,0.45,0.0,0.0,0.0,0.0,1.32
1494527499560819073,0.45,0.0,0.0,0.0,0.0,1.32
1494527499591285171,0.45,0.0,0.0,0.0,0.0,1.32
1494527499641350209,0.45,0.0,0.0,0.0,0.0,1.32
1494527499691470726,0.45,0.0,0.0,0.0,0.0,1.32
1494527499741274378,0.45,0.0,0.0,0.0,0.0,1.32
1494527499792850398,0.45,0.0,0.0,0.0,0.0,1.32
1494527499841630473,0.45,0.0,0.0,0.0,0.0,1.32
1494527499891939658,0.45,0.0,0.0,0.0,0.0,1.32
1494527499942225884,0.45,0.0,0.0,0.0,0.0,1.32
1494527499993686088,0.45,0.0,0.0,0.0,0.0,0.99
1494527500041526575,0.45,0.0,0.0,0.0,0.0,0.99
1494527500094755507,0.45,0.0,0.0,0.0,0.0,0.99
1494527500145267583,0.45,0.0,0.0,0.0,0.0,0.99
1494527500196722050,0.45,0.0,0.0,0.0,0.0,0.99
1494527500241660168,0.45,0.0,0.0,0.0,0.0,0.99
1494527500291939686,0.45,0.0,0.0,0.0,0.0,0.99
1494527500345915589,0.45,0.0,0.0,0.0,0.0,0.99
1494527500391430623,0.45,0.0,0.0,0.0,0.0,0.99
1494527500443167680,0.45,0.0,0.0,0.0,0.0,0.99
1494527500491432149,0.45,0.0,0.0,0.0,0.0,0.99
1494527500541827129,0.45,0.0,0.0,0.0,0.0,0.99
1494527500591548335,0.45,0.0,0.0,0.0,0.0,0.99
1494527500643377553,0.45,0.0,0.0,0.0,0.0,0.99
1494527500692296065,0.45,0.0,0.0,0.0,0.0,0.99
1494527500744811462,0.45,0.0,0.0,0.0,0.0,0.99
1494527500791427083,0.45,0.0,0.0,0.0,0.0,0.99
1494527500841413754,0.45,0.0,0.0,0.0,0.0,0.99
1494527500892314562,0.5,0.0,0.0,0.0,0.0,0.99
1494527500947892810,0.5,0.0,0.0,0.0,0.0,0.99
1494527500991647402,0.5,0.0,0.0,0.0,0.0,0.99
1494527501041129642,0.5,0.0,0.0,0.0,0.0,0.99
1494527501091442856,0.5,0.0,0.0,0.0,0.0,0.99
1494527501147287784,0.5,0.0,0.0,0.0,0.0,0.99
1494527501191993170,0.5,0.0,0.0,0.0,0.0,0.99
1494527501244611458,0.5,0.0,0.0,0.0,0.0,0.99
1494527501291695196,0.5,0.0,0.0,0.0,0.0,0.99
1494527501342867851,0.5,0.0,0.0,0.0,0.0,0.99
1494527501392048412,0.5,0.0,0.0,0.0,0.0,0.99
1494527501441800690,0.5,0.0,0.0,0.0,0.0,0.99
1494527501501093676,0.5,0.0,0.0,0.0,0.0,0.99
1494527501542131703,0.5,0.0,0.0,0.0,0.0,0.99
1494527501593044347,0.5,0.0,0.0,0.0,0.0,0.99
1494527501641968344,0.5,0.0,0.0,0.0,0.0,0.99
1494527501691481504,0.5,0.0,0.0,0.0,0.0,0.99
1494527501742557836,0.5,0.0,0.0,0.0,0.0,0.99
1494527501791858556,0.5,0.0,0.0,0.0,0.0,0.99
1494527501842007229,0.5,0.0,0.0,0.0,0.0,0.99
1494527501891303511,0.5,0.0,0.0,0.0,0.0,0.99
1494527501942051569,0.5,0.0,0.0,0.0,0.0,0.99
1494527501991437707,0.5,0.0,0.0,0.0,0.0,0.99
1494527502043914692,0.5,0.0,0.0,0.0,0.0,0.99
1494527502091346865,0.5,0.0,0.0,0.0,0.0,0.99
1494527502146596602,0.5,0.0,0.0,0.0,0.0,0.99
1494527502191554775,0.5,0.0,0.0,0.0,0.0,0.99
1494527502246650422,0.5,0.0,0.0,0.0,0.0,0.99
1494527502291547041,0.5,0.0,0.0,0.0,0.0,0.99
1494527502347192965,0.5,0.0,0.0,0.0,0.0,0.99
1494527502391289808,0.5,0.0,0.0,0.0,0.0,0.99
1494527502442172017,0.5,0.0,0.0,0.0,0.0,0.99
1494527502491360771,0.5,0.0,0.0,0.0,0.0,0.99
1494527502542552763,0.5,0.0,0.0,0.0,0.0,0.99
1494527502591670183,0.5,0.0,0.0,0.0,0.0,0.99
1494527502643912379,0.5,0.0,0.0,0.0,0.0,0.99
1494527502691425491,0.5,0.0,0.0,0.0,0.0,0.99
1494527502743449492,0.5,0.0,0.0,0.0,0.0,0.99
1494527502792818284,0.5,0.0,0.0,0.0,0.0,0.99
1494527502843692479,0.5,0.0,0.0,0.0,0.0,0.99
1494527502891601198,0.5,0.0,0.0,0.0,0.0,0.99
1494527502942684317,0.5,0.0,0.0,0.0,0.0,0.99
1494527502991621026,0.5,0.0,0.0,0.0,0.0,0.99
1494527503044458037,0.5,0.0,0.0,0.0,0.0,0.99
1494527503091371254,0.5,0.0,0.0,0.0,0.0,0.99
1494527503146098740,0.5,0.0,0.0,0.0,0.0,0.99
1494527503193803680,0.5,0.0,0.0,0.0,0.0,0.99
1494527503243594764,0.5,0.0,0.0,0.0,0.0,0.99
1494527503292437372,0.5,0.0,0.0,0.0,0.0,0.99
1494527503343219292,0.5,0.0,0.0,0.0,0.0,0.99
1494527503391214151,0.5,0.0,0.0,0.0,0.0,0.99
1494527503445075866,0.5,0.0,0.0,0.0,0.0,0.99
1494527503491549234,0.5,0.0,0.0,0.0,0.0,0.99
1494527503542104111,0.5,0.0,0.0,0.0,0.0,0.99
1494527503593783027,0.5,0.0,0.0,0.0,0.0,0.99
1494527503643396662,0.5,0.0,0.0,0.0,0.0,0.99
1494527503691429559,0.5,0.0,0.0,0.0,0.0,0.99
1494527503742395071,0.5,0.0,0.0,0.0,0.0,0.99
1494527503794681124,0.5,0.0,0.0,0.0,0.0,0.99
1494527503841515273,0.5,0.0,0.0,0.0,0.0,0.99
1494527503891206355,0.5,0.0,0.0,0.0,0.0,0.99
1494527503941851624,0.5,0.0,0.0,0.0,0.0,0.99
1494527503991208581,0.5,0.0,0.0,0.0,0.0,0.99
1494527504041683568,0.5,0.0,0.0,0.0,0.0,0.99
1494527504091859998,0.5,0.0,0.0,0.0,0.0,0.99
1494527504144322947,0.5,0.0,0.0,0.0,0.0,0.99
1494527504192164007,0.5,0.0,0.0,0.0,0.0,0.99
1494527504242004705,0.5,0.0,0.0,0.0,0.0,0.99
1494527504292391049,0.5,0.0,0.0,0.0,0.0,0.99
1494527504341407797,0.5,0.0,0.0,0.0,0.0,0.99
1494527504395673906,0.5,0.0,0.0,0.0,0.0,0.99
1494527504441869848,0.5,0.0,0.0,0.0,0.0,0.99
1494527504491374256,0.5,0.0,0.0,0.0,0.0,0.66
1494527504542826171,0.5,0.0,0.0,0.0,0.0,0.66
1494527504594305355,0.5,0.0,0.0,0.0,0.0,0.66
1494527504641778935,0.5,0.0,0.0,0.0,0.0,0.66
1494527504691655924,0.5,0.0,0.0,0.0,0.0,0.33
1494527504741632397,0.5,0.0,0.0,0.0,0.0,0.33
1494527504798305346,0.5,0.0,0.0,0.0,0.0,0.33
1494527504850928827,0.5,0.0,0.0,0.0,0.0,0.33
1494527504891427325,0.5,0.0,0.0,0.0,0.0,0.33
1494527504944723227,0.5,0.0,0.0,0.0,0.0,0.33
1494527504991750336,0.5,0.0,0.0,0.0,0.0,0.33
1494527505041999866,0.5,0.0,0.0,0.0,0.0,0.33
1494527505091244019,0.5,0.0,0.0,0.0,0.0,1.11022302463e-16
1494527505141701361,0.5,0.0,0.0,0.0,0.0,1.11022302463e-16
1494527505191398355,0.5,0.0,0.0,0.0,0.0,1.11022302463e-16
1494527505242045643,0.5,0.0,0.0,0.0,0.0,1.11022302463e-16
1494527505291282170,0.5,0.0,0.0,0.0,0.0,1.11022302463e-16
1494527505343207373,0.5,0.0,0.0,0.0,0.0,1.11022302463e-16
1494527505391406259,0.5,0.0,0.0,0.0,0.0,1.11022302463e-16
1494527505443771733,0.5,0.0,0.0,0.0,0.0,1.11022302463e-16
1494527505492578075,0.5,0.0,0.0,0.0,0.0,1.11022302463e-16
1494527505541446614,0.5,0.0,0.0,0.0,0.0,1.11022302463e-16
1494527505591100946,0.5,0.0,0.0,0.0,0.0,1.11022302463e-16
1494527505641297600,0.5,0.0,0.0,0.0,0.0,1.11022302463e-16
1494527505691469922,0.5,0.0,0.0,0.0,0.0,0.33
1494527505741474873,0.5,0.0,0.0,0.0,0.0,0.33
1494527505791962387,0.5,0.0,0.0,0.0,0.0,0.33
1494527505842411459,0.5,0.0,0.0,0.0,0.0,0.33
1494527505891285703,0.5,0.0,0.0,0.0,0.0,0.66
1494527505941834955,0.5,0.0,0.0,0.0,0.0,0.66
1494527505991552168,0.5,0.0,0.0,0.0,0.0,0.66
1494527506042894699,0.5,0.0,0.0,0.0,0.0,0.66
1494527506092090874,0.5,0.0,0.0,0.0,0.0,0.99
1494527506141681536,0.5,0.0,0.0,0.0,0.0,0.99
1494527506193555921,0.5,0.0,0.0,0.0,0.0,0.99
1494527506241669398,0.5,0.0,0.0,0.0,0.0,0.99
1494527506291610088,0.5,0.0,0.0,0.0,0.0,1.32
1494527506341891630,0.5,0.0,0.0,0.0,0.0,1.32
1494527506391933340,0.5,0.0,0.0,0.0,0.0,1.32
1494527506447245372,0.5,0.0,0.0,0.0,0.0,1.32
1494527506491584376,0.5,0.0,0.0,0.0,0.0,1.32
1494527506553147491,0.5,0.0,0.0,0.0,0.0,1.32
1494527506598676257,0.5,0.0,0.0,0.0,0.0,1.32
1494527506641704676,0.5,0.0,0.0,0.0,0.0,1.32
1494527506691099205,0.5,0.0,0.0,0.0,0.0,1.32
1494527506741698248,0.5,0.0,0.0,0.0,0.0,1.32
1494527506791417154,0.5,0.0,0.0,0.0,0.0,1.32
1494527506843553747,0.5,0.0,0.0,0.0,0.0,1.32
1494527506891791119,0.5,0.0,0.0,0.0,0.0,1.32
1494527506947544129,0.5,0.0,0.0,0.0,0.0,1.32
1494527506993216335,0.5,0.0,0.0,0.0,0.0,1.32
1494527507041343688,0.5,0.0,0.0,0.0,0.0,1.32
1494527507092115049,0.5,0.0,0.0,0.0,0.0,1.65
1494527507141588317,0.5,0.0,0.0,0.0,0.0,1.65
1494527507193289670,0.5,0.0,0.0,0.0,0.0,1.65
1494527507241598492,0.5,0.0,0.0,0.0,0.0,1.65
1494527507295859727,0.5,0.0,0.0,0.0,0.0,1.65
1494527507341573887,0.5,0.0,0.0,0.0,0.0,1.65
1494527507391190772,0.5,0.0,0.0,0.0,0.0,1.65
1494527507451701146,0.5,0.0,0.0,0.0,0.0,1.65
1494527507493943051,0.5,0.0,0.0,0.0,0.0,1.65
1494527507541540200,0.5,0.0,0.0,0.0,0.0,1.65
1494527507594063578,0.5,0.0,0.0,0.0,0.0,1.65
1494527507641436753,0.5,0.0,0.0,0.0,0.0,1.65
1494527507691700389,0.5,0.0,0.0,0.0,0.0,1.65
1494527507742152068,0.5,0.0,0.0,0.0,0.0,1.65
1494527507791548417,0.5,0.0,0.0,0.0,0.0,1.65
1494527507841429560,0.5,0.0,0.0,0.0,0.0,1.65
1494527507891636386,0.5,0.0,0.0,0.0,0.0,1.65
1494527507941721200,0.5,0.0,0.0,0.0,0.0,1.65
1494527507992350552,0.5,0.0,0.0,0.0,0.0,1.65
1494527508043136141,0.5,0.0,0.0,0.0,0.0,1.65
1494527508091881541,0.5,0.0,0.0,0.0,0.0,1.65
1494527508141688832,0.5,0.0,0.0,0.0,0.0,1.65
1494527508193305819,0.5,0.0,0.0,0.0,0.0,1.32
1494527508241681913,0.5,0.0,0.0,0.0,0.0,1.32
1494527508291604734,0.5,0.0,0.0,0.0,0.0,1.32
1494527508341468093,0.5,0.0,0.0,0.0,0.0,1.32
1494527508392361088,0.5,0.0,0.0,0.0,0.0,1.32
1494527508442104799,0.5,0.0,0.0,0.0,0.0,1.32
1494527508492982970,0.5,0.0,0.0,0.0,0.0,1.32
1494527508541904459,0.5,0.0,0.0,0.0,0.0,1.32
1494527508610403770,0.5,0.0,0.0,0.0,0.0,1.32
1494527508641715298,0.5,0.0,0.0,0.0,0.0,1.32
1494527508697401941,0.5,0.0,0.0,0.0,0.0,1.32
1494527508742539835,0.5,0.0,0.0,0.0,0.0,1.32
1494527508799123910,0.5,0.0,0.0,0.0,0.0,0.99
1494527508841579574,0.5,0.0,0.0,0.0,0.0,0.99
1494527508938768844,0.5,0.0,0.0,0.0,0.0,0.99
1494527508944813728,0.5,0.0,0.0,0.0,0.0,0.99
1494527508992240270,0.5,0.0,0.0,0.0,0.0,0.66
1494527509045180353,0.5,0.0,0.0,0.0,0.0,0.66
1494527509114235277,0.5,0.0,0.0,0.0,0.0,0.66
1494527509155463651,0.5,0.0,0.0,0.0,0.0,0.66
1494527509193204120,0.5,0.0,0.0,0.0,0.0,0.33
1494527509241508672,0.5,0.0,0.0,0.0,0.0,0.33
1494527509292605742,0.5,0.0,0.0,0.0,0.0,1.11022302463e-16
1494527509341373940,0.5,0.0,0.0,0.0,0.0,1.11022302463e-16
1494527509393198012,0.5,0.0,0.0,0.0,0.0,1.11022302463e-16
1494527509441368656,0.5,0.0,0.0,0.0,0.0,1.11022302463e-16
1494527509493902308,0.5,0.0,0.0,0.0,0.0,1.11022302463e-16
1494527509542457837,0.5,0.0,0.0,0.0,0.0,1.11022302463e-16
1494527509593489857,0.5,0.0,0.0,0.0,0.0,-0.33
1494527509642172560,0.5,0.0,0.0,0.0,0.0,-0.33
1494527509691684894,0.5,0.0,0.0,0.0,0.0,-0.66
1494527509743131773,0.5,0.0,0.0,0.0,0.0,-0.66
1494527509792963282,0.5,0.0,0.0,0.0,0.0,-0.66
1494527509842131423,0.5,0.0,0.0,0.0,0.0,-0.66
1494527509892057226,0.5,0.0,0.0,0.0,0.0,-0.99
1494527509942872369,0.5,0.0,0.0,0.0,0.0,-0.99
1494527509994535494,0.5,0.0,0.0,0.0,0.0,-0.99
1494527510042610407,0.5,0.0,0.0,0.0,0.0,-0.99
1494527510091953599,0.5,0.0,0.0,0.0,0.0,-1.32
1494527510141232070,0.5,0.0,0.0,0.0,0.0,-1.32
1494527510192273658,0.5,0.0,0.0,0.0,0.0,-1.32
1494527510241586741,0.5,0.0,0.0,0.0,0.0,-1.32
1494527510293523973,0.5,0.0,0.0,0.0,0.0,-1.32
1494527510341773725,0.5,0.0,0.0,0.0,0.0,-1.32
1494527510395402814,0.5,0.0,0.0,0.0,0.0,-1.32
1494527510441530192,0.5,0.0,0.0,0.0,0.0,-1.32
1494527510493030701,0.5,0.0,0.0,0.0,0.0,-1.32
1494527510541217660,0.5,0.0,0.0,0.0,0.0,-1.32
1494527510601467293,0.5,0.0,0.0,0.0,0.0,-1.32
1494527510643562853,0.5,0.0,0.0,0.0,0.0,-1.32
1494527510692882575,0.5,0.0,0.0,0.0,0.0,-1.32
1494527510743647929,0.5,0.0,0.0,0.0,0.0,-1.32
1494527510793299863,0.5,0.0,0.0,0.0,0.0,-1.32
1494527510848706355,0.5,0.0,0.0,0.0,0.0,-1.32
1494527510891387019,0.5,0.0,0.0,0.0,0.0,-1.32
1494527510942288623,0.5,0.0,0.0,0.0,0.0,-1.32
1494527510994093283,0.5,0.0,0.0,0.0,0.0,-1.32
1494527511041380249,0.5,0.0,0.0,0.0,0.0,-1.32
1494527511091744603,0.5,0.0,0.0,0.0,0.0,-1.32
1494527511141413772,0.5,0.0,0.0,0.0,0.0,-1.32
1494527511191877157,0.5,0.0,0.0,0.0,0.0,-1.32
1494527511241897873,0.5,0.0,0.0,0.0,0.0,-1.32
1494527511292056302,0.5,0.0,0.0,0.0,0.0,-1.32
1494527511341576047,0.5,0.0,0.0,0.0,0.0,-1.32
1494527511391813953,0.5,0.0,0.0,0.0,0.0,-1.32
1494527511441671939,0.5,0.0,0.0,0.0,0.0,-1.32
1494527511491748443,0.5,0.0,0.0,0.0,0.0,-1.65
1494527511542508836,0.5,0.0,0.0,0.0,0.0,-1.65
1494527511591334546,0.5,0.0,0.0,0.0,0.0,-1.65
1494527511641258503,0.5,0.0,0.0,0.0,0.0,-1.65
1494527511691636947,0.5,0.0,0.0,0.0,0.0,-1.65
1494527511741348216,0.5,0.0,0.0,0.0,0.0,-1.65
1494527511791302659,0.5,0.0,0.0,0.0,0.0,-1.65
1494527511841355444,0.5,0.0,0.0,0.0,0.0,-1.65
1494527511893449655,0.5,0.0,0.0,0.0,0.0,-1.65
1494527511941742185,0.5,0.0,0.0,0.0,0.0,-1.65
1494527511991134796,0.5,0.0,0.0,0.0,0.0,-1.65
1494527512042177699,0.5,0.0,0.0,0.0,0.0,-1.65
1494527512091529131,0.5,0.0,0.0,0.0,0.0,-1.65
1494527512141895333,0.5,0.0,0.0,0.0,0.0,-1.65
1494527512191430326,0.5,0.0,0.0,0.0,0.0,-1.65
1494527512241971828,0.5,0.0,0.0,0.0,0.0,-1.65
1494527512292061490,0.5,0.0,0.0,0.0,0.0,-1.65
1494527512346896927,0.5,0.0,0.0,0.0,0.0,-1.65
1494527512391634628,0.5,0.0,0.0,0.0,0.0,-1.65
1494527512441947126,0.5,0.0,0.0,0.0,0.0,-1.65
1494527512491770272,0.5,0.0,0.0,0.0,0.0,-1.65
1494527512544479015,0.5,0.0,0.0,0.0,0.0,-1.65
1494527512593462019,0.5,0.0,0.0,0.0,0.0,-1.65
1494527512641248162,0.5,0.0,0.0,0.0,0.0,-1.65
1494527512691719528,0.5,0.0,0.0,0.0,0.0,-1.65
1494527512741440530,0.5,0.0,0.0,0.0,0.0,-1.65
1494527512793062699,0.5,0.0,0.0,0.0,0.0,-1.65
1494527512841166215,0.5,0.0,0.0,0.0,0.0,-1.65
1494527512894021679,0.5,0.0,0.0,0.0,0.0,-1.32
1494527512941929409,0.5,0.0,0.0,0.0,0.0,-1.32
1494527512998160359,0.5,0.0,0.0,0.0,0.0,-1.32
1494527513041901971,0.5,0.0,0.0,0.0,0.0,-1.32
1494527513091216121,0.5,0.0,0.0,0.0,0.0,-0.99
1494527513141483170,0.5,0.0,0.0,0.0,0.0,-0.99
1494527513191944934,0.5,0.0,0.0,0.0,0.0,-0.99
1494527513241588641,0.5,0.0,0.0,0.0,0.0,-0.99
1494527513291940150,0.5,0.0,0.0,0.0,0.0,-0.99
1494527513341793666,0.5,0.0,0.0,0.0,0.0,-0.99
1494527513391898136,0.5,0.0,0.0,0.0,0.0,-0.99
1494527513441447109,0.5,0.0,0.0,0.0,0.0,-0.99
1494527513491705025,0.5,0.0,0.0,0.0,0.0,-0.99
1494527513544911721,0.5,0.0,0.0,0.0,0.0,-0.99
1494527513591551179,0.5,0.0,0.0,0.0,0.0,-0.99
1494527513641207954,0.5,0.0,0.0,0.0,0.0,-0.99
1494527513692131575,0.5,0.0,0.0,0.0,0.0,-0.66
1494527513741394632,0.5,0.0,0.0,0.0,0.0,-0.66
1494527513791440624,0.5,0.0,0.0,0.0,0.0,-0.66
1494527513841452082,0.5,0.0,0.0,0.0,0.0,-0.66
1494527513893860551,0.5,0.0,0.0,0.0,0.0,-0.66
1494527513942277286,0.5,0.0,0.0,0.0,0.0,-0.66
1494527513991380169,0.5,0.0,0.0,0.0,0.0,-0.66
1494527514045191675,0.5,0.0,0.0,0.0,0.0,-0.66
1494527514093170913,0.5,0.0,0.0,0.0,0.0,-0.66
1494527514146647787,0.5,0.0,0.0,0.0,0.0,-0.66
1494527514191567999,0.5,0.0,0.0,0.0,0.0,-0.66
1494527514258153007,0.5,0.0,0.0,0.0,0.0,-0.66
1494527514291665430,0.5,0.0,0.0,0.0,0.0,-0.66
1494527514341801145,0.5,0.0,0.0,0.0,0.0,-0.66
1494527514391997656,0.5,0.0,0.0,0.0,0.0,-0.66
1494527514442198831,0.5,0.0,0.0,0.0,0.0,-0.66
1494527514492253795,0.5,0.0,0.0,0.0,0.0,-0.66
1494527514542059026,0.5,0.0,0.0,0.0,0.0,-0.66
1494527514591239698,0.5,0.0,0.0,0.0,0.0,-0.33
1494527514642045706,0.5,0.0,0.0,0.0,0.0,-0.33
1494527514691472122,0.5,0.0,0.0,0.0,0.0,-0.33
1494527514741280076,0.5,0.0,0.0,0.0,0.0,-0.33
1494527514792687291,0.5,0.0,0.0,0.0,0.0,-0.33
1494527514841166427,0.5,0.0,0.0,0.0,0.0,-0.33
1494527514891605262,0.5,0.0,0.0,0.0,0.0,-0.33
1494527514943159335,0.5,0.0,0.0,0.0,0.0,-0.33
1494527514992952847,0.5,0.0,0.0,0.0,0.0,-0.33
1494527515048178843,0.5,0.0,0.0,0.0,0.0,-0.33
1494527515091494516,0.5,0.0,0.0,0.0,0.0,-0.33
1494527515141738683,0.5,0.0,0.0,0.0,0.0,-0.33
1494527515191461202,0.5,0.0,0.0,0.0,0.0,-0.33
1494527515241762617,0.5,0.0,0.0,0.0,0.0,-0.33
1494527515291400446,0.5,0.0,0.0,0.0,0.0,-0.33
1494527515341743071,0.5,0.0,0.0,0.0,0.0,-0.33
1494527515391561816,0.5,0.0,0.0,0.0,0.0,-0.33
1494527515442959894,0.5,0.0,0.0,0.0,0.0,-0.33
1494527515494012351,0.5,0.0,0.0,0.0,0.0,-0.66
1494527515542426569,0.5,0.0,0.0,0.0,0.0,-0.66
1494527515591651329,0.5,0.0,0.0,0.0,0.0,-0.66
1494527515641324314,0.5,0.0,0.0,0.0,0.0,-0.66
1494527515691675466,0.5,0.0,0.0,0.0,0.0,-0.66
1494527515747910534,0.5,0.0,0.0,0.0,0.0,-0.66
1494527515791560064,0.5,0.0,0.0,0.0,0.0,-0.66
1494527515843104910,0.5,0.0,0.0,0.0,0.0,-0.66
1494527515893571258,0.5,0.0,0.0,0.0,0.0,-0.66
1494527515942711106,0.5,0.0,0.0,0.0,0.0,-0.66
1494527515991448419,0.5,0.0,0.0,0.0,0.0,-0.66
1494527516042174490,0.5,0.0,0.0,0.0,0.0,-0.66
1494527516091999661,0.5,0.0,0.0,0.0,0.0,-0.66
1494527516142688224,0.5,0.0,0.0,0.0,0.0,-0.66
1494527516191309168,0.5,0.0,0.0,0.0,0.0,-0.66
1494527516242347966,0.5,0.0,0.0,0.0,0.0,-0.66
1494527516292183234,0.5,0.0,0.0,0.0,0.0,-0.66
1494527516343373153,0.5,0.0,0.0,0.0,0.0,-0.66
1494527516391378340,0.5,0.0,0.0,0.0,0.0,-0.66
1494527516451354274,0.5,0.0,0.0,0.0,0.0,-0.66
1494527516493846321,0.5,0.0,0.0,0.0,0.0,-0.66
1494527516543960862,0.5,0.0,0.0,0.0,0.0,-0.66
1494527516604115881,0.5,0.0,0.0,0.0,0.0,-0.66
1494527516642096905,0.5,0.0,0.0,0.0,0.0,-0.66
1494527516693896474,0.5,0.0,0.0,0.0,0.0,-0.66
1494527516754449922,0.5,0.0,0.0,0.0,0.0,-0.66
1494527516792276486,0.5,0.0,0.0,0.0,0.0,-0.66
1494527516844854937,0.5,0.0,0.0,0.0,0.0,-0.66
1494527516892426771,0.5,0.0,0.0,0.0,0.0,-0.66
1494527516944196306,0.5,0.0,0.0,0.0,0.0,-0.66
1494527516993555422,0.5,0.0,0.0,0.0,0.0,-0.66
1494527517042582236,0.5,0.0,0.0,0.0,0.0,-0.66
1494527517094028291,0.5,0.0,0.0,0.0,0.0,-0.66
1494527517142447270,0.5,0.0,0.0,0.0,0.0,-0.66
1494527517198273920,0.5,0.0,0.0,0.0,0.0,-0.66
1494527517242971850,0.5,0.0,0.0,0.0,0.0,-0.66
1494527517295725991,0.5,0.0,0.0,0.0,0.0,-0.66
1494527517343410003,0.5,0.0,0.0,0.0,0.0,-0.66
1494527517391309587,0.55,0.0,0.0,0.0,0.0,-0.66
1494527517447244706,0.55,0.0,0.0,0.0,0.0,-0.66
1494527517491972152,0.55,0.0,0.0,0.0,0.0,-0.66
1494527517555320850,0.55,0.0,0.0,0.0,0.0,-0.66
1494527517591440215,0.55,0.0,0.0,0.0,0.0,-0.66
1494527517642323519,0.55,0.0,0.0,0.0,0.0,-0.66
1494527517692469581,0.55,0.0,0.0,0.0,0.0,-0.66
1494527517742354076,0.55,0.0,0.0,0.0,0.0,-0.66
1494527517791487352,0.55,0.0,0.0,0.0,0.0,-0.66
1494527517843081522,0.55,0.0,0.0,0.0,0.0,-0.66
1494527517892567719,0.55,0.0,0.0,0.0,0.0,-0.66
1494527517942504349,0.55,0.0,0.0,0.0,0.0,-0.66
1494527517991409292,0.55,0.0,0.0,0.0,0.0,-0.99
1494527518041609166,0.55,0.0,0.0,0.0,0.0,-0.99
1494527518092288668,0.55,0.0,0.0,0.0,0.0,-0.99
1494527518145073231,0.55,0.0,0.0,0.0,0.0,-0.99
1494527518191165052,0.55,0.0,0.0,0.0,0.0,-0.99
1494527518242563901,0.55,0.0,0.0,0.0,0.0,-0.99
1494527518291460249,0.55,0.0,0.0,0.0,0.0,-1.32
1494527518344945334,0.55,0.0,0.0,0.0,0.0,-1.32
1494527518392504141,0.55,0.0,0.0,0.0,0.0,-1.32
1494527518443277786,0.55,0.0,0.0,0.0,0.0,-1.32
1494527518491181155,0.55,0.0,0.0,0.0,0.0,-1.65
1494527518541586288,0.55,0.0,0.0,0.0,0.0,-1.65
1494527518591196633,0.55,0.0,0.0,0.0,0.0,-1.65
1494527518642111512,0.55,0.0,0.0,0.0,0.0,-1.65
1494527518691274892,0.55,0.0,0.0,0.0,0.0,-1.65
1494527518741496044,0.55,0.0,0.0,0.0,0.0,-1.65
1494527518797064980,0.55,0.0,0.0,0.0,0.0,-1.65
1494527518841908920,0.55,0.0,0.0,0.0,0.0,-1.65
1494527518891169147,0.55,0.0,0.0,0.0,0.0,-1.65
1494527518941696347,0.55,0.0,0.0,0.0,0.0,-1.65
1494527518991682204,0.55,0.0,0.0,0.0,0.0,-1.98
1494527519041845534,0.55,0.0,0.0,0.0,0.0,-1.98
1494527519091327001,0.55,0.0,0.0,0.0,0.0,-1.98
1494527519142173839,0.55,0.0,0.0,0.0,0.0,-1.98
1494527519191452388,0.55,0.0,0.0,0.0,0.0,-1.98
1494527519243234156,0.55,0.0,0.0,0.0,0.0,-1.98
1494527519291598003,0.55,0.0,0.0,0.0,0.0,-1.98
1494527519345297757,0.55,0.0,0.0,0.0,0.0,-1.98
1494527519392067410,0.55,0.0,0.0,0.0,0.0,-1.98
1494527519441486275,0.55,0.0,0.0,0.0,0.0,-1.98
1494527519491758682,0.55,0.0,0.0,0.0,0.0,-1.98
1494527519541622239,0.55,0.0,0.0,0.0,0.0,-1.98
1494527519592471755,0.55,0.0,0.0,0.0,0.0,-1.98
1494527519641456210,0.55,0.0,0.0,0.0,0.0,-1.98
1494527519901098217,0.55,0.0,0.0,0.0,0.0,-1.65
1494527519901116620,0.55,0.0,0.0,0.0,0.0,-1.65
1494527519901161684,0.55,0.0,0.0,0.0,0.0,-1.65
1494527519901173486,0.55,0.0,0.0,0.0,0.0,-1.65
1494527519901232023,0.55,0.0,0.0,0.0,0.0,-1.65
1494527519942026869,0.55,0.0,0.0,0.0,0.0,-1.65
1494527519991189173,0.55,0.0,0.0,0.0,0.0,-1.32
1494527520042288346,0.55,0.0,0.0,0.0,0.0,-1.32
1494527520091496126,0.55,0.0,0.0,0.0,0.0,-1.32
1494527520141516149,0.55,0.0,0.0,0.0,0.0,-1.32
1494527520193130254,0.55,0.0,0.0,0.0,0.0,-0.99
1494527520242085040,0.55,0.0,0.0,0.0,0.0,-0.99
1494527520292608859,0.55,0.0,0.0,0.0,0.0,-0.99
1494527520341714412,0.55,0.0,0.0,0.0,0.0,-0.99
1494527520394906908,0.55,0.0,0.0,0.0,0.0,-0.99
1494527520441637421,0.55,0.0,0.0,0.0,0.0,-0.99
1494527520491633569,0.55,0.0,0.0,0.0,0.0,-0.66
1494527520542033803,0.55,0.0,0.0,0.0,0.0,-0.66
1494527520591186472,0.55,0.0,0.0,0.0,0.0,-0.66
1494527520641537215,0.55,0.0,0.0,0.0,0.0,-0.66
1494527520691908494,0.55,0.0,0.0,0.0,0.0,-0.66
1494527520741512937,0.55,0.0,0.0,0.0,0.0,-0.66
1494527520792030667,0.55,0.0,0.0,0.0,0.0,-0.33
1494527520841787096,0.55,0.0,0.0,0.0,0.0,-0.33
1494527520891446529,0.55,0.0,0.0,0.0,0.0,-0.33
1494527520943169243,0.55,0.0,0.0,0.0,0.0,-0.33
1494527520991637851,0.55,0.0,0.0,0.0,0.0,-0.33
1494527521041637096,0.55,0.0,0.0,0.0,0.0,-0.33
1494527521091221078,0.55,0.0,0.0,0.0,0.0,1.11022302463e-16
1494527521144420059,0.55,0.0,0.0,0.0,0.0,1.11022302463e-16
1494527521193317416,0.55,0.0,0.0,0.0,0.0,1.11022302463e-16
1494527521241561754,0.55,0.0,0.0,0.0,0.0,1.11022302463e-16
1494527521291333010,0.55,0.0,0.0,0.0,0.0,0.33
1494527521342108874,0.55,0.0,0.0,0.0,0.0,0.33
1494527521403641356,0.55,0.0,0.0,0.0,0.0,0.33
1494527521442966886,0.55,0.0,0.0,0.0,0.0,0.33
1494527521496582056,0.55,0.0,0.0,0.0,0.0,0.33
1494527521543888084,0.55,0.0,0.0,0.0,0.0,0.33
1494527521591404615,0.55,0.0,0.0,0.0,0.0,0.33
1494527521642954442,0.55,0.0,0.0,0.0,0.0,0.33
1494527521694648168,0.55,0.0,0.0,0.0,0.0,0.33
1494527521741350486,0.55,0.0,0.0,0.0,0.0,0.33
1494527521791387336,0.55,0.0,0.0,0.0,0.0,0.66
1494527521873499969,0.55,0.0,0.0,0.0,0.0,0.66
1494527521891737856,0.55,0.0,0.0,0.0,0.0,0.66
1494527521943394020,0.55,0.0,0.0,0.0,0.0,0.66
1494527521991447594,0.55,0.0,0.0,0.0,0.0,0.99
1494527522041407473,0.55,0.0,0.0,0.0,0.0,0.99
1494527522095510016,0.55,0.0,0.0,0.0,0.0,0.99
1494527522141532803,0.55,0.0,0.0,0.0,0.0,0.99
1494527522194054599,0.55,0.0,0.0,0.0,0.0,0.99
1494527522241491216,0.55,0.0,0.0,0.0,0.0,0.99
1494527522291411723,0.55,0.0,0.0,0.0,0.0,0.99
1494527522342225475,0.55,0.0,0.0,0.0,0.0,0.99
1494527522391801402,0.55,0.0,0.0,0.0,0.0,1.32
1494527522442573029,0.55,0.0,0.0,0.0,0.0,1.32
1494527522491139887,0.55,0.0,0.0,0.0,0.0,1.32
1494527522548815761,0.55,0.0,0.0,0.0,0.0,1.32
1494527522591176788,0.55,0.0,0.0,0.0,0.0,1.32
1494527522645630141,0.55,0.0,0.0,0.0,0.0,1.32
1494527522691522412,0.55,0.0,0.0,0.0,0.0,1.32
1494527522741650950,0.55,0.0,0.0,0.0,0.0,1.32
1494527522794804296,0.55,0.0,0.0,0.0,0.0,1.32
1494527522841698656,0.55,0.0,0.0,0.0,0.0,1.32
1494527522892185820,0.55,0.0,0.0,0.0,0.0,1.32
1494527522942884420,0.55,0.0,0.0,0.0,0.0,1.32
1494527522995760549,0.55,0.0,0.0,0.0,0.0,1.32
1494527523055923133,0.55,0.0,0.0,0.0,0.0,1.32
1494527523091564054,0.55,0.0,0.0,0.0,0.0,1.32
1494527523168320630,0.55,0.0,0.0,0.0,0.0,1.32
1494527523192925743,0.55,0.0,0.0,0.0,0.0,1.32
1494527523241420300,0.55,0.0,0.0,0.0,0.0,1.32
1494527523294306096,0.55,0.0,0.0,0.0,0.0,1.32
1494527523342073251,0.55,0.0,0.0,0.0,0.0,1.32
1494527523392918332,0.55,0.0,0.0,0.0,0.0,1.32
1494527523441697478,0.55,0.0,0.0,0.0,0.0,1.32
1494527523491667163,0.55,0.0,0.0,0.0,0.0,1.32
1494527523543716807,0.55,0.0,0.0,0.0,0.0,1.32
1494527523592283778,0.55,0.0,0.0,0.0,0.0,1.32
1494527523647437259,0.55,0.0,0.0,0.0,0.0,1.32
1494527523695430386,0.55,0.0,0.0,0.0,0.0,1.32
1494527523741908148,0.55,0.0,0.0,0.0,0.0,1.32
1494527523793720768,0.55,0.0,0.0,0.0,0.0,1.32
1494527523841347280,0.55,0.0,0.0,0.0,0.0,1.32
1494527523891828781,0.55,0.0,0.0,0.0,0.0,1.32
1494527523942135779,0.55,0.0,0.0,0.0,0.0,1.32
1494527523995488295,0.55,0.0,0.0,0.0,0.0,1.32
1494527524041367679,0.55,0.0,0.0,0.0,0.0,1.32
1494527524093090277,0.55,0.0,0.0,0.0,0.0,1.32
1494527524142737224,0.55,0.0,0.0,0.0,0.0,1.32
1494527524194560054,0.55,0.0,0.0,0.0,0.0,1.32
1494527524241513193,0.55,0.0,0.0,0.0,0.0,1.32
1494527524294300715,0.55,0.0,0.0,0.0,0.0,1.32
1494527524342559886,0.55,0.0,0.0,0.0,0.0,1.32
1494527524392271353,0.55,0.0,0.0,0.0,0.0,1.32
1494527524441429276,0.55,0.0,0.0,0.0,0.0,1.32
1494527524491652218,0.55,0.0,0.0,0.0,0.0,1.32
1494527524541645058,0.55,0.0,0.0,0.0,0.0,1.32
1494527524596241596,0.55,0.0,0.0,0.0,0.0,1.32
1494527524642623179,0.55,0.0,0.0,0.0,0.0,1.32
1494527524694042264,0.55,0.0,0.0,0.0,0.0,1.32
1494527524742266627,0.55,0.0,0.0,0.0,0.0,1.32
1494527524792591933,0.55,0.0,0.0,0.0,0.0,1.32
1494527524841515964,0.55,0.0,0.0,0.0,0.0,1.32
1494527524899633879,0.55,0.0,0.0,0.0,0.0,1.32
1494527524943323981,0.55,0.0,0.0,0.0,0.0,1.32
1494527524993063717,0.55,0.0,0.0,0.0,0.0,1.32
1494527525041897753,0.55,0.0,0.0,0.0,0.0,1.32
1494527525092419883,0.55,0.0,0.0,0.0,0.0,1.32
1494527525141397159,0.55,0.0,0.0,0.0,0.0,1.32
1494527525192637903,0.55,0.0,0.0,0.0,0.0,1.32
1494527525241480009,0.55,0.0,0.0,0.0,0.0,1.32
1494527525313798505,0.55,0.0,0.0,0.0,0.0,1.32
1494527525343348920,0.55,0.0,0.0,0.0,0.0,1.32
1494527525414865675,0.55,0.0,0.0,0.0,0.0,1.32
1494527525441178436,0.55,0.0,0.0,0.0,0.0,1.32
1494527525493872040,0.55,0.0,0.0,0.0,0.0,1.32
1494527525541956492,0.55,0.0,0.0,0.0,0.0,1.32
1494527525592921085,0.55,0.0,0.0,0.0,0.0,1.32
1494527525641253390,0.55,0.0,0.0,0.0,0.0,1.32
1494527525694241307,0.55,0.0,0.0,0.0,0.0,1.32
1494527525742759933,0.55,0.0,0.0,0.0,0.0,1.32
1494527525791738064,0.55,0.0,0.0,0.0,0.0,1.32
1494527525841271035,0.55,0.0,0.0,0.0,0.0,1.32
1494527525891667894,0.55,0.0,0.0,0.0,0.0,1.32
1494527525941784376,0.55,0.0,0.0,0.0,0.0,1.32
1494527525994513090,0.55,0.0,0.0,0.0,0.0,0.99
1494527526042118608,0.55,0.0,0.0,0.0,0.0,0.99
1494527526112780085,0.55,0.0,0.0,0.0,0.0,0.99
1494527526146243827,0.55,0.0,0.0,0.0,0.0,0.99
1494527526192216011,0.55,0.0,0.0,0.0,0.0,0.99
1494527526242876922,0.55,0.0,0.0,0.0,0.0,0.99
1494527526293539601,0.55,0.0,0.0,0.0,0.0,0.99
1494527526342107057,0.55,0.0,0.0,0.0,0.0,0.99
1494527526391305899,0.55,0.0,0.0,0.0,0.0,0.66
1494527526441414488,0.55,0.0,0.0,0.0,0.0,0.66
1494527526492144409,0.55,0.0,0.0,0.0,0.0,0.66
1494527526541252131,0.55,0.0,0.0,0.0,0.0,0.66
1494527526591632298,0.55,0.0,0.0,0.0,0.0,0.66
1494527526653242833,0.55,0.0,0.0,0.0,0.0,0.66
1494527526691974850,0.55,0.0,0.0,0.0,0.0,0.66
1494527526741486266,0.55,0.0,0.0,0.0,0.0,0.66
1494527526793478346,0.55,0.0,0.0,0.0,0.0,0.66
1494527526844163244,0.55,0.0,0.0,0.0,0.0,0.66
1494527526891827845,0.55,0.0,0.0,0.0,0.0,0.66
1494527526942331475,0.55,0.0,0.0,0.0,0.0,0.66
1494527526991253216,0.55,0.0,0.0,0.0,0.0,0.33
1494527527041364019,0.55,0.0,0.0,0.0,0.0,0.33
1494527527091236917,0.55,0.0,0.0,0.0,0.0,0.33
1494527527141216774,0.55,0.0,0.0,0.0,0.0,0.33
1494527527193998611,0.55,0.0,0.0,0.0,0.0,0.33
1494527527242251551,0.55,0.0,0.0,0.0,0.0,0.33
1494527527291260407,0.55,0.0,0.0,0.0,0.0,0.33
1494527527341345459,0.55,0.0,0.0,0.0,0.0,0.33
1494527527391547854,0.55,0.0,0.0,0.0,0.0,0.33
1494527527441659129,0.55,0.0,0.0,0.0,0.0,0.33
1494527527491163162,0.55,0.0,0.0,0.0,0.0,-0.02
1494527527541858203,0.55,0.0,0.0,0.0,0.0,-0.37
1494527527591507646,0.55,0.0,0.0,0.0,0.0,-0.72
1494527527641548312,0.55,0.0,0.0,0.0,0.0,-1.07
1494527527691729736,0.55,0.0,0.0,0.0,0.0,-1.42
1494527527744838478,0.55,0.0,0.0,0.0,0.0,-1.77
1494527527791213384,0.55,0.0,0.0,0.0,0.0,-2.12
1494527527846599709,0.55,0.0,0.0,0.0,0.0,-2.47
1494527527891453546,0.55,0.0,0.0,0.0,0.0,-2.82
1494527527941475429,0.55,0.0,0.0,0.0,0.0,-3.17
1494527527991809966,0.55,0.0,0.0,0.0,0.0,-3.3
1494527528052330052,0.55,0.0,0.0,0.0,0.0,-3.3
1494527528092095871,0.55,0.0,0.0,0.0,0.0,-3.3
1494527528141461975,0.55,0.0,0.0,0.0,0.0,-3.3
1494527528191198027,0.55,0.0,0.0,0.0,0.0,-3.3
1494527528241251840,0.55,0.0,0.0,0.0,0.0,-3.3
1494527528291547006,0.55,0.0,0.0,0.0,0.0,-3.3
1494527528341372867,0.55,0.0,0.0,0.0,0.0,-3.3
1494527528393184870,0.55,0.0,0.0,0.0,0.0,-3.3
1494527528441291053,0.55,0.0,0.0,0.0,0.0,-3.3
1494527528491405398,0.55,0.0,0.0,0.0,0.0,-3.3
1494527528541118262,0.55,0.0,0.0,0.0,0.0,-3.3
1494527528591608067,0.55,0.0,0.0,0.0,0.0,-3.3
1494527528641416081,0.55,0.0,0.0,0.0,0.0,-3.3
1494527528691443499,0.55,0.0,0.0,0.0,0.0,-3.3
1494527528741981363,0.55,0.0,0.0,0.0,0.0,-3.3
1494527528791356730,0.55,0.0,0.0,0.0,0.0,-3.3
1494527528841625388,0.55,0.0,0.0,0.0,0.0,-3.3
1494527528891909011,0.55,0.0,0.0,0.0,0.0,-2.97
1494527528941336081,0.55,0.0,0.0,0.0,0.0,-2.97
1494527528994280007,0.55,0.0,0.0,0.0,0.0,-2.97
1494527529041374678,0.55,0.0,0.0,0.0,0.0,-2.97
1494527529091675179,0.55,0.0,0.0,0.0,0.0,-2.97
1494527529142995412,0.55,0.0,0.0,0.0,0.0,-2.97
1494527529191450504,0.55,0.0,0.0,0.0,0.0,-2.97
1494527529241881079,0.55,0.0,0.0,0.0,0.0,-2.97
1494527529292379923,0.55,0.0,0.0,0.0,0.0,-2.97
1494527529341685337,0.55,0.0,0.0,0.0,0.0,-2.97
1494527529391351707,0.5,0.0,0.0,0.0,0.0,-2.97
1494527529441165577,0.5,0.0,0.0,0.0,0.0,-2.97
1494527529492329617,0.45,0.0,0.0,0.0,0.0,-2.97
1494527529546028113,0.45,0.0,0.0,0.0,0.0,-2.97
1494527529592661267,0.45,0.0,0.0,0.0,0.0,-2.97
1494527529656252379,0.45,0.0,0.0,0.0,0.0,-2.97
1494527529691416498,0.4,0.0,0.0,0.0,0.0,-2.97
1494527529742607937,0.4,0.0,0.0,0.0,0.0,-2.97
1494527529791141975,0.35,0.0,0.0,0.0,0.0,-2.97
1494527529841358392,0.35,0.0,0.0,0.0,0.0,-2.97
1494527529892535592,0.35,0.0,0.0,0.0,0.0,-2.97
1494527529942332936,0.35,0.0,0.0,0.0,0.0,-2.97
1494527529995275178,0.3,0.0,0.0,0.0,0.0,-2.97
1494527530041200765,0.3,0.0,0.0,0.0,0.0,-2.97
1494527530091621365,0.3,0.0,0.0,0.0,0.0,-2.97
1494527530141936751,0.3,0.0,0.0,0.0,0.0,-2.97
1494527530193599434,0.25,0.0,0.0,0.0,0.0,-2.97
1494527530241397274,0.25,0.0,0.0,0.0,0.0,-2.97
1494527530291621684,0.25,0.0,0.0,0.0,0.0,-2.97
1494527530340785014,0.25,0.0,0.0,0.0,0.0,-2.97
1494527530391309371,0.2,0.0,0.0,0.0,0.0,-2.97
1494527530443915016,0.2,0.0,0.0,0.0,0.0,-2.97
1494527530491226630,0.2,0.0,0.0,0.0,0.0,-2.97
1494527530541436517,0.2,0.0,0.0,0.0,0.0,-2.97
1494527530592138779,0.15,0.0,0.0,0.0,0.0,-2.97
1494527530643159439,0.15,0.0,0.0,0.0,0.0,-2.97
1494527530691617712,0.15,0.0,0.0,0.0,0.0,-2.97
1494527530741974114,0.15,0.0,0.0,0.0,0.0,-2.97
1494527530791820575,0.1,0.0,0.0,0.0,0.0,-2.97
1494527530842555521,0.1,0.0,0.0,0.0,0.0,-2.97
1494527530891311334,0.1,0.0,0.0,0.0,0.0,-2.97
1494527530943059663,0.1,0.0,0.0,0.0,0.0,-2.97
1494527530992449395,0.05,0.0,0.0,0.0,0.0,-2.97
1494527531042811897,0.05,0.0,0.0,0.0,0.0,-2.97
1494527531091590732,0.05,0.0,0.0,0.0,0.0,-2.97
1494527531140980017,0.05,0.0,0.0,0.0,0.0,-2.97
1494527531191305698,0.05,0.0,0.0,0.0,0.0,-2.64
1494527531241821787,0.05,0.0,0.0,0.0,0.0,-2.64
1494527531291809361,0.05,0.0,0.0,0.0,0.0,-2.64
1494527531341347726,0.05,0.0,0.0,0.0,0.0,-2.64
1494527531391194327,0.05,0.0,0.0,0.0,0.0,-2.31
1494527531442484172,0.05,0.0,0.0,0.0,0.0,-2.31
1494527531491509338,0.05,0.0,0.0,0.0,0.0,-2.31
1494527531544263616,0.05,0.0,0.0,0.0,0.0,-2.31
1494527531592004726,0.05,0.0,0.0,0.0,0.0,-1.98
1494527531642896486,0.05,0.0,0.0,0.0,0.0,-1.98
1494527531691309158,0.05,0.0,0.0,0.0,0.0,-1.98
1494527531743602492,0.05,0.0,0.0,0.0,0.0,-1.98
1494527531791172615,0.05,0.0,0.0,0.0,0.0,-1.65
1494527531841622474,0.05,0.0,0.0,0.0,0.0,-1.65
1494527531891322485,0.05,0.0,0.0,0.0,0.0,-1.65
1494527531943036079,0.05,0.0,0.0,0.0,0.0,-1.65
1494527531991918888,0.05,0.0,0.0,0.0,0.0,-1.65
1494527532044976965,0.05,0.0,0.0,0.0,0.0,-1.65
1494527532091830707,0.05,0.0,0.0,0.0,0.0,-1.32
1494527532146941163,0.05,0.0,0.0,0.0,0.0,-1.32
1494527532191268542,0.05,0.0,0.0,0.0,0.0,-1.32
1494527532250178693,0.05,0.0,0.0,0.0,0.0,-1.32
1494527532291301381,0.05,0.0,0.0,0.0,0.0,-0.99
1494527532342673072,0.05,0.0,0.0,0.0,0.0,-0.99
1494527532391411327,0.05,0.0,0.0,0.0,0.0,-0.99
1494527532442837379,0.05,0.0,0.0,0.0,0.0,-0.99
1494527532491239023,0.05,0.0,0.0,0.0,0.0,-0.99
1494527532543135527,0.05,0.0,0.0,0.0,0.0,-0.99
1494527532591699706,0.05,0.0,0.0,0.0,0.0,-0.66
1494527532641868951,0.05,0.0,0.0,0.0,0.0,-0.66
1494527532693659104,0.05,0.0,0.0,0.0,0.0,-0.66
1494527532745880547,0.05,0.0,0.0,0.0,0.0,-0.66
1494527532857032557,0.05,0.0,0.0,0.0,0.0,-0.66
1494527532857092162,0.05,0.0,0.0,0.0,0.0,-0.66
1494527532899625739,0.05,0.0,0.0,0.0,0.0,-0.66
1494527532944075098,0.05,0.0,0.0,0.0,0.0,-0.66
1494527532998651478,0.05,0.0,0.0,0.0,0.0,-0.33
1494527533042524827,0.05,0.0,0.0,0.0,0.0,-0.33
1494527533095113722,0.05,0.0,0.0,0.0,0.0,-0.33
1494527533141671747,0.05,0.0,0.0,0.0,0.0,-0.33
1494527533192697775,0.05,0.0,0.0,0.0,0.0,-0.33
1494527533241313825,0.05,0.0,0.0,0.0,0.0,-0.33
1494527533295113472,1.38777878078e-17,0.0,0.0,0.0,0.0,-0.33
1494527533341581952,1.38777878078e-17,0.0,0.0,0.0,0.0,-0.33
1494527533391097086,1.38777878078e-17,0.0,0.0,0.0,0.0,-0.33
1494527533441446375,1.38777878078e-17,0.0,0.0,0.0,0.0,-0.33
1494527533491122964,1.38777878078e-17,0.0,0.0,0.0,0.0,-0.33
1494527533541768353,1.38777878078e-17,0.0,0.0,0.0,0.0,-0.33
1494527533591281615,1.38777878078e-17,0.0,0.0,0.0,0.0,-0.33
1494527533641698204,1.38777878078e-17,0.0,0.0,0.0,0.0,-0.33
1494527533691279501,1.38777878078e-17,0.0,0.0,0.0,0.0,-0.33
1494527533742080033,1.38777878078e-17,0.0,0.0,0.0,0.0,-0.33
1494527533795743174,1.38777878078e-17,0.0,0.0,0.0,0.0,3.33066907388e-16
1494527533841577807,1.38777878078e-17,0.0,0.0,0.0,0.0,3.33066907388e-16
1494527533891212467,1.38777878078e-17,0.0,0.0,0.0,0.0,3.33066907388e-16
1494527533941370012,1.38777878078e-17,0.0,0.0,0.0,0.0,3.33066907388e-16
1494527533992264117,1.38777878078e-17,0.0,0.0,0.0,0.0,3.33066907388e-16
1494527534042760787,1.38777878078e-17,0.0,0.0,0.0,0.0,3.33066907388e-16
1494527534117135951,1.38777878078e-17,0.0,0.0,0.0,0.0,3.33066907388e-16
1494527534152023066,1.38777878078e-17,0.0,0.0,0.0,0.0,3.33066907388e-16
1494527534193204729,1.38777878078e-17,0.0,0.0,0.0,0.0,3.33066907388e-16
1494527534242002824,1.38777878078e-17,0.0,0.0,0.0,0.0,3.33066907388e-16
1494527534292668487,1.38777878078e-17,0.0,0.0,0.0,0.0,3.33066907388e-16
1494527534341320080,1.38777878078e-17,0.0,0.0,0.0,0.0,3.33066907388e-16
1494527534391929561,1.38777878078e-17,0.0,0.0,0.0,0.0,3.33066907388e-16
1494527534652221951,1.38777878078e-17,0.0,0.0,0.0,0.0,3.33066907388e-16
1494527534652231277,1.38777878078e-17,0.0,0.0,0.0,0.0,3.33066907388e-16
1494527534652238009,1.38777878078e-17,0.0,0.0,0.0,0.0,3.33066907388e-16
1494527534652243595,1.38777878078e-17,0.0,0.0,0.0,0.0,3.33066907388e-16
1494527534652250533,1.38777878078e-17,0.0,0.0,0.0,0.0,3.33066907388e-16
1494527534693856263,1.38777878078e-17,0.0,0.0,0.0,0.0,3.33066907388e-16
1494527534743252720,1.38777878078e-17,0.0,0.0,0.0,0.0,3.33066907388e-16
1494527534791526997,1.38777878078e-17,0.0,0.0,0.0,0.0,3.33066907388e-16
1494527534857450810,1.38777878078e-17,0.0,0.0,0.0,0.0,3.33066907388e-16
1494527534899918836,1.38777878078e-17,0.0,0.0,0.0,0.0,3.33066907388e-16
1494527534941508483,1.38777878078e-17,0.0,0.0,0.0,0.0,3.33066907388e-16
1494527534991370529,1.38777878078e-17,0.0,0.0,0.0,0.0,3.33066907388e-16
1494527535044151778,1.38777878078e-17,0.0,0.0,0.0,0.0,3.33066907388e-16
1494527535093586944,1.38777878078e-17,0.0,0.0,0.0,0.0,3.33066907388e-16
1494527535141517433,1.38777878078e-17,0.0,0.0,0.0,0.0,3.33066907388e-16
1494527535191838084,1.38777878078e-17,0.0,0.0,0.0,0.0,3.33066907388e-16
1494527535241881935,1.38777878078e-17,0.0,0.0,0.0,0.0,3.33066907388e-16
1494527535291283331,1.38777878078e-17,0.0,0.0,0.0,0.0,3.33066907388e-16
1494527535343349608,1.38777878078e-17,0.0,0.0,0.0,0.0,3.33066907388e-16
1494527535391248978,1.38777878078e-17,0.0,0.0,0.0,0.0,3.33066907388e-16
1494527535450658852,1.38777878078e-17,0.0,0.0,0.0,0.0,3.33066907388e-16
1494527535493844985,1.38777878078e-17,0.0,0.0,0.0,0.0,3.33066907388e-16
1494527535541775026,1.38777878078e-17,0.0,0.0,0.0,0.0,3.33066907388e-16
1494527535591139750,1.38777878078e-17,0.0,0.0,0.0,0.0,3.33066907388e-16
1494527535642519789,1.38777878078e-17,0.0,0.0,0.0,0.0,3.33066907388e-16
1494527535692101941,1.38777878078e-17,0.0,0.0,0.0,0.0,3.33066907388e-16
1494527535741627095,1.38777878078e-17,0.0,0.0,0.0,0.0,3.33066907388e-16
1494527535791276848,1.38777878078e-17,0.0,0.0,0.0,0.0,3.33066907388e-16
1494527535843941145,1.38777878078e-17,0.0,0.0,0.0,0.0,3.33066907388e-16
1494527535891760041,1.38777878078e-17,0.0,0.0,0.0,0.0,3.33066907388e-16
1494527535941562376,1.38777878078e-17,0.0,0.0,0.0,0.0,3.33066907388e-16
1494527535996904715,1.38777878078e-17,0.0,0.0,0.0,0.0,3.33066907388e-16
1494527536042705249,1.38777878078e-17,0.0,0.0,0.0,0.0,3.33066907388e-16
1494527536091399324,1.38777878078e-17,0.0,0.0,0.0,0.0,3.33066907388e-16
1494527536143618175,1.38777878078e-17,0.0,0.0,0.0,0.0,3.33066907388e-16
1494527536191988169,1.38777878078e-17,0.0,0.0,0.0,0.0,3.33066907388e-16
1494527536241957646,1.38777878078e-17,0.0,0.0,0.0,0.0,3.33066907388e-16
1494527536291813253,1.38777878078e-17,0.0,0.0,0.0,0.0,3.33066907388e-16
1494527536343762510,1.38777878078e-17,0.0,0.0,0.0,0.0,3.33066907388e-16
1494527536393433269,1.38777878078e-17,0.0,0.0,0.0,0.0,3.33066907388e-16
1494527536446426888,1.38777878078e-17,0.0,0.0,0.0,0.0,3.33066907388e-16
1494527536491435774,1.38777878078e-17,0.0,0.0,0.0,0.0,3.33066907388e-16
1494527536541327020,1.38777878078e-17,0.0,0.0,0.0,0.0,3.33066907388e-16
1494527536591664267,1.38777878078e-17,0.0,0.0,0.0,0.0,3.33066907388e-16
1494527536641964123,1.38777878078e-17,0.0,0.0,0.0,0.0,3.33066907388e-16
1494527536691590288,1.38777878078e-17,0.0,0.0,0.0,0.0,3.33066907388e-16
1494527536741359812,1.38777878078e-17,0.0,0.0,0.0,0.0,3.33066907388e-16
1494527536791206787,1.38777878078e-17,0.0,0.0,0.0,0.0,3.33066907388e-16
1494527536845365612,1.38777878078e-17,0.0,0.0,0.0,0.0,3.33066907388e-16
1494527536893104873,1.38777878078e-17,0.0,0.0,0.0,0.0,3.33066907388e-16
1494527536941456319,1.38777878078e-17,0.0,0.0,0.0,0.0,3.33066907388e-16
1494527536991730058,1.38777878078e-17,0.0,0.0,0.0,0.0,3.33066907388e-16
1494527537041291874,1.38777878078e-17,0.0,0.0,0.0,0.0,3.33066907388e-16
1494527537090974557,1.38777878078e-17,0.0,0.0,0.0,0.0,3.33066907388e-16
1494527537141295092,1.38777878078e-17,0.0,0.0,0.0,0.0,3.33066907388e-16
1494527537191502371,1.38777878078e-17,0.0,0.0,0.0,0.0,3.33066907388e-16
1494527537241512680,1.38777878078e-17,0.0,0.0,0.0,0.0,3.33066907388e-16
1494527537292908241,1.38777878078e-17,0.0,0.0,0.0,0.0,3.33066907388e-16
1494527537341553511,1.38777878078e-17,0.0,0.0,0.0,0.0,3.33066907388e-16
1494527537391678102,1.38777878078e-17,0.0,0.0,0.0,0.0,3.33066907388e-16
1494527537442189971,1.38777878078e-17,0.0,0.0,0.0,0.0,3.33066907388e-16
1494527537496565802,1.38777878078e-17,0.0,0.0,0.0,0.0,3.33066907388e-16
1494527537541339815,1.38777878078e-17,0.0,0.0,0.0,0.0,3.33066907388e-16
1494527537591887142,1.38777878078e-17,0.0,0.0,0.0,0.0,3.33066907388e-16
1494527537641506679,1.38777878078e-17,0.0,0.0,0.0,0.0,3.33066907388e-16
1494527537691666007,1.38777878078e-17,0.0,0.0,0.0,0.0,3.33066907388e-16
1494527537741522836,1.38777878078e-17,0.0,0.0,0.0,0.0,3.33066907388e-16
1494527537791445581,1.38777878078e-17,0.0,0.0,0.0,0.0,3.33066907388e-16
1494527537842228656,1.38777878078e-17,0.0,0.0,0.0,0.0,3.33066907388e-16
1494527537891674272,1.38777878078e-17,0.0,0.0,0.0,0.0,3.33066907388e-16
1494527537942440010,1.38777878078e-17,0.0,0.0,0.0,0.0,3.33066907388e-16
1494527537992638311,1.38777878078e-17,0.0,0.0,0.0,0.0,3.33066907388e-16
1494527538041698033,1.38777878078e-17,0.0,0.0,0.0,0.0,3.33066907388e-16
1494527538091578974,1.38777878078e-17,0.0,0.0,0.0,0.0,3.33066907388e-16
1494527538141628328,1.38777878078e-17,0.0,0.0,0.0,0.0,3.33066907388e-16
1494527538196613808,1.38777878078e-17,0.0,0.0,0.0,0.0,3.33066907388e-16
1494527538242392846,1.38777878078e-17,0.0,0.0,0.0,0.0,3.33066907388e-16
